ISO-10303-21;
HEADER;
FILE_DESCRIPTION(('Open CASCADE Model'),'2;1');
FILE_NAME('Open CASCADE Shape Model','2026-10-06T19:14:17',('Author'),(
    'Open CASCADE'),'Open CASCADE STEP processor 7.9','Open CASCADE 7.9'
  ,'Unknown');
FILE_SCHEMA(('AUTOMOTIVE_DESIGN { 1 0 10303 214 1 1 1 1 }'));
ENDSEC;
DATA;
#1 = APPLICATION_PROTOCOL_DEFINITION('international standard',
  'automotive_design',2000,#2);
#2 = APPLICATION_CONTEXT(
  'core data for automotive mechanical design processes');
#3 = SHAPE_DEFINITION_REPRESENTATION(#4,#10);
#4 = PRODUCT_DEFINITION_SHAPE('','',#5);
#5 = PRODUCT_DEFINITION('design','',#6,#9);
#6 = PRODUCT_DEFINITION_FORMATION('','',#7);
#7 = PRODUCT('5ce9c7a2-c1a9-11f1-9b29-02fc00000001',
  '5ce9c7a2-c1a9-11f1-9b29-02fc00000001','',(#8));
#8 = PRODUCT_CONTEXT('',#2,'mechanical');
#9 = PRODUCT_DEFINITION_CONTEXT('part definition',#2,'design');
#10 = SHAPE_REPRESENTATION('',(#11,#15,#19,#23),#27);
#11 = AXIS2_PLACEMENT_3D('',#12,#13,#14);
#12 = CARTESIAN_POINT('',(0.,0.,0.));
#13 = DIRECTION('',(0.,0.,1.));
#14 = DIRECTION('',(1.,0.,-0.));
#15 = AXIS2_PLACEMENT_3D('',#16,#17,#18);
#16 = CARTESIAN_POINT('',(0.,0.,0.));
#17 = DIRECTION('',(0.,0.,1.));
#18 = DIRECTION('',(1.,0.,-0.));
#19 = AXIS2_PLACEMENT_3D('',#20,#21,#22);
#20 = CARTESIAN_POINT('',(0.,0.,0.));
#21 = DIRECTION('',(0.,0.,1.));
#22 = DIRECTION('',(1.,0.,-0.));
#23 = AXIS2_PLACEMENT_3D('',#24,#25,#26);
#24 = CARTESIAN_POINT('',(0.,0.,0.));
#25 = DIRECTION('',(0.,0.,1.));
#26 = DIRECTION('',(1.,0.,-0.));
#27 = ( GEOMETRIC_REPRESENTATION_CONTEXT(3) 
GLOBAL_UNCERTAINTY_ASSIGNED_CONTEXT((#31)) GLOBAL_UNIT_ASSIGNED_CONTEXT(
(#28,#29,#30)) REPRESENTATION_CONTEXT('Context #1',
  '3D Context with UNIT and UNCERTAINTY') );
#28 = ( LENGTH_UNIT() NAMED_UNIT(*) SI_UNIT(.MILLI.,.METRE.) );
#29 = ( NAMED_UNIT(*) PLANE_ANGLE_UNIT() SI_UNIT($,.RADIAN.) );
#30 = ( NAMED_UNIT(*) SI_UNIT($,.STERADIAN.) SOLID_ANGLE_UNIT() );
#31 = UNCERTAINTY_MEASURE_WITH_UNIT(LENGTH_MEASURE(5.E-07),#28,
  'distance_accuracy_value','confusion accuracy');
#32 = PRODUCT_RELATED_PRODUCT_CATEGORY('part',$,(#7));
#33 = SHAPE_DEFINITION_REPRESENTATION(#34,#40);
#34 = PRODUCT_DEFINITION_SHAPE('','',#35);
#35 = PRODUCT_DEFINITION('design','',#36,#39);
#36 = PRODUCT_DEFINITION_FORMATION('','',#37);
#37 = PRODUCT('modulo','modulo','',(#38));
#38 = PRODUCT_CONTEXT('',#2,'mechanical');
#39 = PRODUCT_DEFINITION_CONTEXT('part definition',#2,'design');
#40 = ADVANCED_BREP_SHAPE_REPRESENTATION('',(#11,#41),#4517);
#41 = MANIFOLD_SOLID_BREP('',#42);
#42 = CLOSED_SHELL('',(#43,#305,#1287,#1337,#1442,#1701,#1750,#1777,
    #1850,#1927,#2027,#2127,#2154,#2203,#2230,#2279,#2306,#2355,#2362,
    #2411,#2460,#2509,#2558,#2607,#2656,#2705,#2827,#2876,#2925,#2996,
    #3045,#3072,#3099,#3154,#3209,#3264,#3319,#3374,#3429,#3456,#3607,
    #3714,#3763,#3793,#3800,#3815,#3822,#3826,#3830,#3834,#3838,#3842,
    #3846,#3901,#3956,#4011,#4066,#4121,#4160,#4199,#4238,#4277,#4281,
    #4336,#4391,#4446,#4501,#4505,#4509,#4513));
#43 = ADVANCED_FACE('',(#44,#270),#58,.F.);
#44 = FACE_BOUND('',#45,.F.);
#45 = EDGE_LOOP('',(#46,#81,#109,#137,#165,#188,#216,#244));
#46 = ORIENTED_EDGE('',*,*,#47,.F.);
#47 = EDGE_CURVE('',#48,#50,#52,.T.);
#48 = VERTEX_POINT('',#49);
#49 = CARTESIAN_POINT('',(-35.,-30.94112549695,36.100505063388));
#50 = VERTEX_POINT('',#51);
#51 = CARTESIAN_POINT('',(-35.,-5.633773798288,61.407856762055));
#52 = SURFACE_CURVE('',#53,(#57,#69),.PCURVE_S1.);
#53 = LINE('',#54,#55);
#54 = CARTESIAN_POINT('',(-35.,-33.06244584051,33.979184719829));
#55 = VECTOR('',#56,1.);
#56 = DIRECTION('',(0.,0.707106781187,0.707106781187));
#57 = PCURVE('',#58,#63);
#58 = PLANE('',#59);
#59 = AXIS2_PLACEMENT_3D('',#60,#61,#62);
#60 = CARTESIAN_POINT('',(-35.,-21.04163056034,21.958369439657));
#61 = DIRECTION('',(1.,0.,0.));
#62 = DIRECTION('',(0.,-0.707106781187,0.707106781187));
#63 = DEFINITIONAL_REPRESENTATION('',(#64),#68);
#64 = LINE('',#65,#66);
#65 = CARTESIAN_POINT('',(17.,-1.7763568394E-15));
#66 = VECTOR('',#67,1.);
#67 = DIRECTION('',(0.,-1.));
#68 = ( GEOMETRIC_REPRESENTATION_CONTEXT(2) 
PARAMETRIC_REPRESENTATION_CONTEXT() REPRESENTATION_CONTEXT('2D SPACE',''
  ) );
#69 = PCURVE('',#70,#75);
#70 = PLANE('',#71);
#71 = AXIS2_PLACEMENT_3D('',#72,#73,#74);
#72 = CARTESIAN_POINT('',(-35.,-33.06244584051,33.979184719829));
#73 = DIRECTION('',(0.,-0.707106781187,0.707106781187));
#74 = DIRECTION('',(1.,0.,0.));
#75 = DEFINITIONAL_REPRESENTATION('',(#76),#80);
#76 = LINE('',#77,#78);
#77 = CARTESIAN_POINT('',(0.,0.));
#78 = VECTOR('',#79,1.);
#79 = DIRECTION('',(0.,1.));
#80 = ( GEOMETRIC_REPRESENTATION_CONTEXT(2) 
PARAMETRIC_REPRESENTATION_CONTEXT() REPRESENTATION_CONTEXT('2D SPACE',''
  ) );
#81 = ORIENTED_EDGE('',*,*,#82,.F.);
#82 = EDGE_CURVE('',#83,#48,#85,.T.);
#83 = VERTEX_POINT('',#84);
#84 = CARTESIAN_POINT('',(-35.,-18.92031021678,24.079689783217));
#85 = SURFACE_CURVE('',#86,(#90,#97),.PCURVE_S1.);
#86 = LINE('',#87,#88);
#87 = CARTESIAN_POINT('',(-35.,-18.92031021678,24.079689783217));
#88 = VECTOR('',#89,1.);
#89 = DIRECTION('',(0.,-0.707106781187,0.707106781187));
#90 = PCURVE('',#58,#91);
#91 = DEFINITIONAL_REPRESENTATION('',(#92),#96);
#92 = LINE('',#93,#94);
#93 = CARTESIAN_POINT('',(2.22044604925E-16,-3.));
#94 = VECTOR('',#95,1.);
#95 = DIRECTION('',(1.,0.));
#96 = ( GEOMETRIC_REPRESENTATION_CONTEXT(2) 
PARAMETRIC_REPRESENTATION_CONTEXT() REPRESENTATION_CONTEXT('2D SPACE',''
  ) );
#97 = PCURVE('',#98,#103);
#98 = CYLINDRICAL_SURFACE('',#99,3.);
#99 = AXIS2_PLACEMENT_3D('',#100,#101,#102);
#100 = CARTESIAN_POINT('',(-32.,-18.92031021678,24.079689783217));
#101 = DIRECTION('',(0.,-0.707106781187,0.707106781187));
#102 = DIRECTION('',(-1.,-0.,0.));
#103 = DEFINITIONAL_REPRESENTATION('',(#104),#108);
#104 = LINE('',#105,#106);
#105 = CARTESIAN_POINT('',(0.,0.));
#106 = VECTOR('',#107,1.);
#107 = DIRECTION('',(0.,1.));
#108 = ( GEOMETRIC_REPRESENTATION_CONTEXT(2) 
PARAMETRIC_REPRESENTATION_CONTEXT() REPRESENTATION_CONTEXT('2D SPACE',''
  ) );
#109 = ORIENTED_EDGE('',*,*,#110,.T.);
#110 = EDGE_CURVE('',#83,#111,#113,.T.);
#111 = VERTEX_POINT('',#112);
#112 = CARTESIAN_POINT('',(-35.,26.688077169749,69.688077169749));
#113 = SURFACE_CURVE('',#114,(#118,#125),.PCURVE_S1.);
#114 = LINE('',#115,#116);
#115 = CARTESIAN_POINT('',(-35.,-21.04163056034,21.958369439657));
#116 = VECTOR('',#117,1.);
#117 = DIRECTION('',(0.,0.707106781187,0.707106781187));
#118 = PCURVE('',#58,#119);
#119 = DEFINITIONAL_REPRESENTATION('',(#120),#124);
#120 = LINE('',#121,#122);
#121 = CARTESIAN_POINT('',(0.,0.));
#122 = VECTOR('',#123,1.);
#123 = DIRECTION('',(0.,-1.));
#124 = ( GEOMETRIC_REPRESENTATION_CONTEXT(2) 
PARAMETRIC_REPRESENTATION_CONTEXT() REPRESENTATION_CONTEXT('2D SPACE',''
  ) );
#125 = PCURVE('',#126,#131);
#126 = PLANE('',#127);
#127 = AXIS2_PLACEMENT_3D('',#128,#129,#130);
#128 = CARTESIAN_POINT('',(-35.,-21.04163056034,21.958369439657));
#129 = DIRECTION('',(0.,-0.707106781187,0.707106781187));
#130 = DIRECTION('',(1.,0.,0.));
#131 = DEFINITIONAL_REPRESENTATION('',(#132),#136);
#132 = LINE('',#133,#134);
#133 = CARTESIAN_POINT('',(0.,0.));
#134 = VECTOR('',#135,1.);
#135 = DIRECTION('',(0.,1.));
#136 = ( GEOMETRIC_REPRESENTATION_CONTEXT(2) 
PARAMETRIC_REPRESENTATION_CONTEXT() REPRESENTATION_CONTEXT('2D SPACE',''
  ) );
#137 = ORIENTED_EDGE('',*,*,#138,.T.);
#138 = EDGE_CURVE('',#111,#139,#141,.T.);
#139 = VERTEX_POINT('',#140);
#140 = CARTESIAN_POINT('',(-35.,14.667261889578,81.708892449921));
#141 = SURFACE_CURVE('',#142,(#146,#153),.PCURVE_S1.);
#142 = LINE('',#143,#144);
#143 = CARTESIAN_POINT('',(-35.,26.688077169749,69.688077169749));
#144 = VECTOR('',#145,1.);
#145 = DIRECTION('',(0.,-0.707106781187,0.707106781187));
#146 = PCURVE('',#58,#147);
#147 = DEFINITIONAL_REPRESENTATION('',(#148),#152);
#148 = LINE('',#149,#150);
#149 = CARTESIAN_POINT('',(-7.105427357601E-15,-67.5));
#150 = VECTOR('',#151,1.);
#151 = DIRECTION('',(1.,0.));
#152 = ( GEOMETRIC_REPRESENTATION_CONTEXT(2) 
PARAMETRIC_REPRESENTATION_CONTEXT() REPRESENTATION_CONTEXT('2D SPACE',''
  ) );
#153 = PCURVE('',#154,#159);
#154 = CYLINDRICAL_SURFACE('',#155,3.);
#155 = AXIS2_PLACEMENT_3D('',#156,#157,#158);
#156 = CARTESIAN_POINT('',(-32.,26.688077169749,69.688077169749));
#157 = DIRECTION('',(0.,-0.707106781187,0.707106781187));
#158 = DIRECTION('',(-1.,-0.,0.));
#159 = DEFINITIONAL_REPRESENTATION('',(#160),#164);
#160 = LINE('',#161,#162);
#161 = CARTESIAN_POINT('',(-0.,0.));
#162 = VECTOR('',#163,1.);
#163 = DIRECTION('',(-0.,1.));
#164 = ( GEOMETRIC_REPRESENTATION_CONTEXT(2) 
PARAMETRIC_REPRESENTATION_CONTEXT() REPRESENTATION_CONTEXT('2D SPACE',''
  ) );
#165 = ORIENTED_EDGE('',*,*,#166,.F.);
#166 = EDGE_CURVE('',#167,#139,#169,.T.);
#167 = VERTEX_POINT('',#168);
#168 = CARTESIAN_POINT('',(-35.,4.265721138324,71.307351698667));
#169 = SURFACE_CURVE('',#170,(#174,#181),.PCURVE_S1.);
#170 = LINE('',#171,#172);
#171 = CARTESIAN_POINT('',(-35.,-33.06244584051,33.979184719829));
#172 = VECTOR('',#173,1.);
#173 = DIRECTION('',(0.,0.707106781187,0.707106781187));
#174 = PCURVE('',#58,#175);
#175 = DEFINITIONAL_REPRESENTATION('',(#176),#180);
#176 = LINE('',#177,#178);
#177 = CARTESIAN_POINT('',(17.,-1.7763568394E-15));
#178 = VECTOR('',#179,1.);
#179 = DIRECTION('',(0.,-1.));
#180 = ( GEOMETRIC_REPRESENTATION_CONTEXT(2) 
PARAMETRIC_REPRESENTATION_CONTEXT() REPRESENTATION_CONTEXT('2D SPACE',''
  ) );
#181 = PCURVE('',#70,#182);
#182 = DEFINITIONAL_REPRESENTATION('',(#183),#187);
#183 = LINE('',#184,#185);
#184 = CARTESIAN_POINT('',(0.,0.));
#185 = VECTOR('',#186,1.);
#186 = DIRECTION('',(0.,1.));
#187 = ( GEOMETRIC_REPRESENTATION_CONTEXT(2) 
PARAMETRIC_REPRESENTATION_CONTEXT() REPRESENTATION_CONTEXT('2D SPACE',''
  ) );
#188 = ORIENTED_EDGE('',*,*,#189,.F.);
#189 = EDGE_CURVE('',#190,#167,#192,.T.);
#190 = VERTEX_POINT('',#191);
#191 = CARTESIAN_POINT('',(-35.,10.679179643686,64.893893193305));
#192 = SURFACE_CURVE('',#193,(#197,#204),.PCURVE_S1.);
#193 = LINE('',#194,#195);
#194 = CARTESIAN_POINT('',(-35.,13.482858031091,62.0902148059));
#195 = VECTOR('',#196,1.);
#196 = DIRECTION('',(0.,-0.707106781187,0.707106781187));
#197 = PCURVE('',#58,#198);
#198 = DEFINITIONAL_REPRESENTATION('',(#199),#203);
#199 = LINE('',#200,#201);
#200 = CARTESIAN_POINT('',(3.965,-52.79));
#201 = VECTOR('',#202,1.);
#202 = DIRECTION('',(1.,0.));
#203 = ( GEOMETRIC_REPRESENTATION_CONTEXT(2) 
PARAMETRIC_REPRESENTATION_CONTEXT() REPRESENTATION_CONTEXT('2D SPACE',''
  ) );
#204 = PCURVE('',#205,#210);
#205 = PLANE('',#206);
#206 = AXIS2_PLACEMENT_3D('',#207,#208,#209);
#207 = CARTESIAN_POINT('',(-36.,10.679179643686,64.893893193305));
#208 = DIRECTION('',(0.,0.707106781187,0.707106781187));
#209 = DIRECTION('',(0.,-0.707106781187,0.707106781187));
#210 = DEFINITIONAL_REPRESENTATION('',(#211),#215);
#211 = LINE('',#212,#213);
#212 = CARTESIAN_POINT('',(-3.965,1.));
#213 = VECTOR('',#214,1.);
#214 = DIRECTION('',(1.,0.));
#215 = ( GEOMETRIC_REPRESENTATION_CONTEXT(2) 
PARAMETRIC_REPRESENTATION_CONTEXT() REPRESENTATION_CONTEXT('2D SPACE',''
  ) );
#216 = ORIENTED_EDGE('',*,*,#217,.T.);
#217 = EDGE_CURVE('',#190,#218,#220,.T.);
#218 = VERTEX_POINT('',#219);
#219 = CARTESIAN_POINT('',(-35.,0.779684707074,54.994398256693));
#220 = SURFACE_CURVE('',#221,(#225,#232),.PCURVE_S1.);
#221 = LINE('',#222,#223);
#222 = CARTESIAN_POINT('',(-35.,-12.93465131403,41.28006223558));
#223 = VECTOR('',#224,1.);
#224 = DIRECTION('',(0.,-0.707106781187,-0.707106781187));
#225 = PCURVE('',#58,#226);
#226 = DEFINITIONAL_REPRESENTATION('',(#227),#231);
#227 = LINE('',#228,#229);
#228 = CARTESIAN_POINT('',(7.93,-19.395));
#229 = VECTOR('',#230,1.);
#230 = DIRECTION('',(0.,1.));
#231 = ( GEOMETRIC_REPRESENTATION_CONTEXT(2) 
PARAMETRIC_REPRESENTATION_CONTEXT() REPRESENTATION_CONTEXT('2D SPACE',''
  ) );
#232 = PCURVE('',#233,#238);
#233 = PLANE('',#234);
#234 = AXIS2_PLACEMENT_3D('',#235,#236,#237);
#235 = CARTESIAN_POINT('',(-36.,0.779684707074,54.994398256693));
#236 = DIRECTION('',(0.,-0.707106781187,0.707106781187));
#237 = DIRECTION('',(1.,0.,0.));
#238 = DEFINITIONAL_REPRESENTATION('',(#239),#243);
#239 = LINE('',#240,#241);
#240 = CARTESIAN_POINT('',(1.,-19.395));
#241 = VECTOR('',#242,1.);
#242 = DIRECTION('',(0.,-1.));
#243 = ( GEOMETRIC_REPRESENTATION_CONTEXT(2) 
PARAMETRIC_REPRESENTATION_CONTEXT() REPRESENTATION_CONTEXT('2D SPACE',''
  ) );
#244 = ORIENTED_EDGE('',*,*,#245,.T.);
#245 = EDGE_CURVE('',#218,#50,#246,.T.);
#246 = SURFACE_CURVE('',#247,(#251,#258),.PCURVE_S1.);
#247 = LINE('',#248,#249);
#248 = CARTESIAN_POINT('',(-35.,3.583363094479,52.190719869288));
#249 = VECTOR('',#250,1.);
#250 = DIRECTION('',(0.,-0.707106781187,0.707106781187));
#251 = PCURVE('',#58,#252);
#252 = DEFINITIONAL_REPRESENTATION('',(#253),#257);
#253 = LINE('',#254,#255);
#254 = CARTESIAN_POINT('',(3.965,-38.79));
#255 = VECTOR('',#256,1.);
#256 = DIRECTION('',(1.,0.));
#257 = ( GEOMETRIC_REPRESENTATION_CONTEXT(2) 
PARAMETRIC_REPRESENTATION_CONTEXT() REPRESENTATION_CONTEXT('2D SPACE',''
  ) );
#258 = PCURVE('',#259,#264);
#259 = PLANE('',#260);
#260 = AXIS2_PLACEMENT_3D('',#261,#262,#263);
#261 = CARTESIAN_POINT('',(-36.,0.779684707074,54.994398256693));
#262 = DIRECTION('',(0.,0.707106781187,0.707106781187));
#263 = DIRECTION('',(0.,-0.707106781187,0.707106781187));
#264 = DEFINITIONAL_REPRESENTATION('',(#265),#269);
#265 = LINE('',#266,#267);
#266 = CARTESIAN_POINT('',(-3.965,1.));
#267 = VECTOR('',#268,1.);
#268 = DIRECTION('',(1.,0.));
#269 = ( GEOMETRIC_REPRESENTATION_CONTEXT(2) 
PARAMETRIC_REPRESENTATION_CONTEXT() REPRESENTATION_CONTEXT('2D SPACE',''
  ) );
#270 = FACE_BOUND('',#271,.F.);
#271 = EDGE_LOOP('',(#272));
#272 = ORIENTED_EDGE('',*,*,#273,.T.);
#273 = EDGE_CURVE('',#274,#274,#276,.T.);
#274 = VERTEX_POINT('',#275);
#275 = CARTESIAN_POINT('',(-35.,-6.121677477306,40.555277784864));
#276 = SURFACE_CURVE('',#277,(#282,#293),.PCURVE_S1.);
#277 = CIRCLE('',#278,1.7);
#278 = AXIS2_PLACEMENT_3D('',#279,#280,#281);
#279 = CARTESIAN_POINT('',(-35.,-7.323759005324,39.353196256846));
#280 = DIRECTION('',(-1.,0.,0.));
#281 = DIRECTION('',(0.,0.707106781187,0.707106781187));
#282 = PCURVE('',#58,#283);
#283 = DEFINITIONAL_REPRESENTATION('',(#284),#292);
#284 = ( BOUNDED_CURVE() B_SPLINE_CURVE(2,(#285,#286,#287,#288,#289,#290
,#291),.UNSPECIFIED.,.T.,.F.) B_SPLINE_CURVE_WITH_KNOTS((1,2,2,2,2,1),(
    -2.094395102393,0.,2.094395102393,4.188790204786,6.28318530718,
8.377580409573),.UNSPECIFIED.) CURVE() GEOMETRIC_REPRESENTATION_ITEM() 
RATIONAL_B_SPLINE_CURVE((1.,0.5,1.,0.5,1.,0.5,1.)) REPRESENTATION_ITEM(
  '') );
#285 = CARTESIAN_POINT('',(2.6,-23.7));
#286 = CARTESIAN_POINT('',(-0.344486372867,-23.7));
#287 = CARTESIAN_POINT('',(1.127756813566,-21.15));
#288 = CARTESIAN_POINT('',(2.6,-18.6));
#289 = CARTESIAN_POINT('',(4.072243186434,-21.15));
#290 = CARTESIAN_POINT('',(5.544486372867,-23.7));
#291 = CARTESIAN_POINT('',(2.6,-23.7));
#292 = ( GEOMETRIC_REPRESENTATION_CONTEXT(2) 
PARAMETRIC_REPRESENTATION_CONTEXT() REPRESENTATION_CONTEXT('2D SPACE',''
  ) );
#293 = PCURVE('',#294,#299);
#294 = CYLINDRICAL_SURFACE('',#295,1.7);
#295 = AXIS2_PLACEMENT_3D('',#296,#297,#298);
#296 = CARTESIAN_POINT('',(-36.,-7.323759005324,39.353196256846));
#297 = DIRECTION('',(-1.,0.,-0.));
#298 = DIRECTION('',(0.,0.707106781187,0.707106781187));
#299 = DEFINITIONAL_REPRESENTATION('',(#300),#304);
#300 = LINE('',#301,#302);
#301 = CARTESIAN_POINT('',(-6.28318530718,-1.));
#302 = VECTOR('',#303,1.);
#303 = DIRECTION('',(1.,-0.));
#304 = ( GEOMETRIC_REPRESENTATION_CONTEXT(2) 
PARAMETRIC_REPRESENTATION_CONTEXT() REPRESENTATION_CONTEXT('2D SPACE',''
  ) );
#305 = ADVANCED_FACE('',(#306,#1077,#1112,#1147,#1182,#1217,#1252),#70,
  .T.);
#306 = FACE_BOUND('',#307,.T.);
#307 = EDGE_LOOP('',(#308,#309,#333,#361,#394,#422,#451,#479,#505,#506,
    #529,#557,#585,#613,#641,#669,#697,#725,#753,#781,#804,#832,#860,
    #888,#916,#944,#972,#1000,#1028,#1056));
#308 = ORIENTED_EDGE('',*,*,#47,.F.);
#309 = ORIENTED_EDGE('',*,*,#310,.T.);
#310 = EDGE_CURVE('',#48,#311,#313,.T.);
#311 = VERTEX_POINT('',#312);
#312 = CARTESIAN_POINT('',(-32.,-33.06244584051,33.979184719829));
#313 = SURFACE_CURVE('',#314,(#319,#326),.PCURVE_S1.);
#314 = CIRCLE('',#315,3.);
#315 = AXIS2_PLACEMENT_3D('',#316,#317,#318);
#316 = CARTESIAN_POINT('',(-32.,-30.94112549695,36.100505063388));
#317 = DIRECTION('',(0.,-0.707106781187,0.707106781187));
#318 = DIRECTION('',(0.,-0.707106781187,-0.707106781187));
#319 = PCURVE('',#70,#320);
#320 = DEFINITIONAL_REPRESENTATION('',(#321),#325);
#321 = CIRCLE('',#322,3.);
#322 = AXIS2_PLACEMENT_2D('',#323,#324);
#323 = CARTESIAN_POINT('',(3.,3.));
#324 = DIRECTION('',(0.,-1.));
#325 = ( GEOMETRIC_REPRESENTATION_CONTEXT(2) 
PARAMETRIC_REPRESENTATION_CONTEXT() REPRESENTATION_CONTEXT('2D SPACE',''
  ) );
#326 = PCURVE('',#98,#327);
#327 = DEFINITIONAL_REPRESENTATION('',(#328),#332);
#328 = LINE('',#329,#330);
#329 = CARTESIAN_POINT('',(-4.712388980385,17.));
#330 = VECTOR('',#331,1.);
#331 = DIRECTION('',(1.,0.));
#332 = ( GEOMETRIC_REPRESENTATION_CONTEXT(2) 
PARAMETRIC_REPRESENTATION_CONTEXT() REPRESENTATION_CONTEXT('2D SPACE',''
  ) );
#333 = ORIENTED_EDGE('',*,*,#334,.T.);
#334 = EDGE_CURVE('',#311,#335,#337,.T.);
#335 = VERTEX_POINT('',#336);
#336 = CARTESIAN_POINT('',(32.,-33.06244584051,33.979184719829));
#337 = SURFACE_CURVE('',#338,(#342,#349),.PCURVE_S1.);
#338 = LINE('',#339,#340);
#339 = CARTESIAN_POINT('',(-35.,-33.06244584051,33.979184719829));
#340 = VECTOR('',#341,1.);
#341 = DIRECTION('',(1.,0.,0.));
#342 = PCURVE('',#70,#343);
#343 = DEFINITIONAL_REPRESENTATION('',(#344),#348);
#344 = LINE('',#345,#346);
#345 = CARTESIAN_POINT('',(0.,0.));
#346 = VECTOR('',#347,1.);
#347 = DIRECTION('',(1.,0.));
#348 = ( GEOMETRIC_REPRESENTATION_CONTEXT(2) 
PARAMETRIC_REPRESENTATION_CONTEXT() REPRESENTATION_CONTEXT('2D SPACE',''
  ) );
#349 = PCURVE('',#350,#355);
#350 = PLANE('',#351);
#351 = AXIS2_PLACEMENT_3D('',#352,#353,#354);
#352 = CARTESIAN_POINT('',(-35.,-21.04163056034,21.958369439657));
#353 = DIRECTION('',(0.,0.707106781187,0.707106781187));
#354 = DIRECTION('',(0.,-0.707106781187,0.707106781187));
#355 = DEFINITIONAL_REPRESENTATION('',(#356),#360);
#356 = LINE('',#357,#358);
#357 = CARTESIAN_POINT('',(17.,0.));
#358 = VECTOR('',#359,1.);
#359 = DIRECTION('',(0.,1.));
#360 = ( GEOMETRIC_REPRESENTATION_CONTEXT(2) 
PARAMETRIC_REPRESENTATION_CONTEXT() REPRESENTATION_CONTEXT('2D SPACE',''
  ) );
#361 = ORIENTED_EDGE('',*,*,#362,.F.);
#362 = EDGE_CURVE('',#363,#335,#365,.T.);
#363 = VERTEX_POINT('',#364);
#364 = CARTESIAN_POINT('',(35.,-30.94112549695,36.100505063388));
#365 = SURFACE_CURVE('',#366,(#371,#382),.PCURVE_S1.);
#366 = CIRCLE('',#367,3.);
#367 = AXIS2_PLACEMENT_3D('',#368,#369,#370);
#368 = CARTESIAN_POINT('',(32.,-30.94112549695,36.100505063388));
#369 = DIRECTION('',(0.,0.707106781187,-0.707106781187));
#370 = DIRECTION('',(0.,-0.707106781187,-0.707106781187));
#371 = PCURVE('',#70,#372);
#372 = DEFINITIONAL_REPRESENTATION('',(#373),#381);
#373 = ( BOUNDED_CURVE() B_SPLINE_CURVE(2,(#374,#375,#376,#377,#378,#379
,#380),.UNSPECIFIED.,.T.,.F.) B_SPLINE_CURVE_WITH_KNOTS((1,2,2,2,2,1),(
    -2.094395102393,0.,2.094395102393,4.188790204786,6.28318530718,
8.377580409573),.UNSPECIFIED.) CURVE() GEOMETRIC_REPRESENTATION_ITEM() 
RATIONAL_B_SPLINE_CURVE((1.,0.5,1.,0.5,1.,0.5,1.)) REPRESENTATION_ITEM(
  '') );
#374 = CARTESIAN_POINT('',(67.,-5.329070518201E-15));
#375 = CARTESIAN_POINT('',(61.803847577293,-5.329070518201E-15));
#376 = CARTESIAN_POINT('',(64.401923788647,4.5));
#377 = CARTESIAN_POINT('',(67.,9.));
#378 = CARTESIAN_POINT('',(69.598076211353,4.5));
#379 = CARTESIAN_POINT('',(72.196152422707,-4.440892098501E-16));
#380 = CARTESIAN_POINT('',(67.,-5.329070518201E-15));
#381 = ( GEOMETRIC_REPRESENTATION_CONTEXT(2) 
PARAMETRIC_REPRESENTATION_CONTEXT() REPRESENTATION_CONTEXT('2D SPACE',''
  ) );
#382 = PCURVE('',#383,#388);
#383 = CYLINDRICAL_SURFACE('',#384,3.);
#384 = AXIS2_PLACEMENT_3D('',#385,#386,#387);
#385 = CARTESIAN_POINT('',(32.,-18.92031021678,24.079689783217));
#386 = DIRECTION('',(0.,-0.707106781187,0.707106781187));
#387 = DIRECTION('',(1.,0.,0.));
#388 = DEFINITIONAL_REPRESENTATION('',(#389),#393);
#389 = LINE('',#390,#391);
#390 = CARTESIAN_POINT('',(4.712388980385,17.));
#391 = VECTOR('',#392,1.);
#392 = DIRECTION('',(-1.,0.));
#393 = ( GEOMETRIC_REPRESENTATION_CONTEXT(2) 
PARAMETRIC_REPRESENTATION_CONTEXT() REPRESENTATION_CONTEXT('2D SPACE',''
  ) );
#394 = ORIENTED_EDGE('',*,*,#395,.T.);
#395 = EDGE_CURVE('',#363,#396,#398,.T.);
#396 = VERTEX_POINT('',#397);
#397 = CARTESIAN_POINT('',(35.,14.667261889578,81.708892449921));
#398 = SURFACE_CURVE('',#399,(#403,#410),.PCURVE_S1.);
#399 = LINE('',#400,#401);
#400 = CARTESIAN_POINT('',(35.,-33.06244584051,33.979184719829));
#401 = VECTOR('',#402,1.);
#402 = DIRECTION('',(0.,0.707106781187,0.707106781187));
#403 = PCURVE('',#70,#404);
#404 = DEFINITIONAL_REPRESENTATION('',(#405),#409);
#405 = LINE('',#406,#407);
#406 = CARTESIAN_POINT('',(70.,0.));
#407 = VECTOR('',#408,1.);
#408 = DIRECTION('',(0.,1.));
#409 = ( GEOMETRIC_REPRESENTATION_CONTEXT(2) 
PARAMETRIC_REPRESENTATION_CONTEXT() REPRESENTATION_CONTEXT('2D SPACE',''
  ) );
#410 = PCURVE('',#411,#416);
#411 = PLANE('',#412);
#412 = AXIS2_PLACEMENT_3D('',#413,#414,#415);
#413 = CARTESIAN_POINT('',(35.,-21.04163056034,21.958369439657));
#414 = DIRECTION('',(1.,0.,0.));
#415 = DIRECTION('',(0.,-0.707106781187,0.707106781187));
#416 = DEFINITIONAL_REPRESENTATION('',(#417),#421);
#417 = LINE('',#418,#419);
#418 = CARTESIAN_POINT('',(17.,-1.7763568394E-15));
#419 = VECTOR('',#420,1.);
#420 = DIRECTION('',(0.,-1.));
#421 = ( GEOMETRIC_REPRESENTATION_CONTEXT(2) 
PARAMETRIC_REPRESENTATION_CONTEXT() REPRESENTATION_CONTEXT('2D SPACE',''
  ) );
#422 = ORIENTED_EDGE('',*,*,#423,.T.);
#423 = EDGE_CURVE('',#396,#424,#426,.T.);
#424 = VERTEX_POINT('',#425);
#425 = CARTESIAN_POINT('',(32.,16.788582233138,83.83021279348));
#426 = SURFACE_CURVE('',#427,(#432,#439),.PCURVE_S1.);
#427 = CIRCLE('',#428,3.);
#428 = AXIS2_PLACEMENT_3D('',#429,#430,#431);
#429 = CARTESIAN_POINT('',(32.,14.667261889578,81.708892449921));
#430 = DIRECTION('',(0.,-0.707106781187,0.707106781187));
#431 = DIRECTION('',(0.,-0.707106781187,-0.707106781187));
#432 = PCURVE('',#70,#433);
#433 = DEFINITIONAL_REPRESENTATION('',(#434),#438);
#434 = CIRCLE('',#435,3.);
#435 = AXIS2_PLACEMENT_2D('',#436,#437);
#436 = CARTESIAN_POINT('',(67.,67.5));
#437 = DIRECTION('',(0.,-1.));
#438 = ( GEOMETRIC_REPRESENTATION_CONTEXT(2) 
PARAMETRIC_REPRESENTATION_CONTEXT() REPRESENTATION_CONTEXT('2D SPACE',''
  ) );
#439 = PCURVE('',#440,#445);
#440 = CYLINDRICAL_SURFACE('',#441,3.);
#441 = AXIS2_PLACEMENT_3D('',#442,#443,#444);
#442 = CARTESIAN_POINT('',(32.,26.688077169749,69.688077169749));
#443 = DIRECTION('',(0.,-0.707106781187,0.707106781187));
#444 = DIRECTION('',(1.,0.,0.));
#445 = DEFINITIONAL_REPRESENTATION('',(#446),#450);
#446 = LINE('',#447,#448);
#447 = CARTESIAN_POINT('',(-1.570796326795,17.));
#448 = VECTOR('',#449,1.);
#449 = DIRECTION('',(1.,0.));
#450 = ( GEOMETRIC_REPRESENTATION_CONTEXT(2) 
PARAMETRIC_REPRESENTATION_CONTEXT() REPRESENTATION_CONTEXT('2D SPACE',''
  ) );
#451 = ORIENTED_EDGE('',*,*,#452,.F.);
#452 = EDGE_CURVE('',#453,#424,#455,.T.);
#453 = VERTEX_POINT('',#454);
#454 = CARTESIAN_POINT('',(-32.,16.788582233138,83.83021279348));
#455 = SURFACE_CURVE('',#456,(#460,#467),.PCURVE_S1.);
#456 = LINE('',#457,#458);
#457 = CARTESIAN_POINT('',(-35.,16.788582233138,83.83021279348));
#458 = VECTOR('',#459,1.);
#459 = DIRECTION('',(1.,0.,0.));
#460 = PCURVE('',#70,#461);
#461 = DEFINITIONAL_REPRESENTATION('',(#462),#466);
#462 = LINE('',#463,#464);
#463 = CARTESIAN_POINT('',(0.,70.5));
#464 = VECTOR('',#465,1.);
#465 = DIRECTION('',(1.,0.));
#466 = ( GEOMETRIC_REPRESENTATION_CONTEXT(2) 
PARAMETRIC_REPRESENTATION_CONTEXT() REPRESENTATION_CONTEXT('2D SPACE',''
  ) );
#467 = PCURVE('',#468,#473);
#468 = PLANE('',#469);
#469 = AXIS2_PLACEMENT_3D('',#470,#471,#472);
#470 = CARTESIAN_POINT('',(-35.,28.809397513309,71.809397513309));
#471 = DIRECTION('',(0.,0.707106781187,0.707106781187));
#472 = DIRECTION('',(0.,-0.707106781187,0.707106781187));
#473 = DEFINITIONAL_REPRESENTATION('',(#474),#478);
#474 = LINE('',#475,#476);
#475 = CARTESIAN_POINT('',(17.,0.));
#476 = VECTOR('',#477,1.);
#477 = DIRECTION('',(0.,1.));
#478 = ( GEOMETRIC_REPRESENTATION_CONTEXT(2) 
PARAMETRIC_REPRESENTATION_CONTEXT() REPRESENTATION_CONTEXT('2D SPACE',''
  ) );
#479 = ORIENTED_EDGE('',*,*,#480,.F.);
#480 = EDGE_CURVE('',#139,#453,#481,.T.);
#481 = SURFACE_CURVE('',#482,(#487,#498),.PCURVE_S1.);
#482 = CIRCLE('',#483,3.);
#483 = AXIS2_PLACEMENT_3D('',#484,#485,#486);
#484 = CARTESIAN_POINT('',(-32.,14.667261889578,81.708892449921));
#485 = DIRECTION('',(0.,0.707106781187,-0.707106781187));
#486 = DIRECTION('',(0.,-0.707106781187,-0.707106781187));
#487 = PCURVE('',#70,#488);
#488 = DEFINITIONAL_REPRESENTATION('',(#489),#497);
#489 = ( BOUNDED_CURVE() B_SPLINE_CURVE(2,(#490,#491,#492,#493,#494,#495
,#496),.UNSPECIFIED.,.T.,.F.) B_SPLINE_CURVE_WITH_KNOTS((1,2,2,2,2,1),(
    -2.094395102393,0.,2.094395102393,4.188790204786,6.28318530718,
8.377580409573),.UNSPECIFIED.) CURVE() GEOMETRIC_REPRESENTATION_ITEM() 
RATIONAL_B_SPLINE_CURVE((1.,0.5,1.,0.5,1.,0.5,1.)) REPRESENTATION_ITEM(
  '') );
#490 = CARTESIAN_POINT('',(3.,64.5));
#491 = CARTESIAN_POINT('',(-2.196152422707,64.5));
#492 = CARTESIAN_POINT('',(0.401923788647,69.));
#493 = CARTESIAN_POINT('',(3.,73.5));
#494 = CARTESIAN_POINT('',(5.598076211353,69.));
#495 = CARTESIAN_POINT('',(8.196152422707,64.5));
#496 = CARTESIAN_POINT('',(3.,64.5));
#497 = ( GEOMETRIC_REPRESENTATION_CONTEXT(2) 
PARAMETRIC_REPRESENTATION_CONTEXT() REPRESENTATION_CONTEXT('2D SPACE',''
  ) );
#498 = PCURVE('',#154,#499);
#499 = DEFINITIONAL_REPRESENTATION('',(#500),#504);
#500 = LINE('',#501,#502);
#501 = CARTESIAN_POINT('',(1.570796326795,17.));
#502 = VECTOR('',#503,1.);
#503 = DIRECTION('',(-1.,0.));
#504 = ( GEOMETRIC_REPRESENTATION_CONTEXT(2) 
PARAMETRIC_REPRESENTATION_CONTEXT() REPRESENTATION_CONTEXT('2D SPACE',''
  ) );
#505 = ORIENTED_EDGE('',*,*,#166,.F.);
#506 = ORIENTED_EDGE('',*,*,#507,.F.);
#507 = EDGE_CURVE('',#508,#167,#510,.T.);
#508 = VERTEX_POINT('',#509);
#509 = CARTESIAN_POINT('',(-32.5,4.265721138324,71.307351698667));
#510 = SURFACE_CURVE('',#511,(#515,#522),.PCURVE_S1.);
#511 = LINE('',#512,#513);
#512 = CARTESIAN_POINT('',(-35.5,4.265721138324,71.307351698667));
#513 = VECTOR('',#514,1.);
#514 = DIRECTION('',(-1.,0.,0.));
#515 = PCURVE('',#70,#516);
#516 = DEFINITIONAL_REPRESENTATION('',(#517),#521);
#517 = LINE('',#518,#519);
#518 = CARTESIAN_POINT('',(-0.5,52.79));
#519 = VECTOR('',#520,1.);
#520 = DIRECTION('',(-1.,0.));
#521 = ( GEOMETRIC_REPRESENTATION_CONTEXT(2) 
PARAMETRIC_REPRESENTATION_CONTEXT() REPRESENTATION_CONTEXT('2D SPACE',''
  ) );
#522 = PCURVE('',#205,#523);
#523 = DEFINITIONAL_REPRESENTATION('',(#524),#528);
#524 = LINE('',#525,#526);
#525 = CARTESIAN_POINT('',(9.07,0.5));
#526 = VECTOR('',#527,1.);
#527 = DIRECTION('',(0.,-1.));
#528 = ( GEOMETRIC_REPRESENTATION_CONTEXT(2) 
PARAMETRIC_REPRESENTATION_CONTEXT() REPRESENTATION_CONTEXT('2D SPACE',''
  ) );
#529 = ORIENTED_EDGE('',*,*,#530,.T.);
#530 = EDGE_CURVE('',#508,#531,#533,.T.);
#531 = VERTEX_POINT('',#532);
#532 = CARTESIAN_POINT('',(-32.5,13.253048327205,80.294678887548));
#533 = SURFACE_CURVE('',#534,(#538,#545),.PCURVE_S1.);
#534 = LINE('',#535,#536);
#535 = CARTESIAN_POINT('',(-32.5,-31.29467888754,35.746951672795));
#536 = VECTOR('',#537,1.);
#537 = DIRECTION('',(0.,0.707106781187,0.707106781187));
#538 = PCURVE('',#70,#539);
#539 = DEFINITIONAL_REPRESENTATION('',(#540),#544);
#540 = LINE('',#541,#542);
#541 = CARTESIAN_POINT('',(2.5,2.5));
#542 = VECTOR('',#543,1.);
#543 = DIRECTION('',(0.,1.));
#544 = ( GEOMETRIC_REPRESENTATION_CONTEXT(2) 
PARAMETRIC_REPRESENTATION_CONTEXT() REPRESENTATION_CONTEXT('2D SPACE',''
  ) );
#545 = PCURVE('',#546,#551);
#546 = PLANE('',#547);
#547 = AXIS2_PLACEMENT_3D('',#548,#549,#550);
#548 = CARTESIAN_POINT('',(-32.5,-23.65792565073,28.11019843598));
#549 = DIRECTION('',(1.,0.,0.));
#550 = DIRECTION('',(0.,-0.707106781187,0.707106781187));
#551 = DEFINITIONAL_REPRESENTATION('',(#552),#556);
#552 = LINE('',#553,#554);
#553 = CARTESIAN_POINT('',(10.8,8.881784197001E-16));
#554 = VECTOR('',#555,1.);
#555 = DIRECTION('',(0.,-1.));
#556 = ( GEOMETRIC_REPRESENTATION_CONTEXT(2) 
PARAMETRIC_REPRESENTATION_CONTEXT() REPRESENTATION_CONTEXT('2D SPACE',''
  ) );
#557 = ORIENTED_EDGE('',*,*,#558,.F.);
#558 = EDGE_CURVE('',#559,#531,#561,.T.);
#559 = VERTEX_POINT('',#560);
#560 = CARTESIAN_POINT('',(-0.5,13.253048327205,80.294678887548));
#561 = SURFACE_CURVE('',#562,(#566,#573),.PCURVE_S1.);
#562 = LINE('',#563,#564);
#563 = CARTESIAN_POINT('',(-33.75,13.253048327205,80.294678887548));
#564 = VECTOR('',#565,1.);
#565 = DIRECTION('',(-1.,0.,0.));
#566 = PCURVE('',#70,#567);
#567 = DEFINITIONAL_REPRESENTATION('',(#568),#572);
#568 = LINE('',#569,#570);
#569 = CARTESIAN_POINT('',(1.25,65.5));
#570 = VECTOR('',#571,1.);
#571 = DIRECTION('',(-1.,0.));
#572 = ( GEOMETRIC_REPRESENTATION_CONTEXT(2) 
PARAMETRIC_REPRESENTATION_CONTEXT() REPRESENTATION_CONTEXT('2D SPACE',''
  ) );
#573 = PCURVE('',#574,#579);
#574 = PLANE('',#575);
#575 = AXIS2_PLACEMENT_3D('',#576,#577,#578);
#576 = CARTESIAN_POINT('',(-32.5,18.273506473629,75.274220741123));
#577 = DIRECTION('',(0.,0.707106781187,0.707106781187));
#578 = DIRECTION('',(0.,-0.707106781187,0.707106781187));
#579 = DEFINITIONAL_REPRESENTATION('',(#580),#584);
#580 = LINE('',#581,#582);
#581 = CARTESIAN_POINT('',(7.1,-1.25));
#582 = VECTOR('',#583,1.);
#583 = DIRECTION('',(0.,-1.));
#584 = ( GEOMETRIC_REPRESENTATION_CONTEXT(2) 
PARAMETRIC_REPRESENTATION_CONTEXT() REPRESENTATION_CONTEXT('2D SPACE',''
  ) );
#585 = ORIENTED_EDGE('',*,*,#586,.F.);
#586 = EDGE_CURVE('',#587,#559,#589,.T.);
#587 = VERTEX_POINT('',#588);
#588 = CARTESIAN_POINT('',(-0.5,-13.19274528917,53.848885271171));
#589 = SURFACE_CURVE('',#590,(#594,#601),.PCURVE_S1.);
#590 = LINE('',#591,#592);
#591 = CARTESIAN_POINT('',(-0.5,-23.13466663265,43.906963927688));
#592 = VECTOR('',#593,1.);
#593 = DIRECTION('',(0.,0.707106781187,0.707106781187));
#594 = PCURVE('',#70,#595);
#595 = DEFINITIONAL_REPRESENTATION('',(#596),#600);
#596 = LINE('',#597,#598);
#597 = CARTESIAN_POINT('',(34.5,14.04));
#598 = VECTOR('',#599,1.);
#599 = DIRECTION('',(0.,1.));
#600 = ( GEOMETRIC_REPRESENTATION_CONTEXT(2) 
PARAMETRIC_REPRESENTATION_CONTEXT() REPRESENTATION_CONTEXT('2D SPACE',''
  ) );
#601 = PCURVE('',#602,#607);
#602 = PLANE('',#603);
#603 = AXIS2_PLACEMENT_3D('',#604,#605,#606);
#604 = CARTESIAN_POINT('',(-0.5,-8.186429278371,48.814284989122));
#605 = DIRECTION('',(1.,0.,0.));
#606 = DIRECTION('',(0.,-0.707106781187,0.707106781187));
#607 = DEFINITIONAL_REPRESENTATION('',(#608),#612);
#608 = LINE('',#609,#610);
#609 = CARTESIAN_POINT('',(7.1,14.04));
#610 = VECTOR('',#611,1.);
#611 = DIRECTION('',(0.,-1.));
#612 = ( GEOMETRIC_REPRESENTATION_CONTEXT(2) 
PARAMETRIC_REPRESENTATION_CONTEXT() REPRESENTATION_CONTEXT('2D SPACE',''
  ) );
#613 = ORIENTED_EDGE('',*,*,#614,.F.);
#614 = EDGE_CURVE('',#615,#587,#617,.T.);
#615 = VERTEX_POINT('',#616);
#616 = CARTESIAN_POINT('',(11.,-13.19274528917,53.848885271171));
#617 = SURFACE_CURVE('',#618,(#622,#629),.PCURVE_S1.);
#618 = LINE('',#619,#620);
#619 = CARTESIAN_POINT('',(-33.75,-13.19274528917,53.848885271171));
#620 = VECTOR('',#621,1.);
#621 = DIRECTION('',(-1.,0.,0.));
#622 = PCURVE('',#70,#623);
#623 = DEFINITIONAL_REPRESENTATION('',(#624),#628);
#624 = LINE('',#625,#626);
#625 = CARTESIAN_POINT('',(1.25,28.1));
#626 = VECTOR('',#627,1.);
#627 = DIRECTION('',(-1.,0.));
#628 = ( GEOMETRIC_REPRESENTATION_CONTEXT(2) 
PARAMETRIC_REPRESENTATION_CONTEXT() REPRESENTATION_CONTEXT('2D SPACE',''
  ) );
#629 = PCURVE('',#630,#635);
#630 = PLANE('',#631);
#631 = AXIS2_PLACEMENT_3D('',#632,#633,#634);
#632 = CARTESIAN_POINT('',(-32.5,-5.555992052357,46.212132034356));
#633 = DIRECTION('',(0.,0.707106781187,0.707106781187));
#634 = DIRECTION('',(0.,-0.707106781187,0.707106781187));
#635 = DEFINITIONAL_REPRESENTATION('',(#636),#640);
#636 = LINE('',#637,#638);
#637 = CARTESIAN_POINT('',(10.8,-1.25));
#638 = VECTOR('',#639,1.);
#639 = DIRECTION('',(0.,-1.));
#640 = ( GEOMETRIC_REPRESENTATION_CONTEXT(2) 
PARAMETRIC_REPRESENTATION_CONTEXT() REPRESENTATION_CONTEXT('2D SPACE',''
  ) );
#641 = ORIENTED_EDGE('',*,*,#642,.T.);
#642 = EDGE_CURVE('',#615,#643,#645,.T.);
#643 = VERTEX_POINT('',#644);
#644 = CARTESIAN_POINT('',(11.,-12.20279579551,54.838834764832));
#645 = SURFACE_CURVE('',#646,(#650,#657),.PCURVE_S1.);
#646 = LINE('',#647,#648);
#647 = CARTESIAN_POINT('',(11.,-23.1629509039,43.87867965644));
#648 = VECTOR('',#649,1.);
#649 = DIRECTION('',(0.,0.707106781187,0.707106781187));
#650 = PCURVE('',#70,#651);
#651 = DEFINITIONAL_REPRESENTATION('',(#652),#656);
#652 = LINE('',#653,#654);
#653 = CARTESIAN_POINT('',(46.,14.));
#654 = VECTOR('',#655,1.);
#655 = DIRECTION('',(0.,1.));
#656 = ( GEOMETRIC_REPRESENTATION_CONTEXT(2) 
PARAMETRIC_REPRESENTATION_CONTEXT() REPRESENTATION_CONTEXT('2D SPACE',''
  ) );
#657 = PCURVE('',#658,#663);
#658 = PLANE('',#659);
#659 = AXIS2_PLACEMENT_3D('',#660,#661,#662);
#660 = CARTESIAN_POINT('',(11.,-5.626702730476,46.141421356237));
#661 = DIRECTION('',(1.,0.,0.));
#662 = DIRECTION('',(0.,-0.707106781187,0.707106781187));
#663 = DEFINITIONAL_REPRESENTATION('',(#664),#668);
#664 = LINE('',#665,#666);
#665 = CARTESIAN_POINT('',(10.8,14.));
#666 = VECTOR('',#667,1.);
#667 = DIRECTION('',(0.,-1.));
#668 = ( GEOMETRIC_REPRESENTATION_CONTEXT(2) 
PARAMETRIC_REPRESENTATION_CONTEXT() REPRESENTATION_CONTEXT('2D SPACE',''
  ) );
#669 = ORIENTED_EDGE('',*,*,#670,.T.);
#670 = EDGE_CURVE('',#643,#671,#673,.T.);
#671 = VERTEX_POINT('',#672);
#672 = CARTESIAN_POINT('',(5.,-12.20279579551,54.838834764832));
#673 = SURFACE_CURVE('',#674,(#678,#685),.PCURVE_S1.);
#674 = LINE('',#675,#676);
#675 = CARTESIAN_POINT('',(-15.,-12.20279579551,54.838834764832));
#676 = VECTOR('',#677,1.);
#677 = DIRECTION('',(-1.,0.,0.));
#678 = PCURVE('',#70,#679);
#679 = DEFINITIONAL_REPRESENTATION('',(#680),#684);
#680 = LINE('',#681,#682);
#681 = CARTESIAN_POINT('',(20.,29.5));
#682 = VECTOR('',#683,1.);
#683 = DIRECTION('',(-1.,0.));
#684 = ( GEOMETRIC_REPRESENTATION_CONTEXT(2) 
PARAMETRIC_REPRESENTATION_CONTEXT() REPRESENTATION_CONTEXT('2D SPACE',''
  ) );
#685 = PCURVE('',#686,#691);
#686 = PLANE('',#687);
#687 = AXIS2_PLACEMENT_3D('',#688,#689,#690);
#688 = CARTESIAN_POINT('',(5.,-1.242640687119,43.87867965644));
#689 = DIRECTION('',(0.,0.707106781187,0.707106781187));
#690 = DIRECTION('',(0.,-0.707106781187,0.707106781187));
#691 = DEFINITIONAL_REPRESENTATION('',(#692),#696);
#692 = LINE('',#693,#694);
#693 = CARTESIAN_POINT('',(15.5,-20.));
#694 = VECTOR('',#695,1.);
#695 = DIRECTION('',(0.,-1.));
#696 = ( GEOMETRIC_REPRESENTATION_CONTEXT(2) 
PARAMETRIC_REPRESENTATION_CONTEXT() REPRESENTATION_CONTEXT('2D SPACE',''
  ) );
#697 = ORIENTED_EDGE('',*,*,#698,.T.);
#698 = EDGE_CURVE('',#671,#699,#701,.T.);
#699 = VERTEX_POINT('',#700);
#700 = CARTESIAN_POINT('',(5.,13.253048327205,80.294678887548));
#701 = SURFACE_CURVE('',#702,(#706,#713),.PCURVE_S1.);
#702 = LINE('',#703,#704);
#703 = CARTESIAN_POINT('',(5.,-22.63262081801,44.40900974233));
#704 = VECTOR('',#705,1.);
#705 = DIRECTION('',(0.,0.707106781187,0.707106781187));
#706 = PCURVE('',#70,#707);
#707 = DEFINITIONAL_REPRESENTATION('',(#708),#712);
#708 = LINE('',#709,#710);
#709 = CARTESIAN_POINT('',(40.,14.75));
#710 = VECTOR('',#711,1.);
#711 = DIRECTION('',(0.,1.));
#712 = ( GEOMETRIC_REPRESENTATION_CONTEXT(2) 
PARAMETRIC_REPRESENTATION_CONTEXT() REPRESENTATION_CONTEXT('2D SPACE',''
  ) );
#713 = PCURVE('',#714,#719);
#714 = PLANE('',#715);
#715 = AXIS2_PLACEMENT_3D('',#716,#717,#718);
#716 = CARTESIAN_POINT('',(5.,-1.242640687119,43.87867965644));
#717 = DIRECTION('',(1.,0.,0.));
#718 = DIRECTION('',(0.,-0.707106781187,0.707106781187));
#719 = DEFINITIONAL_REPRESENTATION('',(#720),#724);
#720 = LINE('',#721,#722);
#721 = CARTESIAN_POINT('',(15.5,14.75));
#722 = VECTOR('',#723,1.);
#723 = DIRECTION('',(0.,-1.));
#724 = ( GEOMETRIC_REPRESENTATION_CONTEXT(2) 
PARAMETRIC_REPRESENTATION_CONTEXT() REPRESENTATION_CONTEXT('2D SPACE',''
  ) );
#725 = ORIENTED_EDGE('',*,*,#726,.F.);
#726 = EDGE_CURVE('',#727,#699,#729,.T.);
#727 = VERTEX_POINT('',#728);
#728 = CARTESIAN_POINT('',(32.,13.253048327205,80.294678887548));
#729 = SURFACE_CURVE('',#730,(#734,#741),.PCURVE_S1.);
#730 = LINE('',#731,#732);
#731 = CARTESIAN_POINT('',(-15.,13.253048327205,80.294678887548));
#732 = VECTOR('',#733,1.);
#733 = DIRECTION('',(-1.,0.,0.));
#734 = PCURVE('',#70,#735);
#735 = DEFINITIONAL_REPRESENTATION('',(#736),#740);
#736 = LINE('',#737,#738);
#737 = CARTESIAN_POINT('',(20.,65.5));
#738 = VECTOR('',#739,1.);
#739 = DIRECTION('',(-1.,0.));
#740 = ( GEOMETRIC_REPRESENTATION_CONTEXT(2) 
PARAMETRIC_REPRESENTATION_CONTEXT() REPRESENTATION_CONTEXT('2D SPACE',''
  ) );
#741 = PCURVE('',#742,#747);
#742 = PLANE('',#743);
#743 = AXIS2_PLACEMENT_3D('',#744,#745,#746);
#744 = CARTESIAN_POINT('',(5.,24.213203435596,69.334523779156));
#745 = DIRECTION('',(0.,0.707106781187,0.707106781187));
#746 = DIRECTION('',(0.,-0.707106781187,0.707106781187));
#747 = DEFINITIONAL_REPRESENTATION('',(#748),#752);
#748 = LINE('',#749,#750);
#749 = CARTESIAN_POINT('',(15.5,-20.));
#750 = VECTOR('',#751,1.);
#751 = DIRECTION('',(0.,-1.));
#752 = ( GEOMETRIC_REPRESENTATION_CONTEXT(2) 
PARAMETRIC_REPRESENTATION_CONTEXT() REPRESENTATION_CONTEXT('2D SPACE',''
  ) );
#753 = ORIENTED_EDGE('',*,*,#754,.F.);
#754 = EDGE_CURVE('',#755,#727,#757,.T.);
#755 = VERTEX_POINT('',#756);
#756 = CARTESIAN_POINT('',(32.,-12.20279579551,54.838834764832));
#757 = SURFACE_CURVE('',#758,(#762,#769),.PCURVE_S1.);
#758 = LINE('',#759,#760);
#759 = CARTESIAN_POINT('',(32.,-22.63262081801,44.40900974233));
#760 = VECTOR('',#761,1.);
#761 = DIRECTION('',(0.,0.707106781187,0.707106781187));
#762 = PCURVE('',#70,#763);
#763 = DEFINITIONAL_REPRESENTATION('',(#764),#768);
#764 = LINE('',#765,#766);
#765 = CARTESIAN_POINT('',(67.,14.75));
#766 = VECTOR('',#767,1.);
#767 = DIRECTION('',(0.,1.));
#768 = ( GEOMETRIC_REPRESENTATION_CONTEXT(2) 
PARAMETRIC_REPRESENTATION_CONTEXT() REPRESENTATION_CONTEXT('2D SPACE',''
  ) );
#769 = PCURVE('',#770,#775);
#770 = PLANE('',#771);
#771 = AXIS2_PLACEMENT_3D('',#772,#773,#774);
#772 = CARTESIAN_POINT('',(32.,-1.242640687119,43.87867965644));
#773 = DIRECTION('',(1.,0.,0.));
#774 = DIRECTION('',(0.,-0.707106781187,0.707106781187));
#775 = DEFINITIONAL_REPRESENTATION('',(#776),#780);
#776 = LINE('',#777,#778);
#777 = CARTESIAN_POINT('',(15.5,14.75));
#778 = VECTOR('',#779,1.);
#779 = DIRECTION('',(0.,-1.));
#780 = ( GEOMETRIC_REPRESENTATION_CONTEXT(2) 
PARAMETRIC_REPRESENTATION_CONTEXT() REPRESENTATION_CONTEXT('2D SPACE',''
  ) );
#781 = ORIENTED_EDGE('',*,*,#782,.T.);
#782 = EDGE_CURVE('',#755,#783,#785,.T.);
#783 = VERTEX_POINT('',#784);
#784 = CARTESIAN_POINT('',(26.,-12.20279579551,54.838834764832));
#785 = SURFACE_CURVE('',#786,(#790,#797),.PCURVE_S1.);
#786 = LINE('',#787,#788);
#787 = CARTESIAN_POINT('',(-15.,-12.20279579551,54.838834764832));
#788 = VECTOR('',#789,1.);
#789 = DIRECTION('',(-1.,0.,0.));
#790 = PCURVE('',#70,#791);
#791 = DEFINITIONAL_REPRESENTATION('',(#792),#796);
#792 = LINE('',#793,#794);
#793 = CARTESIAN_POINT('',(20.,29.5));
#794 = VECTOR('',#795,1.);
#795 = DIRECTION('',(-1.,0.));
#796 = ( GEOMETRIC_REPRESENTATION_CONTEXT(2) 
PARAMETRIC_REPRESENTATION_CONTEXT() REPRESENTATION_CONTEXT('2D SPACE',''
  ) );
#797 = PCURVE('',#686,#798);
#798 = DEFINITIONAL_REPRESENTATION('',(#799),#803);
#799 = LINE('',#800,#801);
#800 = CARTESIAN_POINT('',(15.5,-20.));
#801 = VECTOR('',#802,1.);
#802 = DIRECTION('',(0.,-1.));
#803 = ( GEOMETRIC_REPRESENTATION_CONTEXT(2) 
PARAMETRIC_REPRESENTATION_CONTEXT() REPRESENTATION_CONTEXT('2D SPACE',''
  ) );
#804 = ORIENTED_EDGE('',*,*,#805,.F.);
#805 = EDGE_CURVE('',#806,#783,#808,.T.);
#806 = VERTEX_POINT('',#807);
#807 = CARTESIAN_POINT('',(26.,-13.19274528917,53.848885271171));
#808 = SURFACE_CURVE('',#809,(#813,#820),.PCURVE_S1.);
#809 = LINE('',#810,#811);
#810 = CARTESIAN_POINT('',(26.,-23.1629509039,43.87867965644));
#811 = VECTOR('',#812,1.);
#812 = DIRECTION('',(0.,0.707106781187,0.707106781187));
#813 = PCURVE('',#70,#814);
#814 = DEFINITIONAL_REPRESENTATION('',(#815),#819);
#815 = LINE('',#816,#817);
#816 = CARTESIAN_POINT('',(61.,14.));
#817 = VECTOR('',#818,1.);
#818 = DIRECTION('',(0.,1.));
#819 = ( GEOMETRIC_REPRESENTATION_CONTEXT(2) 
PARAMETRIC_REPRESENTATION_CONTEXT() REPRESENTATION_CONTEXT('2D SPACE',''
  ) );
#820 = PCURVE('',#821,#826);
#821 = PLANE('',#822);
#822 = AXIS2_PLACEMENT_3D('',#823,#824,#825);
#823 = CARTESIAN_POINT('',(26.,-5.626702730476,46.141421356237));
#824 = DIRECTION('',(1.,0.,0.));
#825 = DIRECTION('',(0.,-0.707106781187,0.707106781187));
#826 = DEFINITIONAL_REPRESENTATION('',(#827),#831);
#827 = LINE('',#828,#829);
#828 = CARTESIAN_POINT('',(10.8,14.));
#829 = VECTOR('',#830,1.);
#830 = DIRECTION('',(0.,-1.));
#831 = ( GEOMETRIC_REPRESENTATION_CONTEXT(2) 
PARAMETRIC_REPRESENTATION_CONTEXT() REPRESENTATION_CONTEXT('2D SPACE',''
  ) );
#832 = ORIENTED_EDGE('',*,*,#833,.F.);
#833 = EDGE_CURVE('',#834,#806,#836,.T.);
#834 = VERTEX_POINT('',#835);
#835 = CARTESIAN_POINT('',(32.,-13.19274528917,53.848885271171));
#836 = SURFACE_CURVE('',#837,(#841,#848),.PCURVE_S1.);
#837 = LINE('',#838,#839);
#838 = CARTESIAN_POINT('',(-33.75,-13.19274528917,53.848885271171));
#839 = VECTOR('',#840,1.);
#840 = DIRECTION('',(-1.,0.,0.));
#841 = PCURVE('',#70,#842);
#842 = DEFINITIONAL_REPRESENTATION('',(#843),#847);
#843 = LINE('',#844,#845);
#844 = CARTESIAN_POINT('',(1.25,28.1));
#845 = VECTOR('',#846,1.);
#846 = DIRECTION('',(-1.,0.));
#847 = ( GEOMETRIC_REPRESENTATION_CONTEXT(2) 
PARAMETRIC_REPRESENTATION_CONTEXT() REPRESENTATION_CONTEXT('2D SPACE',''
  ) );
#848 = PCURVE('',#849,#854);
#849 = PLANE('',#850);
#850 = AXIS2_PLACEMENT_3D('',#851,#852,#853);
#851 = CARTESIAN_POINT('',(-32.5,-5.555992052357,46.212132034356));
#852 = DIRECTION('',(0.,0.707106781187,0.707106781187));
#853 = DIRECTION('',(0.,-0.707106781187,0.707106781187));
#854 = DEFINITIONAL_REPRESENTATION('',(#855),#859);
#855 = LINE('',#856,#857);
#856 = CARTESIAN_POINT('',(10.8,-1.25));
#857 = VECTOR('',#858,1.);
#858 = DIRECTION('',(0.,-1.));
#859 = ( GEOMETRIC_REPRESENTATION_CONTEXT(2) 
PARAMETRIC_REPRESENTATION_CONTEXT() REPRESENTATION_CONTEXT('2D SPACE',''
  ) );
#860 = ORIENTED_EDGE('',*,*,#861,.F.);
#861 = EDGE_CURVE('',#862,#834,#864,.T.);
#862 = VERTEX_POINT('',#863);
#863 = CARTESIAN_POINT('',(32.,-27.05203820042,39.989592359914));
#864 = SURFACE_CURVE('',#865,(#869,#876),.PCURVE_S1.);
#865 = LINE('',#866,#867);
#866 = CARTESIAN_POINT('',(32.,-32.17856236403,34.863068196312));
#867 = VECTOR('',#868,1.);
#868 = DIRECTION('',(0.,0.707106781187,0.707106781187));
#869 = PCURVE('',#70,#870);
#870 = DEFINITIONAL_REPRESENTATION('',(#871),#875);
#871 = LINE('',#872,#873);
#872 = CARTESIAN_POINT('',(67.,1.25));
#873 = VECTOR('',#874,1.);
#874 = DIRECTION('',(0.,1.));
#875 = ( GEOMETRIC_REPRESENTATION_CONTEXT(2) 
PARAMETRIC_REPRESENTATION_CONTEXT() REPRESENTATION_CONTEXT('2D SPACE',''
  ) );
#876 = PCURVE('',#877,#882);
#877 = PLANE('',#878);
#878 = AXIS2_PLACEMENT_3D('',#879,#880,#881);
#879 = CARTESIAN_POINT('',(32.,-23.65792565073,28.11019843598));
#880 = DIRECTION('',(1.,0.,0.));
#881 = DIRECTION('',(0.,-0.707106781187,0.707106781187));
#882 = DEFINITIONAL_REPRESENTATION('',(#883),#887);
#883 = LINE('',#884,#885);
#884 = CARTESIAN_POINT('',(10.8,1.25));
#885 = VECTOR('',#886,1.);
#886 = DIRECTION('',(0.,-1.));
#887 = ( GEOMETRIC_REPRESENTATION_CONTEXT(2) 
PARAMETRIC_REPRESENTATION_CONTEXT() REPRESENTATION_CONTEXT('2D SPACE',''
  ) );
#888 = ORIENTED_EDGE('',*,*,#889,.F.);
#889 = EDGE_CURVE('',#890,#862,#892,.T.);
#890 = VERTEX_POINT('',#891);
#891 = CARTESIAN_POINT('',(27.,-27.05203820042,39.989592359914));
#892 = SURFACE_CURVE('',#893,(#897,#904),.PCURVE_S1.);
#893 = LINE('',#894,#895);
#894 = CARTESIAN_POINT('',(27.,-27.05203820042,39.989592359914));
#895 = VECTOR('',#896,1.);
#896 = DIRECTION('',(1.,0.,0.));
#897 = PCURVE('',#70,#898);
#898 = DEFINITIONAL_REPRESENTATION('',(#899),#903);
#899 = LINE('',#900,#901);
#900 = CARTESIAN_POINT('',(62.,8.5));
#901 = VECTOR('',#902,1.);
#902 = DIRECTION('',(1.,0.));
#903 = ( GEOMETRIC_REPRESENTATION_CONTEXT(2) 
PARAMETRIC_REPRESENTATION_CONTEXT() REPRESENTATION_CONTEXT('2D SPACE',''
  ) );
#904 = PCURVE('',#905,#910);
#905 = PLANE('',#906);
#906 = AXIS2_PLACEMENT_3D('',#907,#908,#909);
#907 = CARTESIAN_POINT('',(27.,-19.34457428549,32.282128444981));
#908 = DIRECTION('',(0.,0.707106781187,0.707106781187));
#909 = DIRECTION('',(0.,-0.707106781187,0.707106781187));
#910 = DEFINITIONAL_REPRESENTATION('',(#911),#915);
#911 = LINE('',#912,#913);
#912 = CARTESIAN_POINT('',(10.9,0.));
#913 = VECTOR('',#914,1.);
#914 = DIRECTION('',(0.,1.));
#915 = ( GEOMETRIC_REPRESENTATION_CONTEXT(2) 
PARAMETRIC_REPRESENTATION_CONTEXT() REPRESENTATION_CONTEXT('2D SPACE',''
  ) );
#916 = ORIENTED_EDGE('',*,*,#917,.F.);
#917 = EDGE_CURVE('',#918,#890,#920,.T.);
#918 = VERTEX_POINT('',#919);
#919 = CARTESIAN_POINT('',(27.,-31.29467888754,35.746951672795));
#920 = SURFACE_CURVE('',#921,(#925,#932),.PCURVE_S1.);
#921 = LINE('',#922,#923);
#922 = CARTESIAN_POINT('',(27.,-31.36538956566,35.676240994676));
#923 = VECTOR('',#924,1.);
#924 = DIRECTION('',(0.,0.707106781187,0.707106781187));
#925 = PCURVE('',#70,#926);
#926 = DEFINITIONAL_REPRESENTATION('',(#927),#931);
#927 = LINE('',#928,#929);
#928 = CARTESIAN_POINT('',(62.,2.4));
#929 = VECTOR('',#930,1.);
#930 = DIRECTION('',(0.,1.));
#931 = ( GEOMETRIC_REPRESENTATION_CONTEXT(2) 
PARAMETRIC_REPRESENTATION_CONTEXT() REPRESENTATION_CONTEXT('2D SPACE',''
  ) );
#932 = PCURVE('',#933,#938);
#933 = PLANE('',#934);
#934 = AXIS2_PLACEMENT_3D('',#935,#936,#937);
#935 = CARTESIAN_POINT('',(27.,-23.65792565073,27.968777079743));
#936 = DIRECTION('',(1.,0.,0.));
#937 = DIRECTION('',(0.,-0.707106781187,0.707106781187));
#938 = DEFINITIONAL_REPRESENTATION('',(#939),#943);
#939 = LINE('',#940,#941);
#940 = CARTESIAN_POINT('',(10.9,5.329070518201E-15));
#941 = VECTOR('',#942,1.);
#942 = DIRECTION('',(0.,-1.));
#943 = ( GEOMETRIC_REPRESENTATION_CONTEXT(2) 
PARAMETRIC_REPRESENTATION_CONTEXT() REPRESENTATION_CONTEXT('2D SPACE',''
  ) );
#944 = ORIENTED_EDGE('',*,*,#945,.T.);
#945 = EDGE_CURVE('',#918,#946,#948,.T.);
#946 = VERTEX_POINT('',#947);
#947 = CARTESIAN_POINT('',(-27.5,-31.29467888754,35.746951672795));
#948 = SURFACE_CURVE('',#949,(#953,#960),.PCURVE_S1.);
#949 = LINE('',#950,#951);
#950 = CARTESIAN_POINT('',(-33.75,-31.29467888754,35.746951672795));
#951 = VECTOR('',#952,1.);
#952 = DIRECTION('',(-1.,0.,0.));
#953 = PCURVE('',#70,#954);
#954 = DEFINITIONAL_REPRESENTATION('',(#955),#959);
#955 = LINE('',#956,#957);
#956 = CARTESIAN_POINT('',(1.25,2.5));
#957 = VECTOR('',#958,1.);
#958 = DIRECTION('',(-1.,0.));
#959 = ( GEOMETRIC_REPRESENTATION_CONTEXT(2) 
PARAMETRIC_REPRESENTATION_CONTEXT() REPRESENTATION_CONTEXT('2D SPACE',''
  ) );
#960 = PCURVE('',#961,#966);
#961 = PLANE('',#962);
#962 = AXIS2_PLACEMENT_3D('',#963,#964,#965);
#963 = CARTESIAN_POINT('',(-32.5,-23.65792565073,28.11019843598));
#964 = DIRECTION('',(0.,0.707106781187,0.707106781187));
#965 = DIRECTION('',(0.,-0.707106781187,0.707106781187));
#966 = DEFINITIONAL_REPRESENTATION('',(#967),#971);
#967 = LINE('',#968,#969);
#968 = CARTESIAN_POINT('',(10.8,-1.25));
#969 = VECTOR('',#970,1.);
#970 = DIRECTION('',(0.,-1.));
#971 = ( GEOMETRIC_REPRESENTATION_CONTEXT(2) 
PARAMETRIC_REPRESENTATION_CONTEXT() REPRESENTATION_CONTEXT('2D SPACE',''
  ) );
#972 = ORIENTED_EDGE('',*,*,#973,.T.);
#973 = EDGE_CURVE('',#946,#974,#976,.T.);
#974 = VERTEX_POINT('',#975);
#975 = CARTESIAN_POINT('',(-27.5,-27.05203820042,39.989592359914));
#976 = SURFACE_CURVE('',#977,(#981,#988),.PCURVE_S1.);
#977 = LINE('',#978,#979);
#978 = CARTESIAN_POINT('',(-27.5,-31.36538956566,35.676240994676));
#979 = VECTOR('',#980,1.);
#980 = DIRECTION('',(0.,0.707106781187,0.707106781187));
#981 = PCURVE('',#70,#982);
#982 = DEFINITIONAL_REPRESENTATION('',(#983),#987);
#983 = LINE('',#984,#985);
#984 = CARTESIAN_POINT('',(7.5,2.4));
#985 = VECTOR('',#986,1.);
#986 = DIRECTION('',(0.,1.));
#987 = ( GEOMETRIC_REPRESENTATION_CONTEXT(2) 
PARAMETRIC_REPRESENTATION_CONTEXT() REPRESENTATION_CONTEXT('2D SPACE',''
  ) );
#988 = PCURVE('',#989,#994);
#989 = PLANE('',#990);
#990 = AXIS2_PLACEMENT_3D('',#991,#992,#993);
#991 = CARTESIAN_POINT('',(-27.5,-23.65792565073,27.968777079743));
#992 = DIRECTION('',(1.,0.,0.));
#993 = DIRECTION('',(0.,-0.707106781187,0.707106781187));
#994 = DEFINITIONAL_REPRESENTATION('',(#995),#999);
#995 = LINE('',#996,#997);
#996 = CARTESIAN_POINT('',(10.9,5.329070518201E-15));
#997 = VECTOR('',#998,1.);
#998 = DIRECTION('',(0.,-1.));
#999 = ( GEOMETRIC_REPRESENTATION_CONTEXT(2) 
PARAMETRIC_REPRESENTATION_CONTEXT() REPRESENTATION_CONTEXT('2D SPACE',''
  ) );
#1000 = ORIENTED_EDGE('',*,*,#1001,.F.);
#1001 = EDGE_CURVE('',#1002,#974,#1004,.T.);
#1002 = VERTEX_POINT('',#1003);
#1003 = CARTESIAN_POINT('',(-32.5,-27.05203820042,39.989592359914));
#1004 = SURFACE_CURVE('',#1005,(#1009,#1016),.PCURVE_S1.);
#1005 = LINE('',#1006,#1007);
#1006 = CARTESIAN_POINT('',(-32.6,-27.05203820042,39.989592359914));
#1007 = VECTOR('',#1008,1.);
#1008 = DIRECTION('',(1.,0.,0.));
#1009 = PCURVE('',#70,#1010);
#1010 = DEFINITIONAL_REPRESENTATION('',(#1011),#1015);
#1011 = LINE('',#1012,#1013);
#1012 = CARTESIAN_POINT('',(2.4,8.5));
#1013 = VECTOR('',#1014,1.);
#1014 = DIRECTION('',(1.,0.));
#1015 = ( GEOMETRIC_REPRESENTATION_CONTEXT(2) 
PARAMETRIC_REPRESENTATION_CONTEXT() REPRESENTATION_CONTEXT('2D SPACE',''
  ) );
#1016 = PCURVE('',#1017,#1022);
#1017 = PLANE('',#1018);
#1018 = AXIS2_PLACEMENT_3D('',#1019,#1020,#1021);
#1019 = CARTESIAN_POINT('',(-32.6,-19.34457428549,32.282128444981));
#1020 = DIRECTION('',(0.,0.707106781187,0.707106781187));
#1021 = DIRECTION('',(0.,-0.707106781187,0.707106781187));
#1022 = DEFINITIONAL_REPRESENTATION('',(#1023),#1027);
#1023 = LINE('',#1024,#1025);
#1024 = CARTESIAN_POINT('',(10.9,0.));
#1025 = VECTOR('',#1026,1.);
#1026 = DIRECTION('',(0.,1.));
#1027 = ( GEOMETRIC_REPRESENTATION_CONTEXT(2) 
PARAMETRIC_REPRESENTATION_CONTEXT() REPRESENTATION_CONTEXT('2D SPACE',''
  ) );
#1028 = ORIENTED_EDGE('',*,*,#1029,.T.);
#1029 = EDGE_CURVE('',#1002,#1030,#1032,.T.);
#1030 = VERTEX_POINT('',#1031);
#1031 = CARTESIAN_POINT('',(-32.5,-5.633773798288,61.407856762055));
#1032 = SURFACE_CURVE('',#1033,(#1037,#1044),.PCURVE_S1.);
#1033 = LINE('',#1034,#1035);
#1034 = CARTESIAN_POINT('',(-32.5,-31.29467888754,35.746951672795));
#1035 = VECTOR('',#1036,1.);
#1036 = DIRECTION('',(0.,0.707106781187,0.707106781187));
#1037 = PCURVE('',#70,#1038);
#1038 = DEFINITIONAL_REPRESENTATION('',(#1039),#1043);
#1039 = LINE('',#1040,#1041);
#1040 = CARTESIAN_POINT('',(2.5,2.5));
#1041 = VECTOR('',#1042,1.);
#1042 = DIRECTION('',(0.,1.));
#1043 = ( GEOMETRIC_REPRESENTATION_CONTEXT(2) 
PARAMETRIC_REPRESENTATION_CONTEXT() REPRESENTATION_CONTEXT('2D SPACE',''
  ) );
#1044 = PCURVE('',#1045,#1050);
#1045 = PLANE('',#1046);
#1046 = AXIS2_PLACEMENT_3D('',#1047,#1048,#1049);
#1047 = CARTESIAN_POINT('',(-32.5,-23.65792565073,28.11019843598));
#1048 = DIRECTION('',(1.,0.,0.));
#1049 = DIRECTION('',(0.,-0.707106781187,0.707106781187));
#1050 = DEFINITIONAL_REPRESENTATION('',(#1051),#1055);
#1051 = LINE('',#1052,#1053);
#1052 = CARTESIAN_POINT('',(10.8,8.881784197001E-16));
#1053 = VECTOR('',#1054,1.);
#1054 = DIRECTION('',(0.,-1.));
#1055 = ( GEOMETRIC_REPRESENTATION_CONTEXT(2) 
PARAMETRIC_REPRESENTATION_CONTEXT() REPRESENTATION_CONTEXT('2D SPACE',''
  ) );
#1056 = ORIENTED_EDGE('',*,*,#1057,.T.);
#1057 = EDGE_CURVE('',#1030,#50,#1058,.T.);
#1058 = SURFACE_CURVE('',#1059,(#1063,#1070),.PCURVE_S1.);
#1059 = LINE('',#1060,#1061);
#1060 = CARTESIAN_POINT('',(-35.5,-5.633773798288,61.407856762055));
#1061 = VECTOR('',#1062,1.);
#1062 = DIRECTION('',(-1.,0.,0.));
#1063 = PCURVE('',#70,#1064);
#1064 = DEFINITIONAL_REPRESENTATION('',(#1065),#1069);
#1065 = LINE('',#1066,#1067);
#1066 = CARTESIAN_POINT('',(-0.5,38.79));
#1067 = VECTOR('',#1068,1.);
#1068 = DIRECTION('',(-1.,0.));
#1069 = ( GEOMETRIC_REPRESENTATION_CONTEXT(2) 
PARAMETRIC_REPRESENTATION_CONTEXT() REPRESENTATION_CONTEXT('2D SPACE',''
  ) );
#1070 = PCURVE('',#259,#1071);
#1071 = DEFINITIONAL_REPRESENTATION('',(#1072),#1076);
#1072 = LINE('',#1073,#1074);
#1073 = CARTESIAN_POINT('',(9.07,0.5));
#1074 = VECTOR('',#1075,1.);
#1075 = DIRECTION('',(0.,-1.));
#1076 = ( GEOMETRIC_REPRESENTATION_CONTEXT(2) 
PARAMETRIC_REPRESENTATION_CONTEXT() REPRESENTATION_CONTEXT('2D SPACE',''
  ) );
#1077 = FACE_BOUND('',#1078,.T.);
#1078 = EDGE_LOOP('',(#1079));
#1079 = ORIENTED_EDGE('',*,*,#1080,.T.);
#1080 = EDGE_CURVE('',#1081,#1081,#1083,.T.);
#1081 = VERTEX_POINT('',#1082);
#1082 = CARTESIAN_POINT('',(-30.6,-30.58757210636,36.454058453982));
#1083 = SURFACE_CURVE('',#1084,(#1089,#1100),.PCURVE_S1.);
#1084 = CIRCLE('',#1085,0.9);
#1085 = AXIS2_PLACEMENT_3D('',#1086,#1087,#1088);
#1086 = CARTESIAN_POINT('',(-31.5,-30.58757210636,36.454058453982));
#1087 = DIRECTION('',(0.,0.707106781187,-0.707106781187));
#1088 = DIRECTION('',(1.,0.,0.));
#1089 = PCURVE('',#70,#1090);
#1090 = DEFINITIONAL_REPRESENTATION('',(#1091),#1099);
#1091 = ( BOUNDED_CURVE() B_SPLINE_CURVE(2,(#1092,#1093,#1094,#1095,
#1096,#1097,#1098),.UNSPECIFIED.,.T.,.F.) B_SPLINE_CURVE_WITH_KNOTS((1,2
    ,2,2,2,1),(-2.094395102393,0.,2.094395102393,4.188790204786,
6.28318530718,8.377580409573),.UNSPECIFIED.) CURVE() 
GEOMETRIC_REPRESENTATION_ITEM() RATIONAL_B_SPLINE_CURVE((1.,0.5,1.,0.5,
1.,0.5,1.)) REPRESENTATION_ITEM('') );
#1092 = CARTESIAN_POINT('',(4.4,3.5));
#1093 = CARTESIAN_POINT('',(4.4,1.941154273188));
#1094 = CARTESIAN_POINT('',(3.05,2.720577136594));
#1095 = CARTESIAN_POINT('',(1.7,3.5));
#1096 = CARTESIAN_POINT('',(3.05,4.279422863406));
#1097 = CARTESIAN_POINT('',(4.4,5.058845726812));
#1098 = CARTESIAN_POINT('',(4.4,3.5));
#1099 = ( GEOMETRIC_REPRESENTATION_CONTEXT(2) 
PARAMETRIC_REPRESENTATION_CONTEXT() REPRESENTATION_CONTEXT('2D SPACE',''
  ) );
#1100 = PCURVE('',#1101,#1106);
#1101 = CYLINDRICAL_SURFACE('',#1102,0.9);
#1102 = AXIS2_PLACEMENT_3D('',#1103,#1104,#1105);
#1103 = CARTESIAN_POINT('',(-31.5,-24.22361107568,30.090097423303));
#1104 = DIRECTION('',(-0.,0.707106781187,-0.707106781187));
#1105 = DIRECTION('',(1.,0.,0.));
#1106 = DEFINITIONAL_REPRESENTATION('',(#1107),#1111);
#1107 = LINE('',#1108,#1109);
#1108 = CARTESIAN_POINT('',(-6.28318530718,-9.));
#1109 = VECTOR('',#1110,1.);
#1110 = DIRECTION('',(1.,-0.));
#1111 = ( GEOMETRIC_REPRESENTATION_CONTEXT(2) 
PARAMETRIC_REPRESENTATION_CONTEXT() REPRESENTATION_CONTEXT('2D SPACE',''
  ) );
#1112 = FACE_BOUND('',#1113,.T.);
#1113 = EDGE_LOOP('',(#1114));
#1114 = ORIENTED_EDGE('',*,*,#1115,.T.);
#1115 = EDGE_CURVE('',#1116,#1116,#1118,.T.);
#1116 = VERTEX_POINT('',#1117);
#1117 = CARTESIAN_POINT('',(32.4,-30.58757210636,36.454058453982));
#1118 = SURFACE_CURVE('',#1119,(#1124,#1135),.PCURVE_S1.);
#1119 = CIRCLE('',#1120,0.9);
#1120 = AXIS2_PLACEMENT_3D('',#1121,#1122,#1123);
#1121 = CARTESIAN_POINT('',(31.5,-30.58757210636,36.454058453982));
#1122 = DIRECTION('',(0.,0.707106781187,-0.707106781187));
#1123 = DIRECTION('',(1.,0.,0.));
#1124 = PCURVE('',#70,#1125);
#1125 = DEFINITIONAL_REPRESENTATION('',(#1126),#1134);
#1126 = ( BOUNDED_CURVE() B_SPLINE_CURVE(2,(#1127,#1128,#1129,#1130,
#1131,#1132,#1133),.UNSPECIFIED.,.T.,.F.) B_SPLINE_CURVE_WITH_KNOTS((1,2
    ,2,2,2,1),(-2.094395102393,0.,2.094395102393,4.188790204786,
6.28318530718,8.377580409573),.UNSPECIFIED.) CURVE() 
GEOMETRIC_REPRESENTATION_ITEM() RATIONAL_B_SPLINE_CURVE((1.,0.5,1.,0.5,
1.,0.5,1.)) REPRESENTATION_ITEM('') );
#1127 = CARTESIAN_POINT('',(67.4,3.5));
#1128 = CARTESIAN_POINT('',(67.4,1.941154273188));
#1129 = CARTESIAN_POINT('',(66.05,2.720577136594));
#1130 = CARTESIAN_POINT('',(64.7,3.5));
#1131 = CARTESIAN_POINT('',(66.05,4.279422863406));
#1132 = CARTESIAN_POINT('',(67.4,5.058845726812));
#1133 = CARTESIAN_POINT('',(67.4,3.5));
#1134 = ( GEOMETRIC_REPRESENTATION_CONTEXT(2) 
PARAMETRIC_REPRESENTATION_CONTEXT() REPRESENTATION_CONTEXT('2D SPACE',''
  ) );
#1135 = PCURVE('',#1136,#1141);
#1136 = CYLINDRICAL_SURFACE('',#1137,0.9);
#1137 = AXIS2_PLACEMENT_3D('',#1138,#1139,#1140);
#1138 = CARTESIAN_POINT('',(31.5,-24.22361107568,30.090097423303));
#1139 = DIRECTION('',(-0.,0.707106781187,-0.707106781187));
#1140 = DIRECTION('',(1.,0.,0.));
#1141 = DEFINITIONAL_REPRESENTATION('',(#1142),#1146);
#1142 = LINE('',#1143,#1144);
#1143 = CARTESIAN_POINT('',(-6.28318530718,-9.));
#1144 = VECTOR('',#1145,1.);
#1145 = DIRECTION('',(1.,-0.));
#1146 = ( GEOMETRIC_REPRESENTATION_CONTEXT(2) 
PARAMETRIC_REPRESENTATION_CONTEXT() REPRESENTATION_CONTEXT('2D SPACE',''
  ) );
#1147 = FACE_BOUND('',#1148,.T.);
#1148 = EDGE_LOOP('',(#1149));
#1149 = ORIENTED_EDGE('',*,*,#1150,.T.);
#1150 = EDGE_CURVE('',#1151,#1151,#1153,.T.);
#1151 = VERTEX_POINT('',#1152);
#1152 = CARTESIAN_POINT('',(2.9,-9.727922061358,57.313708498985));
#1153 = SURFACE_CURVE('',#1154,(#1159,#1170),.PCURVE_S1.);
#1154 = CIRCLE('',#1155,0.9);
#1155 = AXIS2_PLACEMENT_3D('',#1156,#1157,#1158);
#1156 = CARTESIAN_POINT('',(2.,-9.727922061358,57.313708498985));
#1157 = DIRECTION('',(0.,0.707106781187,-0.707106781187));
#1158 = DIRECTION('',(1.,0.,0.));
#1159 = PCURVE('',#70,#1160);
#1160 = DEFINITIONAL_REPRESENTATION('',(#1161),#1169);
#1161 = ( BOUNDED_CURVE() B_SPLINE_CURVE(2,(#1162,#1163,#1164,#1165,
#1166,#1167,#1168),.UNSPECIFIED.,.T.,.F.) B_SPLINE_CURVE_WITH_KNOTS((1,2
    ,2,2,2,1),(-2.094395102393,0.,2.094395102393,4.188790204786,
6.28318530718,8.377580409573),.UNSPECIFIED.) CURVE() 
GEOMETRIC_REPRESENTATION_ITEM() RATIONAL_B_SPLINE_CURVE((1.,0.5,1.,0.5,
1.,0.5,1.)) REPRESENTATION_ITEM('') );
#1162 = CARTESIAN_POINT('',(37.9,33.));
#1163 = CARTESIAN_POINT('',(37.9,31.441154273188));
#1164 = CARTESIAN_POINT('',(36.55,32.220577136594));
#1165 = CARTESIAN_POINT('',(35.2,33.));
#1166 = CARTESIAN_POINT('',(36.55,33.779422863406));
#1167 = CARTESIAN_POINT('',(37.9,34.558845726812));
#1168 = CARTESIAN_POINT('',(37.9,33.));
#1169 = ( GEOMETRIC_REPRESENTATION_CONTEXT(2) 
PARAMETRIC_REPRESENTATION_CONTEXT() REPRESENTATION_CONTEXT('2D SPACE',''
  ) );
#1170 = PCURVE('',#1171,#1176);
#1171 = CYLINDRICAL_SURFACE('',#1172,0.9);
#1172 = AXIS2_PLACEMENT_3D('',#1173,#1174,#1175);
#1173 = CARTESIAN_POINT('',(2.,-3.363961030679,50.949747468306));
#1174 = DIRECTION('',(-0.,0.707106781187,-0.707106781187));
#1175 = DIRECTION('',(1.,0.,0.));
#1176 = DEFINITIONAL_REPRESENTATION('',(#1177),#1181);
#1177 = LINE('',#1178,#1179);
#1178 = CARTESIAN_POINT('',(-6.28318530718,-9.));
#1179 = VECTOR('',#1180,1.);
#1180 = DIRECTION('',(1.,-0.));
#1181 = ( GEOMETRIC_REPRESENTATION_CONTEXT(2) 
PARAMETRIC_REPRESENTATION_CONTEXT() REPRESENTATION_CONTEXT('2D SPACE',''
  ) );
#1182 = FACE_BOUND('',#1183,.T.);
#1183 = EDGE_LOOP('',(#1184));
#1184 = ORIENTED_EDGE('',*,*,#1185,.T.);
#1185 = EDGE_CURVE('',#1186,#1186,#1188,.T.);
#1186 = VERTEX_POINT('',#1187);
#1187 = CARTESIAN_POINT('',(-30.1,15.020815280171,82.062445840514));
#1188 = SURFACE_CURVE('',#1189,(#1194,#1205),.PCURVE_S1.);
#1189 = CIRCLE('',#1190,0.9);
#1190 = AXIS2_PLACEMENT_3D('',#1191,#1192,#1193);
#1191 = CARTESIAN_POINT('',(-31.,15.020815280171,82.062445840514));
#1192 = DIRECTION('',(0.,0.707106781187,-0.707106781187));
#1193 = DIRECTION('',(1.,0.,0.));
#1194 = PCURVE('',#70,#1195);
#1195 = DEFINITIONAL_REPRESENTATION('',(#1196),#1204);
#1196 = ( BOUNDED_CURVE() B_SPLINE_CURVE(2,(#1197,#1198,#1199,#1200,
#1201,#1202,#1203),.UNSPECIFIED.,.T.,.F.) B_SPLINE_CURVE_WITH_KNOTS((1,2
    ,2,2,2,1),(-2.094395102393,0.,2.094395102393,4.188790204786,
6.28318530718,8.377580409573),.UNSPECIFIED.) CURVE() 
GEOMETRIC_REPRESENTATION_ITEM() RATIONAL_B_SPLINE_CURVE((1.,0.5,1.,0.5,
1.,0.5,1.)) REPRESENTATION_ITEM('') );
#1197 = CARTESIAN_POINT('',(4.9,68.));
#1198 = CARTESIAN_POINT('',(4.9,66.441154273188));
#1199 = CARTESIAN_POINT('',(3.55,67.220577136594));
#1200 = CARTESIAN_POINT('',(2.2,68.));
#1201 = CARTESIAN_POINT('',(3.55,68.779422863406));
#1202 = CARTESIAN_POINT('',(4.9,69.558845726812));
#1203 = CARTESIAN_POINT('',(4.9,68.));
#1204 = ( GEOMETRIC_REPRESENTATION_CONTEXT(2) 
PARAMETRIC_REPRESENTATION_CONTEXT() REPRESENTATION_CONTEXT('2D SPACE',''
  ) );
#1205 = PCURVE('',#1206,#1211);
#1206 = CYLINDRICAL_SURFACE('',#1207,0.9);
#1207 = AXIS2_PLACEMENT_3D('',#1208,#1209,#1210);
#1208 = CARTESIAN_POINT('',(-31.,21.38477631085,75.698484809835));
#1209 = DIRECTION('',(-0.,0.707106781187,-0.707106781187));
#1210 = DIRECTION('',(1.,0.,0.));
#1211 = DEFINITIONAL_REPRESENTATION('',(#1212),#1216);
#1212 = LINE('',#1213,#1214);
#1213 = CARTESIAN_POINT('',(-6.28318530718,-9.));
#1214 = VECTOR('',#1215,1.);
#1215 = DIRECTION('',(1.,-0.));
#1216 = ( GEOMETRIC_REPRESENTATION_CONTEXT(2) 
PARAMETRIC_REPRESENTATION_CONTEXT() REPRESENTATION_CONTEXT('2D SPACE',''
  ) );
#1217 = FACE_BOUND('',#1218,.T.);
#1218 = EDGE_LOOP('',(#1219));
#1219 = ORIENTED_EDGE('',*,*,#1220,.T.);
#1220 = EDGE_CURVE('',#1221,#1221,#1223,.T.);
#1221 = VERTEX_POINT('',#1222);
#1222 = CARTESIAN_POINT('',(2.9,15.020815280171,82.062445840514));
#1223 = SURFACE_CURVE('',#1224,(#1229,#1240),.PCURVE_S1.);
#1224 = CIRCLE('',#1225,0.9);
#1225 = AXIS2_PLACEMENT_3D('',#1226,#1227,#1228);
#1226 = CARTESIAN_POINT('',(2.,15.020815280171,82.062445840514));
#1227 = DIRECTION('',(0.,0.707106781187,-0.707106781187));
#1228 = DIRECTION('',(1.,0.,0.));
#1229 = PCURVE('',#70,#1230);
#1230 = DEFINITIONAL_REPRESENTATION('',(#1231),#1239);
#1231 = ( BOUNDED_CURVE() B_SPLINE_CURVE(2,(#1232,#1233,#1234,#1235,
#1236,#1237,#1238),.UNSPECIFIED.,.T.,.F.) B_SPLINE_CURVE_WITH_KNOTS((1,2
    ,2,2,2,1),(-2.094395102393,0.,2.094395102393,4.188790204786,
6.28318530718,8.377580409573),.UNSPECIFIED.) CURVE() 
GEOMETRIC_REPRESENTATION_ITEM() RATIONAL_B_SPLINE_CURVE((1.,0.5,1.,0.5,
1.,0.5,1.)) REPRESENTATION_ITEM('') );
#1232 = CARTESIAN_POINT('',(37.9,68.));
#1233 = CARTESIAN_POINT('',(37.9,66.441154273188));
#1234 = CARTESIAN_POINT('',(36.55,67.220577136594));
#1235 = CARTESIAN_POINT('',(35.2,68.));
#1236 = CARTESIAN_POINT('',(36.55,68.779422863406));
#1237 = CARTESIAN_POINT('',(37.9,69.558845726812));
#1238 = CARTESIAN_POINT('',(37.9,68.));
#1239 = ( GEOMETRIC_REPRESENTATION_CONTEXT(2) 
PARAMETRIC_REPRESENTATION_CONTEXT() REPRESENTATION_CONTEXT('2D SPACE',''
  ) );
#1240 = PCURVE('',#1241,#1246);
#1241 = CYLINDRICAL_SURFACE('',#1242,0.9);
#1242 = AXIS2_PLACEMENT_3D('',#1243,#1244,#1245);
#1243 = CARTESIAN_POINT('',(2.,21.38477631085,75.698484809835));
#1244 = DIRECTION('',(-0.,0.707106781187,-0.707106781187));
#1245 = DIRECTION('',(1.,0.,0.));
#1246 = DEFINITIONAL_REPRESENTATION('',(#1247),#1251);
#1247 = LINE('',#1248,#1249);
#1248 = CARTESIAN_POINT('',(-6.28318530718,-9.));
#1249 = VECTOR('',#1250,1.);
#1250 = DIRECTION('',(1.,-0.));
#1251 = ( GEOMETRIC_REPRESENTATION_CONTEXT(2) 
PARAMETRIC_REPRESENTATION_CONTEXT() REPRESENTATION_CONTEXT('2D SPACE',''
  ) );
#1252 = FACE_BOUND('',#1253,.T.);
#1253 = EDGE_LOOP('',(#1254));
#1254 = ORIENTED_EDGE('',*,*,#1255,.T.);
#1255 = EDGE_CURVE('',#1256,#1256,#1258,.T.);
#1256 = VERTEX_POINT('',#1257);
#1257 = CARTESIAN_POINT('',(31.9,15.020815280171,82.062445840514));
#1258 = SURFACE_CURVE('',#1259,(#1264,#1275),.PCURVE_S1.);
#1259 = CIRCLE('',#1260,0.9);
#1260 = AXIS2_PLACEMENT_3D('',#1261,#1262,#1263);
#1261 = CARTESIAN_POINT('',(31.,15.020815280171,82.062445840514));
#1262 = DIRECTION('',(0.,0.707106781187,-0.707106781187));
#1263 = DIRECTION('',(1.,0.,0.));
#1264 = PCURVE('',#70,#1265);
#1265 = DEFINITIONAL_REPRESENTATION('',(#1266),#1274);
#1266 = ( BOUNDED_CURVE() B_SPLINE_CURVE(2,(#1267,#1268,#1269,#1270,
#1271,#1272,#1273),.UNSPECIFIED.,.T.,.F.) B_SPLINE_CURVE_WITH_KNOTS((1,2
    ,2,2,2,1),(-2.094395102393,0.,2.094395102393,4.188790204786,
6.28318530718,8.377580409573),.UNSPECIFIED.) CURVE() 
GEOMETRIC_REPRESENTATION_ITEM() RATIONAL_B_SPLINE_CURVE((1.,0.5,1.,0.5,
1.,0.5,1.)) REPRESENTATION_ITEM('') );
#1267 = CARTESIAN_POINT('',(66.9,68.));
#1268 = CARTESIAN_POINT('',(66.9,66.441154273188));
#1269 = CARTESIAN_POINT('',(65.55,67.220577136594));
#1270 = CARTESIAN_POINT('',(64.2,68.));
#1271 = CARTESIAN_POINT('',(65.55,68.779422863406));
#1272 = CARTESIAN_POINT('',(66.9,69.558845726812));
#1273 = CARTESIAN_POINT('',(66.9,68.));
#1274 = ( GEOMETRIC_REPRESENTATION_CONTEXT(2) 
PARAMETRIC_REPRESENTATION_CONTEXT() REPRESENTATION_CONTEXT('2D SPACE',''
  ) );
#1275 = PCURVE('',#1276,#1281);
#1276 = CYLINDRICAL_SURFACE('',#1277,0.9);
#1277 = AXIS2_PLACEMENT_3D('',#1278,#1279,#1280);
#1278 = CARTESIAN_POINT('',(31.,21.38477631085,75.698484809835));
#1279 = DIRECTION('',(-0.,0.707106781187,-0.707106781187));
#1280 = DIRECTION('',(1.,0.,0.));
#1281 = DEFINITIONAL_REPRESENTATION('',(#1282),#1286);
#1282 = LINE('',#1283,#1284);
#1283 = CARTESIAN_POINT('',(-6.28318530718,-9.));
#1284 = VECTOR('',#1285,1.);
#1285 = DIRECTION('',(1.,-0.));
#1286 = ( GEOMETRIC_REPRESENTATION_CONTEXT(2) 
PARAMETRIC_REPRESENTATION_CONTEXT() REPRESENTATION_CONTEXT('2D SPACE',''
  ) );
#1287 = ADVANCED_FACE('',(#1288),#98,.T.);
#1288 = FACE_BOUND('',#1289,.T.);
#1289 = EDGE_LOOP('',(#1290,#1314,#1335,#1336));
#1290 = ORIENTED_EDGE('',*,*,#1291,.T.);
#1291 = EDGE_CURVE('',#83,#1292,#1294,.T.);
#1292 = VERTEX_POINT('',#1293);
#1293 = CARTESIAN_POINT('',(-32.,-21.04163056034,21.958369439657));
#1294 = SURFACE_CURVE('',#1295,(#1300,#1307),.PCURVE_S1.);
#1295 = CIRCLE('',#1296,3.);
#1296 = AXIS2_PLACEMENT_3D('',#1297,#1298,#1299);
#1297 = CARTESIAN_POINT('',(-32.,-18.92031021678,24.079689783217));
#1298 = DIRECTION('',(0.,-0.707106781187,0.707106781187));
#1299 = DIRECTION('',(0.,-0.707106781187,-0.707106781187));
#1300 = PCURVE('',#98,#1301);
#1301 = DEFINITIONAL_REPRESENTATION('',(#1302),#1306);
#1302 = LINE('',#1303,#1304);
#1303 = CARTESIAN_POINT('',(-4.712388980385,0.));
#1304 = VECTOR('',#1305,1.);
#1305 = DIRECTION('',(1.,0.));
#1306 = ( GEOMETRIC_REPRESENTATION_CONTEXT(2) 
PARAMETRIC_REPRESENTATION_CONTEXT() REPRESENTATION_CONTEXT('2D SPACE',''
  ) );
#1307 = PCURVE('',#126,#1308);
#1308 = DEFINITIONAL_REPRESENTATION('',(#1309),#1313);
#1309 = CIRCLE('',#1310,3.);
#1310 = AXIS2_PLACEMENT_2D('',#1311,#1312);
#1311 = CARTESIAN_POINT('',(3.,3.));
#1312 = DIRECTION('',(0.,-1.));
#1313 = ( GEOMETRIC_REPRESENTATION_CONTEXT(2) 
PARAMETRIC_REPRESENTATION_CONTEXT() REPRESENTATION_CONTEXT('2D SPACE',''
  ) );
#1314 = ORIENTED_EDGE('',*,*,#1315,.T.);
#1315 = EDGE_CURVE('',#1292,#311,#1316,.T.);
#1316 = SURFACE_CURVE('',#1317,(#1321,#1328),.PCURVE_S1.);
#1317 = LINE('',#1318,#1319);
#1318 = CARTESIAN_POINT('',(-32.,-21.04163056034,21.958369439657));
#1319 = VECTOR('',#1320,1.);
#1320 = DIRECTION('',(0.,-0.707106781187,0.707106781187));
#1321 = PCURVE('',#98,#1322);
#1322 = DEFINITIONAL_REPRESENTATION('',(#1323),#1327);
#1323 = LINE('',#1324,#1325);
#1324 = CARTESIAN_POINT('',(1.570796326795,0.));
#1325 = VECTOR('',#1326,1.);
#1326 = DIRECTION('',(0.,1.));
#1327 = ( GEOMETRIC_REPRESENTATION_CONTEXT(2) 
PARAMETRIC_REPRESENTATION_CONTEXT() REPRESENTATION_CONTEXT('2D SPACE',''
  ) );
#1328 = PCURVE('',#350,#1329);
#1329 = DEFINITIONAL_REPRESENTATION('',(#1330),#1334);
#1330 = LINE('',#1331,#1332);
#1331 = CARTESIAN_POINT('',(0.,3.));
#1332 = VECTOR('',#1333,1.);
#1333 = DIRECTION('',(1.,0.));
#1334 = ( GEOMETRIC_REPRESENTATION_CONTEXT(2) 
PARAMETRIC_REPRESENTATION_CONTEXT() REPRESENTATION_CONTEXT('2D SPACE',''
  ) );
#1335 = ORIENTED_EDGE('',*,*,#310,.F.);
#1336 = ORIENTED_EDGE('',*,*,#82,.F.);
#1337 = ADVANCED_FACE('',(#1338),#259,.T.);
#1338 = FACE_BOUND('',#1339,.T.);
#1339 = EDGE_LOOP('',(#1340,#1363,#1364,#1365,#1388,#1416));
#1340 = ORIENTED_EDGE('',*,*,#1341,.F.);
#1341 = EDGE_CURVE('',#218,#1342,#1344,.T.);
#1342 = VERTEX_POINT('',#1343);
#1343 = CARTESIAN_POINT('',(-31.5,0.779684707074,54.994398256693));
#1344 = SURFACE_CURVE('',#1345,(#1349,#1356),.PCURVE_S1.);
#1345 = LINE('',#1346,#1347);
#1346 = CARTESIAN_POINT('',(-36.,0.779684707074,54.994398256693));
#1347 = VECTOR('',#1348,1.);
#1348 = DIRECTION('',(1.,0.,0.));
#1349 = PCURVE('',#259,#1350);
#1350 = DEFINITIONAL_REPRESENTATION('',(#1351),#1355);
#1351 = LINE('',#1352,#1353);
#1352 = CARTESIAN_POINT('',(0.,0.));
#1353 = VECTOR('',#1354,1.);
#1354 = DIRECTION('',(0.,1.));
#1355 = ( GEOMETRIC_REPRESENTATION_CONTEXT(2) 
PARAMETRIC_REPRESENTATION_CONTEXT() REPRESENTATION_CONTEXT('2D SPACE',''
  ) );
#1356 = PCURVE('',#233,#1357);
#1357 = DEFINITIONAL_REPRESENTATION('',(#1358),#1362);
#1358 = LINE('',#1359,#1360);
#1359 = CARTESIAN_POINT('',(0.,0.));
#1360 = VECTOR('',#1361,1.);
#1361 = DIRECTION('',(1.,0.));
#1362 = ( GEOMETRIC_REPRESENTATION_CONTEXT(2) 
PARAMETRIC_REPRESENTATION_CONTEXT() REPRESENTATION_CONTEXT('2D SPACE',''
  ) );
#1363 = ORIENTED_EDGE('',*,*,#245,.T.);
#1364 = ORIENTED_EDGE('',*,*,#1057,.F.);
#1365 = ORIENTED_EDGE('',*,*,#1366,.F.);
#1366 = EDGE_CURVE('',#1367,#1030,#1369,.T.);
#1367 = VERTEX_POINT('',#1368);
#1368 = CARTESIAN_POINT('',(-32.5,-0.613315651863,56.38739861563));
#1369 = SURFACE_CURVE('',#1370,(#1374,#1381),.PCURVE_S1.);
#1370 = LINE('',#1371,#1372);
#1371 = CARTESIAN_POINT('',(-32.5,1.391332072801,54.382750890967));
#1372 = VECTOR('',#1373,1.);
#1373 = DIRECTION('',(0.,-0.707106781187,0.707106781187));
#1374 = PCURVE('',#259,#1375);
#1375 = DEFINITIONAL_REPRESENTATION('',(#1376),#1380);
#1376 = LINE('',#1377,#1378);
#1377 = CARTESIAN_POINT('',(-0.865,3.5));
#1378 = VECTOR('',#1379,1.);
#1379 = DIRECTION('',(1.,0.));
#1380 = ( GEOMETRIC_REPRESENTATION_CONTEXT(2) 
PARAMETRIC_REPRESENTATION_CONTEXT() REPRESENTATION_CONTEXT('2D SPACE',''
  ) );
#1381 = PCURVE('',#1045,#1382);
#1382 = DEFINITIONAL_REPRESENTATION('',(#1383),#1387);
#1383 = LINE('',#1384,#1385);
#1384 = CARTESIAN_POINT('',(0.865,-36.29));
#1385 = VECTOR('',#1386,1.);
#1386 = DIRECTION('',(1.,0.));
#1387 = ( GEOMETRIC_REPRESENTATION_CONTEXT(2) 
PARAMETRIC_REPRESENTATION_CONTEXT() REPRESENTATION_CONTEXT('2D SPACE',''
  ) );
#1388 = ORIENTED_EDGE('',*,*,#1389,.F.);
#1389 = EDGE_CURVE('',#1390,#1367,#1392,.T.);
#1390 = VERTEX_POINT('',#1391);
#1391 = CARTESIAN_POINT('',(-31.5,-0.613315651863,56.38739861563));
#1392 = SURFACE_CURVE('',#1393,(#1397,#1404),.PCURVE_S1.);
#1393 = LINE('',#1394,#1395);
#1394 = CARTESIAN_POINT('',(-34.25,-0.613315651863,56.38739861563));
#1395 = VECTOR('',#1396,1.);
#1396 = DIRECTION('',(-1.,0.,0.));
#1397 = PCURVE('',#259,#1398);
#1398 = DEFINITIONAL_REPRESENTATION('',(#1399),#1403);
#1399 = LINE('',#1400,#1401);
#1400 = CARTESIAN_POINT('',(1.97,1.75));
#1401 = VECTOR('',#1402,1.);
#1402 = DIRECTION('',(0.,-1.));
#1403 = ( GEOMETRIC_REPRESENTATION_CONTEXT(2) 
PARAMETRIC_REPRESENTATION_CONTEXT() REPRESENTATION_CONTEXT('2D SPACE',''
  ) );
#1404 = PCURVE('',#1405,#1410);
#1405 = PLANE('',#1406);
#1406 = AXIS2_PLACEMENT_3D('',#1407,#1408,#1409);
#1407 = CARTESIAN_POINT('',(-32.5,-8.186429278371,48.814284989122));
#1408 = DIRECTION('',(0.,-0.707106781187,0.707106781187));
#1409 = DIRECTION('',(1.,0.,0.));
#1410 = DEFINITIONAL_REPRESENTATION('',(#1411),#1415);
#1411 = LINE('',#1412,#1413);
#1412 = CARTESIAN_POINT('',(-1.75,10.71));
#1413 = VECTOR('',#1414,1.);
#1414 = DIRECTION('',(-1.,0.));
#1415 = ( GEOMETRIC_REPRESENTATION_CONTEXT(2) 
PARAMETRIC_REPRESENTATION_CONTEXT() REPRESENTATION_CONTEXT('2D SPACE',''
  ) );
#1416 = ORIENTED_EDGE('',*,*,#1417,.F.);
#1417 = EDGE_CURVE('',#1342,#1390,#1418,.T.);
#1418 = SURFACE_CURVE('',#1419,(#1423,#1430),.PCURVE_S1.);
#1419 = LINE('',#1420,#1421);
#1420 = CARTESIAN_POINT('',(-31.5,0.779684707074,54.994398256693));
#1421 = VECTOR('',#1422,1.);
#1422 = DIRECTION('',(0.,-0.707106781187,0.707106781187));
#1423 = PCURVE('',#259,#1424);
#1424 = DEFINITIONAL_REPRESENTATION('',(#1425),#1429);
#1425 = LINE('',#1426,#1427);
#1426 = CARTESIAN_POINT('',(0.,4.5));
#1427 = VECTOR('',#1428,1.);
#1428 = DIRECTION('',(1.,0.));
#1429 = ( GEOMETRIC_REPRESENTATION_CONTEXT(2) 
PARAMETRIC_REPRESENTATION_CONTEXT() REPRESENTATION_CONTEXT('2D SPACE',''
  ) );
#1430 = PCURVE('',#1431,#1436);
#1431 = PLANE('',#1432);
#1432 = AXIS2_PLACEMENT_3D('',#1433,#1434,#1435);
#1433 = CARTESIAN_POINT('',(-31.5,0.779684707074,54.994398256693));
#1434 = DIRECTION('',(1.,0.,0.));
#1435 = DIRECTION('',(0.,-0.707106781187,0.707106781187));
#1436 = DEFINITIONAL_REPRESENTATION('',(#1437),#1441);
#1437 = LINE('',#1438,#1439);
#1438 = CARTESIAN_POINT('',(0.,0.));
#1439 = VECTOR('',#1440,1.);
#1440 = DIRECTION('',(1.,0.));
#1441 = ( GEOMETRIC_REPRESENTATION_CONTEXT(2) 
PARAMETRIC_REPRESENTATION_CONTEXT() REPRESENTATION_CONTEXT('2D SPACE',''
  ) );
#1442 = ADVANCED_FACE('',(#1443),#126,.F.);
#1443 = FACE_BOUND('',#1444,.F.);
#1444 = EDGE_LOOP('',(#1445,#1446,#1447,#1470,#1498,#1526,#1554,#1577,
    #1605,#1628,#1652,#1675));
#1445 = ORIENTED_EDGE('',*,*,#110,.F.);
#1446 = ORIENTED_EDGE('',*,*,#1291,.T.);
#1447 = ORIENTED_EDGE('',*,*,#1448,.T.);
#1448 = EDGE_CURVE('',#1292,#1449,#1451,.T.);
#1449 = VERTEX_POINT('',#1450);
#1450 = CARTESIAN_POINT('',(-21.05660377358,-21.04163056034,
    21.958369439657));
#1451 = SURFACE_CURVE('',#1452,(#1456,#1463),.PCURVE_S1.);
#1452 = LINE('',#1453,#1454);
#1453 = CARTESIAN_POINT('',(-35.,-21.04163056034,21.958369439657));
#1454 = VECTOR('',#1455,1.);
#1455 = DIRECTION('',(1.,0.,0.));
#1456 = PCURVE('',#126,#1457);
#1457 = DEFINITIONAL_REPRESENTATION('',(#1458),#1462);
#1458 = LINE('',#1459,#1460);
#1459 = CARTESIAN_POINT('',(0.,0.));
#1460 = VECTOR('',#1461,1.);
#1461 = DIRECTION('',(1.,0.));
#1462 = ( GEOMETRIC_REPRESENTATION_CONTEXT(2) 
PARAMETRIC_REPRESENTATION_CONTEXT() REPRESENTATION_CONTEXT('2D SPACE',''
  ) );
#1463 = PCURVE('',#350,#1464);
#1464 = DEFINITIONAL_REPRESENTATION('',(#1465),#1469);
#1465 = LINE('',#1466,#1467);
#1466 = CARTESIAN_POINT('',(0.,0.));
#1467 = VECTOR('',#1468,1.);
#1468 = DIRECTION('',(0.,1.));
#1469 = ( GEOMETRIC_REPRESENTATION_CONTEXT(2) 
PARAMETRIC_REPRESENTATION_CONTEXT() REPRESENTATION_CONTEXT('2D SPACE',''
  ) );
#1470 = ORIENTED_EDGE('',*,*,#1471,.T.);
#1471 = EDGE_CURVE('',#1449,#1472,#1474,.T.);
#1472 = VERTEX_POINT('',#1473);
#1473 = CARTESIAN_POINT('',(-21.05660377358,21.455486988969,
    64.455486988969));
#1474 = SURFACE_CURVE('',#1475,(#1479,#1486),.PCURVE_S1.);
#1475 = LINE('',#1476,#1477);
#1476 = CARTESIAN_POINT('',(-21.05660377358,0.206928214313,
    43.206928214313));
#1477 = VECTOR('',#1478,1.);
#1478 = DIRECTION('',(0.,0.707106781187,0.707106781187));
#1479 = PCURVE('',#126,#1480);
#1480 = DEFINITIONAL_REPRESENTATION('',(#1481),#1485);
#1481 = LINE('',#1482,#1483);
#1482 = CARTESIAN_POINT('',(13.943396226415,30.05));
#1483 = VECTOR('',#1484,1.);
#1484 = DIRECTION('',(0.,1.));
#1485 = ( GEOMETRIC_REPRESENTATION_CONTEXT(2) 
PARAMETRIC_REPRESENTATION_CONTEXT() REPRESENTATION_CONTEXT('2D SPACE',''
  ) );
#1486 = PCURVE('',#1487,#1492);
#1487 = PLANE('',#1488);
#1488 = AXIS2_PLACEMENT_3D('',#1489,#1490,#1491);
#1489 = CARTESIAN_POINT('',(-24.,17.778531726799,68.132442251139));
#1490 = DIRECTION('',(0.870256855071,-0.348319541658,0.348319541658));
#1491 = DIRECTION('',(0.492598219852,0.615364523595,-0.615364523595));
#1492 = DEFINITIONAL_REPRESENTATION('',(#1493),#1497);
#1493 = LINE('',#1494,#1495);
#1494 = CARTESIAN_POINT('',(5.975247387822,-30.05));
#1495 = VECTOR('',#1496,1.);
#1496 = DIRECTION('',(5.551115123126E-17,1.));
#1497 = ( GEOMETRIC_REPRESENTATION_CONTEXT(2) 
PARAMETRIC_REPRESENTATION_CONTEXT() REPRESENTATION_CONTEXT('2D SPACE',''
  ) );
#1498 = ORIENTED_EDGE('',*,*,#1499,.T.);
#1499 = EDGE_CURVE('',#1472,#1500,#1502,.T.);
#1500 = VERTEX_POINT('',#1501);
#1501 = CARTESIAN_POINT('',(-8.943396226415,21.455486988969,
    64.455486988969));
#1502 = SURFACE_CURVE('',#1503,(#1507,#1514),.PCURVE_S1.);
#1503 = LINE('',#1504,#1505);
#1504 = CARTESIAN_POINT('',(-25.,21.455486988969,64.455486988969));
#1505 = VECTOR('',#1506,1.);
#1506 = DIRECTION('',(1.,0.,0.));
#1507 = PCURVE('',#126,#1508);
#1508 = DEFINITIONAL_REPRESENTATION('',(#1509),#1513);
#1509 = LINE('',#1510,#1511);
#1510 = CARTESIAN_POINT('',(10.,60.1));
#1511 = VECTOR('',#1512,1.);
#1512 = DIRECTION('',(1.,0.));
#1513 = ( GEOMETRIC_REPRESENTATION_CONTEXT(2) 
PARAMETRIC_REPRESENTATION_CONTEXT() REPRESENTATION_CONTEXT('2D SPACE',''
  ) );
#1514 = PCURVE('',#1515,#1520);
#1515 = PLANE('',#1516);
#1516 = AXIS2_PLACEMENT_3D('',#1517,#1518,#1519);
#1517 = CARTESIAN_POINT('',(-15.,19.38581859303,66.525155384908));
#1518 = DIRECTION('',(-0.,-0.707106781187,-0.707106781187));
#1519 = DIRECTION('',(0.,0.707106781187,-0.707106781187));
#1520 = DEFINITIONAL_REPRESENTATION('',(#1521),#1525);
#1521 = LINE('',#1522,#1523);
#1522 = CARTESIAN_POINT('',(2.926953115151,-10.));
#1523 = VECTOR('',#1524,1.);
#1524 = DIRECTION('',(0.,1.));
#1525 = ( GEOMETRIC_REPRESENTATION_CONTEXT(2) 
PARAMETRIC_REPRESENTATION_CONTEXT() REPRESENTATION_CONTEXT('2D SPACE',''
  ) );
#1526 = ORIENTED_EDGE('',*,*,#1527,.T.);
#1527 = EDGE_CURVE('',#1500,#1528,#1530,.T.);
#1528 = VERTEX_POINT('',#1529);
#1529 = CARTESIAN_POINT('',(-8.943396226415,-21.04163056034,
    21.958369439657));
#1530 = SURFACE_CURVE('',#1531,(#1535,#1542),.PCURVE_S1.);
#1531 = LINE('',#1532,#1533);
#1532 = CARTESIAN_POINT('',(-8.943396226415,0.206928214313,
    43.206928214313));
#1533 = VECTOR('',#1534,1.);
#1534 = DIRECTION('',(0.,-0.707106781187,-0.707106781187));
#1535 = PCURVE('',#126,#1536);
#1536 = DEFINITIONAL_REPRESENTATION('',(#1537),#1541);
#1537 = LINE('',#1538,#1539);
#1538 = CARTESIAN_POINT('',(26.056603773585,30.05));
#1539 = VECTOR('',#1540,1.);
#1540 = DIRECTION('',(0.,-1.));
#1541 = ( GEOMETRIC_REPRESENTATION_CONTEXT(2) 
PARAMETRIC_REPRESENTATION_CONTEXT() REPRESENTATION_CONTEXT('2D SPACE',''
  ) );
#1542 = PCURVE('',#1543,#1548);
#1543 = PLANE('',#1544);
#1544 = AXIS2_PLACEMENT_3D('',#1545,#1546,#1547);
#1545 = CARTESIAN_POINT('',(-9.,21.526197667088,64.38477631085));
#1546 = DIRECTION('',(-0.870256855071,-0.348319541658,0.348319541658));
#1547 = DIRECTION('',(0.492598219852,-0.615364523595,0.615364523595));
#1548 = DEFINITIONAL_REPRESENTATION('',(#1549),#1553);
#1549 = LINE('',#1550,#1551);
#1550 = CARTESIAN_POINT('',(0.114908603612,-30.05));
#1551 = VECTOR('',#1552,1.);
#1552 = DIRECTION('',(5.551115123126E-17,-1.));
#1553 = ( GEOMETRIC_REPRESENTATION_CONTEXT(2) 
PARAMETRIC_REPRESENTATION_CONTEXT() REPRESENTATION_CONTEXT('2D SPACE',''
  ) );
#1554 = ORIENTED_EDGE('',*,*,#1555,.T.);
#1555 = EDGE_CURVE('',#1528,#1556,#1558,.T.);
#1556 = VERTEX_POINT('',#1557);
#1557 = CARTESIAN_POINT('',(32.,-21.04163056034,21.958369439657));
#1558 = SURFACE_CURVE('',#1559,(#1563,#1570),.PCURVE_S1.);
#1559 = LINE('',#1560,#1561);
#1560 = CARTESIAN_POINT('',(-35.,-21.04163056034,21.958369439657));
#1561 = VECTOR('',#1562,1.);
#1562 = DIRECTION('',(1.,0.,0.));
#1563 = PCURVE('',#126,#1564);
#1564 = DEFINITIONAL_REPRESENTATION('',(#1565),#1569);
#1565 = LINE('',#1566,#1567);
#1566 = CARTESIAN_POINT('',(0.,0.));
#1567 = VECTOR('',#1568,1.);
#1568 = DIRECTION('',(1.,0.));
#1569 = ( GEOMETRIC_REPRESENTATION_CONTEXT(2) 
PARAMETRIC_REPRESENTATION_CONTEXT() REPRESENTATION_CONTEXT('2D SPACE',''
  ) );
#1570 = PCURVE('',#350,#1571);
#1571 = DEFINITIONAL_REPRESENTATION('',(#1572),#1576);
#1572 = LINE('',#1573,#1574);
#1573 = CARTESIAN_POINT('',(0.,0.));
#1574 = VECTOR('',#1575,1.);
#1575 = DIRECTION('',(0.,1.));
#1576 = ( GEOMETRIC_REPRESENTATION_CONTEXT(2) 
PARAMETRIC_REPRESENTATION_CONTEXT() REPRESENTATION_CONTEXT('2D SPACE',''
  ) );
#1577 = ORIENTED_EDGE('',*,*,#1578,.F.);
#1578 = EDGE_CURVE('',#1579,#1556,#1581,.T.);
#1579 = VERTEX_POINT('',#1580);
#1580 = CARTESIAN_POINT('',(35.,-18.92031021678,24.079689783217));
#1581 = SURFACE_CURVE('',#1582,(#1587,#1598),.PCURVE_S1.);
#1582 = CIRCLE('',#1583,3.);
#1583 = AXIS2_PLACEMENT_3D('',#1584,#1585,#1586);
#1584 = CARTESIAN_POINT('',(32.,-18.92031021678,24.079689783217));
#1585 = DIRECTION('',(0.,0.707106781187,-0.707106781187));
#1586 = DIRECTION('',(0.,-0.707106781187,-0.707106781187));
#1587 = PCURVE('',#126,#1588);
#1588 = DEFINITIONAL_REPRESENTATION('',(#1589),#1597);
#1589 = ( BOUNDED_CURVE() B_SPLINE_CURVE(2,(#1590,#1591,#1592,#1593,
#1594,#1595,#1596),.UNSPECIFIED.,.T.,.F.) B_SPLINE_CURVE_WITH_KNOTS((1,2
    ,2,2,2,1),(-2.094395102393,0.,2.094395102393,4.188790204786,
6.28318530718,8.377580409573),.UNSPECIFIED.) CURVE() 
GEOMETRIC_REPRESENTATION_ITEM() RATIONAL_B_SPLINE_CURVE((1.,0.5,1.,0.5,
1.,0.5,1.)) REPRESENTATION_ITEM('') );
#1590 = CARTESIAN_POINT('',(67.,0.));
#1591 = CARTESIAN_POINT('',(61.803847577293,0.));
#1592 = CARTESIAN_POINT('',(64.401923788647,4.5));
#1593 = CARTESIAN_POINT('',(67.,9.));
#1594 = CARTESIAN_POINT('',(69.598076211353,4.5));
#1595 = CARTESIAN_POINT('',(72.196152422707,4.440892098501E-15));
#1596 = CARTESIAN_POINT('',(67.,0.));
#1597 = ( GEOMETRIC_REPRESENTATION_CONTEXT(2) 
PARAMETRIC_REPRESENTATION_CONTEXT() REPRESENTATION_CONTEXT('2D SPACE',''
  ) );
#1598 = PCURVE('',#383,#1599);
#1599 = DEFINITIONAL_REPRESENTATION('',(#1600),#1604);
#1600 = LINE('',#1601,#1602);
#1601 = CARTESIAN_POINT('',(4.712388980385,-0.));
#1602 = VECTOR('',#1603,1.);
#1603 = DIRECTION('',(-1.,0.));
#1604 = ( GEOMETRIC_REPRESENTATION_CONTEXT(2) 
PARAMETRIC_REPRESENTATION_CONTEXT() REPRESENTATION_CONTEXT('2D SPACE',''
  ) );
#1605 = ORIENTED_EDGE('',*,*,#1606,.T.);
#1606 = EDGE_CURVE('',#1579,#1607,#1609,.T.);
#1607 = VERTEX_POINT('',#1608);
#1608 = CARTESIAN_POINT('',(35.,26.688077169749,69.688077169749));
#1609 = SURFACE_CURVE('',#1610,(#1614,#1621),.PCURVE_S1.);
#1610 = LINE('',#1611,#1612);
#1611 = CARTESIAN_POINT('',(35.,-21.04163056034,21.958369439657));
#1612 = VECTOR('',#1613,1.);
#1613 = DIRECTION('',(0.,0.707106781187,0.707106781187));
#1614 = PCURVE('',#126,#1615);
#1615 = DEFINITIONAL_REPRESENTATION('',(#1616),#1620);
#1616 = LINE('',#1617,#1618);
#1617 = CARTESIAN_POINT('',(70.,0.));
#1618 = VECTOR('',#1619,1.);
#1619 = DIRECTION('',(0.,1.));
#1620 = ( GEOMETRIC_REPRESENTATION_CONTEXT(2) 
PARAMETRIC_REPRESENTATION_CONTEXT() REPRESENTATION_CONTEXT('2D SPACE',''
  ) );
#1621 = PCURVE('',#411,#1622);
#1622 = DEFINITIONAL_REPRESENTATION('',(#1623),#1627);
#1623 = LINE('',#1624,#1625);
#1624 = CARTESIAN_POINT('',(0.,0.));
#1625 = VECTOR('',#1626,1.);
#1626 = DIRECTION('',(0.,-1.));
#1627 = ( GEOMETRIC_REPRESENTATION_CONTEXT(2) 
PARAMETRIC_REPRESENTATION_CONTEXT() REPRESENTATION_CONTEXT('2D SPACE',''
  ) );
#1628 = ORIENTED_EDGE('',*,*,#1629,.T.);
#1629 = EDGE_CURVE('',#1607,#1630,#1632,.T.);
#1630 = VERTEX_POINT('',#1631);
#1631 = CARTESIAN_POINT('',(32.,28.809397513309,71.809397513309));
#1632 = SURFACE_CURVE('',#1633,(#1638,#1645),.PCURVE_S1.);
#1633 = CIRCLE('',#1634,3.);
#1634 = AXIS2_PLACEMENT_3D('',#1635,#1636,#1637);
#1635 = CARTESIAN_POINT('',(32.,26.688077169749,69.688077169749));
#1636 = DIRECTION('',(0.,-0.707106781187,0.707106781187));
#1637 = DIRECTION('',(0.,-0.707106781187,-0.707106781187));
#1638 = PCURVE('',#126,#1639);
#1639 = DEFINITIONAL_REPRESENTATION('',(#1640),#1644);
#1640 = CIRCLE('',#1641,3.);
#1641 = AXIS2_PLACEMENT_2D('',#1642,#1643);
#1642 = CARTESIAN_POINT('',(67.,67.5));
#1643 = DIRECTION('',(0.,-1.));
#1644 = ( GEOMETRIC_REPRESENTATION_CONTEXT(2) 
PARAMETRIC_REPRESENTATION_CONTEXT() REPRESENTATION_CONTEXT('2D SPACE',''
  ) );
#1645 = PCURVE('',#440,#1646);
#1646 = DEFINITIONAL_REPRESENTATION('',(#1647),#1651);
#1647 = LINE('',#1648,#1649);
#1648 = CARTESIAN_POINT('',(-1.570796326795,0.));
#1649 = VECTOR('',#1650,1.);
#1650 = DIRECTION('',(1.,0.));
#1651 = ( GEOMETRIC_REPRESENTATION_CONTEXT(2) 
PARAMETRIC_REPRESENTATION_CONTEXT() REPRESENTATION_CONTEXT('2D SPACE',''
  ) );
#1652 = ORIENTED_EDGE('',*,*,#1653,.F.);
#1653 = EDGE_CURVE('',#1654,#1630,#1656,.T.);
#1654 = VERTEX_POINT('',#1655);
#1655 = CARTESIAN_POINT('',(-32.,28.809397513309,71.809397513309));
#1656 = SURFACE_CURVE('',#1657,(#1661,#1668),.PCURVE_S1.);
#1657 = LINE('',#1658,#1659);
#1658 = CARTESIAN_POINT('',(-35.,28.809397513309,71.809397513309));
#1659 = VECTOR('',#1660,1.);
#1660 = DIRECTION('',(1.,0.,0.));
#1661 = PCURVE('',#126,#1662);
#1662 = DEFINITIONAL_REPRESENTATION('',(#1663),#1667);
#1663 = LINE('',#1664,#1665);
#1664 = CARTESIAN_POINT('',(0.,70.5));
#1665 = VECTOR('',#1666,1.);
#1666 = DIRECTION('',(1.,0.));
#1667 = ( GEOMETRIC_REPRESENTATION_CONTEXT(2) 
PARAMETRIC_REPRESENTATION_CONTEXT() REPRESENTATION_CONTEXT('2D SPACE',''
  ) );
#1668 = PCURVE('',#468,#1669);
#1669 = DEFINITIONAL_REPRESENTATION('',(#1670),#1674);
#1670 = LINE('',#1671,#1672);
#1671 = CARTESIAN_POINT('',(0.,0.));
#1672 = VECTOR('',#1673,1.);
#1673 = DIRECTION('',(0.,1.));
#1674 = ( GEOMETRIC_REPRESENTATION_CONTEXT(2) 
PARAMETRIC_REPRESENTATION_CONTEXT() REPRESENTATION_CONTEXT('2D SPACE',''
  ) );
#1675 = ORIENTED_EDGE('',*,*,#1676,.F.);
#1676 = EDGE_CURVE('',#111,#1654,#1677,.T.);
#1677 = SURFACE_CURVE('',#1678,(#1683,#1694),.PCURVE_S1.);
#1678 = CIRCLE('',#1679,3.);
#1679 = AXIS2_PLACEMENT_3D('',#1680,#1681,#1682);
#1680 = CARTESIAN_POINT('',(-32.,26.688077169749,69.688077169749));
#1681 = DIRECTION('',(0.,0.707106781187,-0.707106781187));
#1682 = DIRECTION('',(0.,-0.707106781187,-0.707106781187));
#1683 = PCURVE('',#126,#1684);
#1684 = DEFINITIONAL_REPRESENTATION('',(#1685),#1693);
#1685 = ( BOUNDED_CURVE() B_SPLINE_CURVE(2,(#1686,#1687,#1688,#1689,
#1690,#1691,#1692),.UNSPECIFIED.,.T.,.F.) B_SPLINE_CURVE_WITH_KNOTS((1,2
    ,2,2,2,1),(-2.094395102393,0.,2.094395102393,4.188790204786,
6.28318530718,8.377580409573),.UNSPECIFIED.) CURVE() 
GEOMETRIC_REPRESENTATION_ITEM() RATIONAL_B_SPLINE_CURVE((1.,0.5,1.,0.5,
1.,0.5,1.)) REPRESENTATION_ITEM('') );
#1686 = CARTESIAN_POINT('',(3.,64.5));
#1687 = CARTESIAN_POINT('',(-2.196152422707,64.5));
#1688 = CARTESIAN_POINT('',(0.401923788647,69.));
#1689 = CARTESIAN_POINT('',(3.,73.5));
#1690 = CARTESIAN_POINT('',(5.598076211353,69.));
#1691 = CARTESIAN_POINT('',(8.196152422707,64.5));
#1692 = CARTESIAN_POINT('',(3.,64.5));
#1693 = ( GEOMETRIC_REPRESENTATION_CONTEXT(2) 
PARAMETRIC_REPRESENTATION_CONTEXT() REPRESENTATION_CONTEXT('2D SPACE',''
  ) );
#1694 = PCURVE('',#154,#1695);
#1695 = DEFINITIONAL_REPRESENTATION('',(#1696),#1700);
#1696 = LINE('',#1697,#1698);
#1697 = CARTESIAN_POINT('',(1.570796326795,-0.));
#1698 = VECTOR('',#1699,1.);
#1699 = DIRECTION('',(-1.,0.));
#1700 = ( GEOMETRIC_REPRESENTATION_CONTEXT(2) 
PARAMETRIC_REPRESENTATION_CONTEXT() REPRESENTATION_CONTEXT('2D SPACE',''
  ) );
#1701 = ADVANCED_FACE('',(#1702),#233,.T.);
#1702 = FACE_BOUND('',#1703,.T.);
#1703 = EDGE_LOOP('',(#1704,#1727,#1728,#1729));
#1704 = ORIENTED_EDGE('',*,*,#1705,.F.);
#1705 = EDGE_CURVE('',#190,#1706,#1708,.T.);
#1706 = VERTEX_POINT('',#1707);
#1707 = CARTESIAN_POINT('',(-31.5,10.679179643686,64.893893193305));
#1708 = SURFACE_CURVE('',#1709,(#1713,#1720),.PCURVE_S1.);
#1709 = LINE('',#1710,#1711);
#1710 = CARTESIAN_POINT('',(-36.,10.679179643686,64.893893193305));
#1711 = VECTOR('',#1712,1.);
#1712 = DIRECTION('',(1.,0.,0.));
#1713 = PCURVE('',#233,#1714);
#1714 = DEFINITIONAL_REPRESENTATION('',(#1715),#1719);
#1715 = LINE('',#1716,#1717);
#1716 = CARTESIAN_POINT('',(0.,14.));
#1717 = VECTOR('',#1718,1.);
#1718 = DIRECTION('',(1.,0.));
#1719 = ( GEOMETRIC_REPRESENTATION_CONTEXT(2) 
PARAMETRIC_REPRESENTATION_CONTEXT() REPRESENTATION_CONTEXT('2D SPACE',''
  ) );
#1720 = PCURVE('',#205,#1721);
#1721 = DEFINITIONAL_REPRESENTATION('',(#1722),#1726);
#1722 = LINE('',#1723,#1724);
#1723 = CARTESIAN_POINT('',(0.,0.));
#1724 = VECTOR('',#1725,1.);
#1725 = DIRECTION('',(0.,1.));
#1726 = ( GEOMETRIC_REPRESENTATION_CONTEXT(2) 
PARAMETRIC_REPRESENTATION_CONTEXT() REPRESENTATION_CONTEXT('2D SPACE',''
  ) );
#1727 = ORIENTED_EDGE('',*,*,#217,.T.);
#1728 = ORIENTED_EDGE('',*,*,#1341,.T.);
#1729 = ORIENTED_EDGE('',*,*,#1730,.T.);
#1730 = EDGE_CURVE('',#1342,#1706,#1731,.T.);
#1731 = SURFACE_CURVE('',#1732,(#1736,#1743),.PCURVE_S1.);
#1732 = LINE('',#1733,#1734);
#1733 = CARTESIAN_POINT('',(-31.5,0.779684707074,54.994398256693));
#1734 = VECTOR('',#1735,1.);
#1735 = DIRECTION('',(0.,0.707106781187,0.707106781187));
#1736 = PCURVE('',#233,#1737);
#1737 = DEFINITIONAL_REPRESENTATION('',(#1738),#1742);
#1738 = LINE('',#1739,#1740);
#1739 = CARTESIAN_POINT('',(4.5,0.));
#1740 = VECTOR('',#1741,1.);
#1741 = DIRECTION('',(0.,1.));
#1742 = ( GEOMETRIC_REPRESENTATION_CONTEXT(2) 
PARAMETRIC_REPRESENTATION_CONTEXT() REPRESENTATION_CONTEXT('2D SPACE',''
  ) );
#1743 = PCURVE('',#1431,#1744);
#1744 = DEFINITIONAL_REPRESENTATION('',(#1745),#1749);
#1745 = LINE('',#1746,#1747);
#1746 = CARTESIAN_POINT('',(0.,0.));
#1747 = VECTOR('',#1748,1.);
#1748 = DIRECTION('',(0.,-1.));
#1749 = ( GEOMETRIC_REPRESENTATION_CONTEXT(2) 
PARAMETRIC_REPRESENTATION_CONTEXT() REPRESENTATION_CONTEXT('2D SPACE',''
  ) );
#1750 = ADVANCED_FACE('',(#1751),#154,.T.);
#1751 = FACE_BOUND('',#1752,.F.);
#1752 = EDGE_LOOP('',(#1753,#1754,#1775,#1776));
#1753 = ORIENTED_EDGE('',*,*,#1676,.T.);
#1754 = ORIENTED_EDGE('',*,*,#1755,.T.);
#1755 = EDGE_CURVE('',#1654,#453,#1756,.T.);
#1756 = SURFACE_CURVE('',#1757,(#1761,#1768),.PCURVE_S1.);
#1757 = LINE('',#1758,#1759);
#1758 = CARTESIAN_POINT('',(-32.,28.809397513309,71.809397513309));
#1759 = VECTOR('',#1760,1.);
#1760 = DIRECTION('',(0.,-0.707106781187,0.707106781187));
#1761 = PCURVE('',#154,#1762);
#1762 = DEFINITIONAL_REPRESENTATION('',(#1763),#1767);
#1763 = LINE('',#1764,#1765);
#1764 = CARTESIAN_POINT('',(-1.570796326795,0.));
#1765 = VECTOR('',#1766,1.);
#1766 = DIRECTION('',(-0.,1.));
#1767 = ( GEOMETRIC_REPRESENTATION_CONTEXT(2) 
PARAMETRIC_REPRESENTATION_CONTEXT() REPRESENTATION_CONTEXT('2D SPACE',''
  ) );
#1768 = PCURVE('',#468,#1769);
#1769 = DEFINITIONAL_REPRESENTATION('',(#1770),#1774);
#1770 = LINE('',#1771,#1772);
#1771 = CARTESIAN_POINT('',(0.,3.));
#1772 = VECTOR('',#1773,1.);
#1773 = DIRECTION('',(1.,0.));
#1774 = ( GEOMETRIC_REPRESENTATION_CONTEXT(2) 
PARAMETRIC_REPRESENTATION_CONTEXT() REPRESENTATION_CONTEXT('2D SPACE',''
  ) );
#1775 = ORIENTED_EDGE('',*,*,#480,.F.);
#1776 = ORIENTED_EDGE('',*,*,#138,.F.);
#1777 = ADVANCED_FACE('',(#1778),#205,.F.);
#1778 = FACE_BOUND('',#1779,.F.);
#1779 = EDGE_LOOP('',(#1780,#1781,#1782,#1783,#1806,#1829));
#1780 = ORIENTED_EDGE('',*,*,#1705,.F.);
#1781 = ORIENTED_EDGE('',*,*,#189,.T.);
#1782 = ORIENTED_EDGE('',*,*,#507,.F.);
#1783 = ORIENTED_EDGE('',*,*,#1784,.F.);
#1784 = EDGE_CURVE('',#1785,#508,#1787,.T.);
#1785 = VERTEX_POINT('',#1786);
#1786 = CARTESIAN_POINT('',(-32.5,9.286179284748,66.286893552242));
#1787 = SURFACE_CURVE('',#1788,(#1792,#1799),.PCURVE_S1.);
#1788 = LINE('',#1789,#1790);
#1789 = CARTESIAN_POINT('',(-32.5,11.290827009412,64.282245827578));
#1790 = VECTOR('',#1791,1.);
#1791 = DIRECTION('',(0.,-0.707106781187,0.707106781187));
#1792 = PCURVE('',#205,#1793);
#1793 = DEFINITIONAL_REPRESENTATION('',(#1794),#1798);
#1794 = LINE('',#1795,#1796);
#1795 = CARTESIAN_POINT('',(-0.865,3.5));
#1796 = VECTOR('',#1797,1.);
#1797 = DIRECTION('',(1.,0.));
#1798 = ( GEOMETRIC_REPRESENTATION_CONTEXT(2) 
PARAMETRIC_REPRESENTATION_CONTEXT() REPRESENTATION_CONTEXT('2D SPACE',''
  ) );
#1799 = PCURVE('',#546,#1800);
#1800 = DEFINITIONAL_REPRESENTATION('',(#1801),#1805);
#1801 = LINE('',#1802,#1803);
#1802 = CARTESIAN_POINT('',(0.865,-50.29));
#1803 = VECTOR('',#1804,1.);
#1804 = DIRECTION('',(1.,0.));
#1805 = ( GEOMETRIC_REPRESENTATION_CONTEXT(2) 
PARAMETRIC_REPRESENTATION_CONTEXT() REPRESENTATION_CONTEXT('2D SPACE',''
  ) );
#1806 = ORIENTED_EDGE('',*,*,#1807,.F.);
#1807 = EDGE_CURVE('',#1808,#1785,#1810,.T.);
#1808 = VERTEX_POINT('',#1809);
#1809 = CARTESIAN_POINT('',(-31.5,9.286179284748,66.286893552242));
#1810 = SURFACE_CURVE('',#1811,(#1815,#1822),.PCURVE_S1.);
#1811 = LINE('',#1812,#1813);
#1812 = CARTESIAN_POINT('',(-34.25,9.286179284748,66.286893552242));
#1813 = VECTOR('',#1814,1.);
#1814 = DIRECTION('',(-1.,0.,0.));
#1815 = PCURVE('',#205,#1816);
#1816 = DEFINITIONAL_REPRESENTATION('',(#1817),#1821);
#1817 = LINE('',#1818,#1819);
#1818 = CARTESIAN_POINT('',(1.97,1.75));
#1819 = VECTOR('',#1820,1.);
#1820 = DIRECTION('',(0.,-1.));
#1821 = ( GEOMETRIC_REPRESENTATION_CONTEXT(2) 
PARAMETRIC_REPRESENTATION_CONTEXT() REPRESENTATION_CONTEXT('2D SPACE',''
  ) );
#1822 = PCURVE('',#1405,#1823);
#1823 = DEFINITIONAL_REPRESENTATION('',(#1824),#1828);
#1824 = LINE('',#1825,#1826);
#1825 = CARTESIAN_POINT('',(-1.75,24.71));
#1826 = VECTOR('',#1827,1.);
#1827 = DIRECTION('',(-1.,0.));
#1828 = ( GEOMETRIC_REPRESENTATION_CONTEXT(2) 
PARAMETRIC_REPRESENTATION_CONTEXT() REPRESENTATION_CONTEXT('2D SPACE',''
  ) );
#1829 = ORIENTED_EDGE('',*,*,#1830,.F.);
#1830 = EDGE_CURVE('',#1706,#1808,#1831,.T.);
#1831 = SURFACE_CURVE('',#1832,(#1836,#1843),.PCURVE_S1.);
#1832 = LINE('',#1833,#1834);
#1833 = CARTESIAN_POINT('',(-31.5,10.679179643686,64.893893193305));
#1834 = VECTOR('',#1835,1.);
#1835 = DIRECTION('',(0.,-0.707106781187,0.707106781187));
#1836 = PCURVE('',#205,#1837);
#1837 = DEFINITIONAL_REPRESENTATION('',(#1838),#1842);
#1838 = LINE('',#1839,#1840);
#1839 = CARTESIAN_POINT('',(0.,4.5));
#1840 = VECTOR('',#1841,1.);
#1841 = DIRECTION('',(1.,0.));
#1842 = ( GEOMETRIC_REPRESENTATION_CONTEXT(2) 
PARAMETRIC_REPRESENTATION_CONTEXT() REPRESENTATION_CONTEXT('2D SPACE',''
  ) );
#1843 = PCURVE('',#1431,#1844);
#1844 = DEFINITIONAL_REPRESENTATION('',(#1845),#1849);
#1845 = LINE('',#1846,#1847);
#1846 = CARTESIAN_POINT('',(3.552713678801E-15,-14.));
#1847 = VECTOR('',#1848,1.);
#1848 = DIRECTION('',(1.,0.));
#1849 = ( GEOMETRIC_REPRESENTATION_CONTEXT(2) 
PARAMETRIC_REPRESENTATION_CONTEXT() REPRESENTATION_CONTEXT('2D SPACE',''
  ) );
#1850 = ADVANCED_FACE('',(#1851),#294,.F.);
#1851 = FACE_BOUND('',#1852,.T.);
#1852 = EDGE_LOOP('',(#1853,#1854,#1877,#1926));
#1853 = ORIENTED_EDGE('',*,*,#273,.T.);
#1854 = ORIENTED_EDGE('',*,*,#1855,.T.);
#1855 = EDGE_CURVE('',#274,#1856,#1858,.T.);
#1856 = VERTEX_POINT('',#1857);
#1857 = CARTESIAN_POINT('',(-22.52830188679,-6.121677477306,
    40.555277784864));
#1858 = SEAM_CURVE('',#1859,(#1863,#1870),.PCURVE_S1.);
#1859 = LINE('',#1860,#1861);
#1860 = CARTESIAN_POINT('',(-36.,-6.121677477306,40.555277784864));
#1861 = VECTOR('',#1862,1.);
#1862 = DIRECTION('',(1.,0.,0.));
#1863 = PCURVE('',#294,#1864);
#1864 = DEFINITIONAL_REPRESENTATION('',(#1865),#1869);
#1865 = LINE('',#1866,#1867);
#1866 = CARTESIAN_POINT('',(-6.28318530718,0.));
#1867 = VECTOR('',#1868,1.);
#1868 = DIRECTION('',(-0.,-1.));
#1869 = ( GEOMETRIC_REPRESENTATION_CONTEXT(2) 
PARAMETRIC_REPRESENTATION_CONTEXT() REPRESENTATION_CONTEXT('2D SPACE',''
  ) );
#1870 = PCURVE('',#294,#1871);
#1871 = DEFINITIONAL_REPRESENTATION('',(#1872),#1876);
#1872 = LINE('',#1873,#1874);
#1873 = CARTESIAN_POINT('',(-0.,0.));
#1874 = VECTOR('',#1875,1.);
#1875 = DIRECTION('',(-0.,-1.));
#1876 = ( GEOMETRIC_REPRESENTATION_CONTEXT(2) 
PARAMETRIC_REPRESENTATION_CONTEXT() REPRESENTATION_CONTEXT('2D SPACE',''
  ) );
#1877 = ORIENTED_EDGE('',*,*,#1878,.T.);
#1878 = EDGE_CURVE('',#1856,#1856,#1879,.T.);
#1879 = SURFACE_CURVE('',#1880,(#1885,#1919),.PCURVE_S1.);
#1880 = ELLIPSE('',#1881,1.953446261403,1.7);
#1881 = AXIS2_PLACEMENT_3D('',#1882,#1883,#1884);
#1882 = CARTESIAN_POINT('',(-22.52830188679,-7.323759005324,
    39.353196256846));
#1883 = DIRECTION('',(0.870256855071,-0.348319541658,0.348319541658));
#1884 = DIRECTION('',(-0.492598219852,-0.615364523595,0.615364523595));
#1885 = PCURVE('',#294,#1886);
#1886 = DEFINITIONAL_REPRESENTATION('',(#1887),#1918);
#1887 = B_SPLINE_CURVE_WITH_KNOTS('',8,(#1888,#1889,#1890,#1891,#1892,
    #1893,#1894,#1895,#1896,#1897,#1898,#1899,#1900,#1901,#1902,#1903,
    #1904,#1905,#1906,#1907,#1908,#1909,#1910,#1911,#1912,#1913,#1914,
    #1915,#1916,#1917),.UNSPECIFIED.,.F.,.F.,(9,7,7,7,9),(4.712388980385
    ,6.28318530718,7.461282552276,9.22842841992,10.995574287564),
  .UNSPECIFIED.);
#1888 = CARTESIAN_POINT('',(0.,-13.4716981132));
#1889 = CARTESIAN_POINT('',(-0.196349540849,-13.28275798899));
#1890 = CARTESIAN_POINT('',(-0.392699081699,-13.09381852238));
#1891 = CARTESIAN_POINT('',(-0.589048622548,-12.91597514012));
#1892 = CARTESIAN_POINT('',(-0.785398163398,-12.76033985047));
#1893 = CARTESIAN_POINT('',(-0.981747704248,-12.63662525526));
#1894 = CARTESIAN_POINT('',(-1.178097245096,-12.55183276844));
#1895 = CARTESIAN_POINT('',(-1.374446785946,-12.50943396226));
#1896 = CARTESIAN_POINT('',(-1.718058482432,-12.50943396226));
#1897 = CARTESIAN_POINT('',(-1.865320638069,-12.53328295937));
#1898 = CARTESIAN_POINT('',(-2.012582793706,-12.58098036608));
#1899 = CARTESIAN_POINT('',(-2.159844949342,-12.65142459646));
#1900 = CARTESIAN_POINT('',(-2.307107104979,-12.74240598118));
#1901 = CARTESIAN_POINT('',(-2.454369260617,-12.85074535862));
#1902 = CARTESIAN_POINT('',(-2.601631416254,-12.97253712985));
#1903 = CARTESIAN_POINT('',(-2.969786805347,-13.29983321791));
#1904 = CARTESIAN_POINT('',(-3.190680038801,-13.51674464417));
#1905 = CARTESIAN_POINT('',(-3.411573272261,-13.73959536518));
#1906 = CARTESIAN_POINT('',(-3.632466505714,-13.95162905353));
#1907 = CARTESIAN_POINT('',(-3.853359739167,-14.13627050271));
#1908 = CARTESIAN_POINT('',(-4.074252972626,-14.27990642455));
#1909 = CARTESIAN_POINT('',(-4.29514620608,-14.37400468992));
#1910 = CARTESIAN_POINT('',(-4.736932672991,-14.45694056669));
#1911 = CARTESIAN_POINT('',(-4.957825906466,-14.44577941509));
#1912 = CARTESIAN_POINT('',(-5.178719139808,-14.3789068317));
#1913 = CARTESIAN_POINT('',(-5.399612373429,-14.25871417525));
#1914 = CARTESIAN_POINT('',(-5.62050560676,-14.09356611076));
#1915 = CARTESIAN_POINT('',(-5.841398840289,-13.89681351032));
#1916 = CARTESIAN_POINT('',(-6.062292073724,-13.68425575294));
#1917 = CARTESIAN_POINT('',(-6.28318530718,-13.4716981132));
#1918 = ( GEOMETRIC_REPRESENTATION_CONTEXT(2) 
PARAMETRIC_REPRESENTATION_CONTEXT() REPRESENTATION_CONTEXT('2D SPACE',''
  ) );
#1919 = PCURVE('',#1487,#1920);
#1920 = DEFINITIONAL_REPRESENTATION('',(#1921),#1925);
#1921 = ELLIPSE('',#1922,1.953446261403,1.7);
#1922 = AXIS2_PLACEMENT_2D('',#1923,#1924);
#1923 = CARTESIAN_POINT('',(2.987623693911,-38.1));
#1924 = DIRECTION('',(-1.,-5.551115123126E-17));
#1925 = ( GEOMETRIC_REPRESENTATION_CONTEXT(2) 
PARAMETRIC_REPRESENTATION_CONTEXT() REPRESENTATION_CONTEXT('2D SPACE',''
  ) );
#1926 = ORIENTED_EDGE('',*,*,#1855,.F.);
#1927 = ADVANCED_FACE('',(#1928),#350,.F.);
#1928 = FACE_BOUND('',#1929,.F.);
#1929 = EDGE_LOOP('',(#1930,#1931,#1932,#1933,#1954,#1955,#1978,#2006));
#1930 = ORIENTED_EDGE('',*,*,#1448,.F.);
#1931 = ORIENTED_EDGE('',*,*,#1315,.T.);
#1932 = ORIENTED_EDGE('',*,*,#334,.T.);
#1933 = ORIENTED_EDGE('',*,*,#1934,.F.);
#1934 = EDGE_CURVE('',#1556,#335,#1935,.T.);
#1935 = SURFACE_CURVE('',#1936,(#1940,#1947),.PCURVE_S1.);
#1936 = LINE('',#1937,#1938);
#1937 = CARTESIAN_POINT('',(32.,-21.04163056034,21.958369439657));
#1938 = VECTOR('',#1939,1.);
#1939 = DIRECTION('',(0.,-0.707106781187,0.707106781187));
#1940 = PCURVE('',#350,#1941);
#1941 = DEFINITIONAL_REPRESENTATION('',(#1942),#1946);
#1942 = LINE('',#1943,#1944);
#1943 = CARTESIAN_POINT('',(0.,67.));
#1944 = VECTOR('',#1945,1.);
#1945 = DIRECTION('',(1.,0.));
#1946 = ( GEOMETRIC_REPRESENTATION_CONTEXT(2) 
PARAMETRIC_REPRESENTATION_CONTEXT() REPRESENTATION_CONTEXT('2D SPACE',''
  ) );
#1947 = PCURVE('',#383,#1948);
#1948 = DEFINITIONAL_REPRESENTATION('',(#1949),#1953);
#1949 = LINE('',#1950,#1951);
#1950 = CARTESIAN_POINT('',(-1.570796326795,0.));
#1951 = VECTOR('',#1952,1.);
#1952 = DIRECTION('',(-0.,1.));
#1953 = ( GEOMETRIC_REPRESENTATION_CONTEXT(2) 
PARAMETRIC_REPRESENTATION_CONTEXT() REPRESENTATION_CONTEXT('2D SPACE',''
  ) );
#1954 = ORIENTED_EDGE('',*,*,#1555,.F.);
#1955 = ORIENTED_EDGE('',*,*,#1956,.T.);
#1956 = EDGE_CURVE('',#1528,#1957,#1959,.T.);
#1957 = VERTEX_POINT('',#1958);
#1958 = CARTESIAN_POINT('',(-6.,-24.71858582251,25.635324701827));
#1959 = SURFACE_CURVE('',#1960,(#1964,#1971),.PCURVE_S1.);
#1960 = LINE('',#1961,#1962);
#1961 = CARTESIAN_POINT('',(-12.13305473173,-17.05703904649,
    17.973777925813));
#1962 = VECTOR('',#1963,1.);
#1963 = DIRECTION('',(0.492598219852,-0.615364523595,0.615364523595));
#1964 = PCURVE('',#350,#1965);
#1965 = DEFINITIONAL_REPRESENTATION('',(#1966),#1970);
#1966 = LINE('',#1967,#1968);
#1967 = CARTESIAN_POINT('',(-5.635063359396,22.866945268266));
#1968 = VECTOR('',#1969,1.);
#1969 = DIRECTION('',(0.870256855071,0.492598219852));
#1970 = ( GEOMETRIC_REPRESENTATION_CONTEXT(2) 
PARAMETRIC_REPRESENTATION_CONTEXT() REPRESENTATION_CONTEXT('2D SPACE',''
  ) );
#1971 = PCURVE('',#1543,#1972);
#1972 = DEFINITIONAL_REPRESENTATION('',(#1973),#1977);
#1973 = LINE('',#1974,#1975);
#1974 = CARTESIAN_POINT('',(-6.360264015319,-60.1));
#1975 = VECTOR('',#1976,1.);
#1976 = DIRECTION('',(1.,-5.551115123126E-17));
#1977 = ( GEOMETRIC_REPRESENTATION_CONTEXT(2) 
PARAMETRIC_REPRESENTATION_CONTEXT() REPRESENTATION_CONTEXT('2D SPACE',''
  ) );
#1978 = ORIENTED_EDGE('',*,*,#1979,.T.);
#1979 = EDGE_CURVE('',#1957,#1980,#1982,.T.);
#1980 = VERTEX_POINT('',#1981);
#1981 = CARTESIAN_POINT('',(-24.,-24.71858582251,25.635324701827));
#1982 = SURFACE_CURVE('',#1983,(#1987,#1994),.PCURVE_S1.);
#1983 = LINE('',#1984,#1985);
#1984 = CARTESIAN_POINT('',(-20.5,-24.71858582251,25.635324701827));
#1985 = VECTOR('',#1986,1.);
#1986 = DIRECTION('',(-1.,0.,0.));
#1987 = PCURVE('',#350,#1988);
#1988 = DEFINITIONAL_REPRESENTATION('',(#1989),#1993);
#1989 = LINE('',#1990,#1991);
#1990 = CARTESIAN_POINT('',(5.2,14.5));
#1991 = VECTOR('',#1992,1.);
#1992 = DIRECTION('',(0.,-1.));
#1993 = ( GEOMETRIC_REPRESENTATION_CONTEXT(2) 
PARAMETRIC_REPRESENTATION_CONTEXT() REPRESENTATION_CONTEXT('2D SPACE',''
  ) );
#1994 = PCURVE('',#1995,#2000);
#1995 = PLANE('',#1996);
#1996 = AXIS2_PLACEMENT_3D('',#1997,#1998,#1999);
#1997 = CARTESIAN_POINT('',(-6.,17.778531726799,68.132442251139));
#1998 = DIRECTION('',(-0.,0.707106781187,-0.707106781187));
#1999 = DIRECTION('',(-1.,0.,0.));
#2000 = DEFINITIONAL_REPRESENTATION('',(#2001),#2005);
#2001 = LINE('',#2002,#2003);
#2002 = CARTESIAN_POINT('',(14.5,-60.1));
#2003 = VECTOR('',#2004,1.);
#2004 = DIRECTION('',(1.,0.));
#2005 = ( GEOMETRIC_REPRESENTATION_CONTEXT(2) 
PARAMETRIC_REPRESENTATION_CONTEXT() REPRESENTATION_CONTEXT('2D SPACE',''
  ) );
#2006 = ORIENTED_EDGE('',*,*,#2007,.T.);
#2007 = EDGE_CURVE('',#1980,#1449,#2008,.T.);
#2008 = SURFACE_CURVE('',#2009,(#2013,#2020),.PCURVE_S1.);
#2009 = LINE('',#2010,#2011);
#2010 = CARTESIAN_POINT('',(-24.22000539228,-24.9934213943,
    25.910160273615));
#2011 = VECTOR('',#2012,1.);
#2012 = DIRECTION('',(0.492598219852,0.615364523595,-0.615364523595));
#2013 = PCURVE('',#350,#2014);
#2014 = DEFINITIONAL_REPRESENTATION('',(#2015),#2019);
#2015 = LINE('',#2016,#2017);
#2016 = CARTESIAN_POINT('',(5.588676193044,10.779994607711));
#2017 = VECTOR('',#2018,1.);
#2018 = DIRECTION('',(-0.870256855071,0.492598219852));
#2019 = ( GEOMETRIC_REPRESENTATION_CONTEXT(2) 
PARAMETRIC_REPRESENTATION_CONTEXT() REPRESENTATION_CONTEXT('2D SPACE',''
  ) );
#2020 = PCURVE('',#1487,#2021);
#2021 = DEFINITIONAL_REPRESENTATION('',(#2022),#2026);
#2022 = LINE('',#2023,#2024);
#2023 = CARTESIAN_POINT('',(-0.446622385999,-60.1));
#2024 = VECTOR('',#2025,1.);
#2025 = DIRECTION('',(1.,5.551115123126E-17));
#2026 = ( GEOMETRIC_REPRESENTATION_CONTEXT(2) 
PARAMETRIC_REPRESENTATION_CONTEXT() REPRESENTATION_CONTEXT('2D SPACE',''
  ) );
#2027 = ADVANCED_FACE('',(#2028),#1045,.T.);
#2028 = FACE_BOUND('',#2029,.T.);
#2029 = EDGE_LOOP('',(#2030,#2053,#2081,#2104,#2125,#2126));
#2030 = ORIENTED_EDGE('',*,*,#2031,.F.);
#2031 = EDGE_CURVE('',#2032,#1002,#2034,.T.);
#2032 = VERTEX_POINT('',#2033);
#2033 = CARTESIAN_POINT('',(-32.5,-19.41528496361,32.3528391231));
#2034 = SURFACE_CURVE('',#2035,(#2039,#2046),.PCURVE_S1.);
#2035 = LINE('',#2036,#2037);
#2036 = CARTESIAN_POINT('',(-32.5,-19.37992962455,32.31748378404));
#2037 = VECTOR('',#2038,1.);
#2038 = DIRECTION('',(0.,-0.707106781187,0.707106781187));
#2039 = PCURVE('',#1045,#2040);
#2040 = DEFINITIONAL_REPRESENTATION('',(#2041),#2045);
#2041 = LINE('',#2042,#2043);
#2042 = CARTESIAN_POINT('',(-5.E-02,-6.));
#2043 = VECTOR('',#2044,1.);
#2044 = DIRECTION('',(1.,0.));
#2045 = ( GEOMETRIC_REPRESENTATION_CONTEXT(2) 
PARAMETRIC_REPRESENTATION_CONTEXT() REPRESENTATION_CONTEXT('2D SPACE',''
  ) );
#2046 = PCURVE('',#1017,#2047);
#2047 = DEFINITIONAL_REPRESENTATION('',(#2048),#2052);
#2048 = LINE('',#2049,#2050);
#2049 = CARTESIAN_POINT('',(5.E-02,0.1));
#2050 = VECTOR('',#2051,1.);
#2051 = DIRECTION('',(1.,0.));
#2052 = ( GEOMETRIC_REPRESENTATION_CONTEXT(2) 
PARAMETRIC_REPRESENTATION_CONTEXT() REPRESENTATION_CONTEXT('2D SPACE',''
  ) );
#2053 = ORIENTED_EDGE('',*,*,#2054,.T.);
#2054 = EDGE_CURVE('',#2032,#2055,#2057,.T.);
#2055 = VERTEX_POINT('',#2056);
#2056 = CARTESIAN_POINT('',(-32.5,-5.555992052357,46.212132034356));
#2057 = SURFACE_CURVE('',#2058,(#2062,#2069),.PCURVE_S1.);
#2058 = LINE('',#2059,#2060);
#2059 = CARTESIAN_POINT('',(-32.5,-23.65792565073,28.11019843598));
#2060 = VECTOR('',#2061,1.);
#2061 = DIRECTION('',(0.,0.707106781187,0.707106781187));
#2062 = PCURVE('',#1045,#2063);
#2063 = DEFINITIONAL_REPRESENTATION('',(#2064),#2068);
#2064 = LINE('',#2065,#2066);
#2065 = CARTESIAN_POINT('',(0.,0.));
#2066 = VECTOR('',#2067,1.);
#2067 = DIRECTION('',(0.,-1.));
#2068 = ( GEOMETRIC_REPRESENTATION_CONTEXT(2) 
PARAMETRIC_REPRESENTATION_CONTEXT() REPRESENTATION_CONTEXT('2D SPACE',''
  ) );
#2069 = PCURVE('',#2070,#2075);
#2070 = PLANE('',#2071);
#2071 = AXIS2_PLACEMENT_3D('',#2072,#2073,#2074);
#2072 = CARTESIAN_POINT('',(-32.5,-23.65792565073,28.11019843598));
#2073 = DIRECTION('',(0.,-0.707106781187,0.707106781187));
#2074 = DIRECTION('',(1.,0.,0.));
#2075 = DEFINITIONAL_REPRESENTATION('',(#2076),#2080);
#2076 = LINE('',#2077,#2078);
#2077 = CARTESIAN_POINT('',(0.,0.));
#2078 = VECTOR('',#2079,1.);
#2079 = DIRECTION('',(0.,1.));
#2080 = ( GEOMETRIC_REPRESENTATION_CONTEXT(2) 
PARAMETRIC_REPRESENTATION_CONTEXT() REPRESENTATION_CONTEXT('2D SPACE',''
  ) );
#2081 = ORIENTED_EDGE('',*,*,#2082,.T.);
#2082 = EDGE_CURVE('',#2055,#2083,#2085,.T.);
#2083 = VERTEX_POINT('',#2084);
#2084 = CARTESIAN_POINT('',(-32.5,-8.172287142747,48.828427124746));
#2085 = SURFACE_CURVE('',#2086,(#2090,#2097),.PCURVE_S1.);
#2086 = LINE('',#2087,#2088);
#2087 = CARTESIAN_POINT('',(-32.5,-5.555992052357,46.212132034356));
#2088 = VECTOR('',#2089,1.);
#2089 = DIRECTION('',(0.,-0.707106781187,0.707106781187));
#2090 = PCURVE('',#1045,#2091);
#2091 = DEFINITIONAL_REPRESENTATION('',(#2092),#2096);
#2092 = LINE('',#2093,#2094);
#2093 = CARTESIAN_POINT('',(0.,-25.6));
#2094 = VECTOR('',#2095,1.);
#2095 = DIRECTION('',(1.,0.));
#2096 = ( GEOMETRIC_REPRESENTATION_CONTEXT(2) 
PARAMETRIC_REPRESENTATION_CONTEXT() REPRESENTATION_CONTEXT('2D SPACE',''
  ) );
#2097 = PCURVE('',#630,#2098);
#2098 = DEFINITIONAL_REPRESENTATION('',(#2099),#2103);
#2099 = LINE('',#2100,#2101);
#2100 = CARTESIAN_POINT('',(0.,0.));
#2101 = VECTOR('',#2102,1.);
#2102 = DIRECTION('',(1.,0.));
#2103 = ( GEOMETRIC_REPRESENTATION_CONTEXT(2) 
PARAMETRIC_REPRESENTATION_CONTEXT() REPRESENTATION_CONTEXT('2D SPACE',''
  ) );
#2104 = ORIENTED_EDGE('',*,*,#2105,.T.);
#2105 = EDGE_CURVE('',#2083,#1367,#2106,.T.);
#2106 = SURFACE_CURVE('',#2107,(#2111,#2118),.PCURVE_S1.);
#2107 = LINE('',#2108,#2109);
#2108 = CARTESIAN_POINT('',(-32.5,-8.186429278371,48.814284989122));
#2109 = VECTOR('',#2110,1.);
#2110 = DIRECTION('',(0.,0.707106781187,0.707106781187));
#2111 = PCURVE('',#1045,#2112);
#2112 = DEFINITIONAL_REPRESENTATION('',(#2113),#2117);
#2113 = LINE('',#2114,#2115);
#2114 = CARTESIAN_POINT('',(3.7,-25.58));
#2115 = VECTOR('',#2116,1.);
#2116 = DIRECTION('',(0.,-1.));
#2117 = ( GEOMETRIC_REPRESENTATION_CONTEXT(2) 
PARAMETRIC_REPRESENTATION_CONTEXT() REPRESENTATION_CONTEXT('2D SPACE',''
  ) );
#2118 = PCURVE('',#1405,#2119);
#2119 = DEFINITIONAL_REPRESENTATION('',(#2120),#2124);
#2120 = LINE('',#2121,#2122);
#2121 = CARTESIAN_POINT('',(0.,0.));
#2122 = VECTOR('',#2123,1.);
#2123 = DIRECTION('',(0.,1.));
#2124 = ( GEOMETRIC_REPRESENTATION_CONTEXT(2) 
PARAMETRIC_REPRESENTATION_CONTEXT() REPRESENTATION_CONTEXT('2D SPACE',''
  ) );
#2125 = ORIENTED_EDGE('',*,*,#1366,.T.);
#2126 = ORIENTED_EDGE('',*,*,#1029,.F.);
#2127 = ADVANCED_FACE('',(#2128),#383,.T.);
#2128 = FACE_BOUND('',#2129,.F.);
#2129 = EDGE_LOOP('',(#2130,#2131,#2132,#2133));
#2130 = ORIENTED_EDGE('',*,*,#1578,.T.);
#2131 = ORIENTED_EDGE('',*,*,#1934,.T.);
#2132 = ORIENTED_EDGE('',*,*,#362,.F.);
#2133 = ORIENTED_EDGE('',*,*,#2134,.F.);
#2134 = EDGE_CURVE('',#1579,#363,#2135,.T.);
#2135 = SURFACE_CURVE('',#2136,(#2140,#2147),.PCURVE_S1.);
#2136 = LINE('',#2137,#2138);
#2137 = CARTESIAN_POINT('',(35.,-18.92031021678,24.079689783217));
#2138 = VECTOR('',#2139,1.);
#2139 = DIRECTION('',(0.,-0.707106781187,0.707106781187));
#2140 = PCURVE('',#383,#2141);
#2141 = DEFINITIONAL_REPRESENTATION('',(#2142),#2146);
#2142 = LINE('',#2143,#2144);
#2143 = CARTESIAN_POINT('',(-0.,0.));
#2144 = VECTOR('',#2145,1.);
#2145 = DIRECTION('',(-0.,1.));
#2146 = ( GEOMETRIC_REPRESENTATION_CONTEXT(2) 
PARAMETRIC_REPRESENTATION_CONTEXT() REPRESENTATION_CONTEXT('2D SPACE',''
  ) );
#2147 = PCURVE('',#411,#2148);
#2148 = DEFINITIONAL_REPRESENTATION('',(#2149),#2153);
#2149 = LINE('',#2150,#2151);
#2150 = CARTESIAN_POINT('',(2.22044604925E-16,-3.));
#2151 = VECTOR('',#2152,1.);
#2152 = DIRECTION('',(1.,0.));
#2153 = ( GEOMETRIC_REPRESENTATION_CONTEXT(2) 
PARAMETRIC_REPRESENTATION_CONTEXT() REPRESENTATION_CONTEXT('2D SPACE',''
  ) );
#2154 = ADVANCED_FACE('',(#2155),#1017,.T.);
#2155 = FACE_BOUND('',#2156,.T.);
#2156 = EDGE_LOOP('',(#2157,#2180,#2201,#2202));
#2157 = ORIENTED_EDGE('',*,*,#2158,.F.);
#2158 = EDGE_CURVE('',#2159,#974,#2161,.T.);
#2159 = VERTEX_POINT('',#2160);
#2160 = CARTESIAN_POINT('',(-27.5,-19.41528496361,32.3528391231));
#2161 = SURFACE_CURVE('',#2162,(#2166,#2173),.PCURVE_S1.);
#2162 = LINE('',#2163,#2164);
#2163 = CARTESIAN_POINT('',(-27.5,-19.34457428549,32.282128444981));
#2164 = VECTOR('',#2165,1.);
#2165 = DIRECTION('',(0.,-0.707106781187,0.707106781187));
#2166 = PCURVE('',#1017,#2167);
#2167 = DEFINITIONAL_REPRESENTATION('',(#2168),#2172);
#2168 = LINE('',#2169,#2170);
#2169 = CARTESIAN_POINT('',(0.,5.1));
#2170 = VECTOR('',#2171,1.);
#2171 = DIRECTION('',(1.,0.));
#2172 = ( GEOMETRIC_REPRESENTATION_CONTEXT(2) 
PARAMETRIC_REPRESENTATION_CONTEXT() REPRESENTATION_CONTEXT('2D SPACE',''
  ) );
#2173 = PCURVE('',#989,#2174);
#2174 = DEFINITIONAL_REPRESENTATION('',(#2175),#2179);
#2175 = LINE('',#2176,#2177);
#2176 = CARTESIAN_POINT('',(-4.440892098501E-15,-6.1));
#2177 = VECTOR('',#2178,1.);
#2178 = DIRECTION('',(1.,0.));
#2179 = ( GEOMETRIC_REPRESENTATION_CONTEXT(2) 
PARAMETRIC_REPRESENTATION_CONTEXT() REPRESENTATION_CONTEXT('2D SPACE',''
  ) );
#2180 = ORIENTED_EDGE('',*,*,#2181,.T.);
#2181 = EDGE_CURVE('',#2159,#2032,#2182,.T.);
#2182 = SURFACE_CURVE('',#2183,(#2187,#2194),.PCURVE_S1.);
#2183 = LINE('',#2184,#2185);
#2184 = CARTESIAN_POINT('',(-32.55,-19.41528496361,32.3528391231));
#2185 = VECTOR('',#2186,1.);
#2186 = DIRECTION('',(-1.,0.,0.));
#2187 = PCURVE('',#1017,#2188);
#2188 = DEFINITIONAL_REPRESENTATION('',(#2189),#2193);
#2189 = LINE('',#2190,#2191);
#2190 = CARTESIAN_POINT('',(0.1,5.E-02));
#2191 = VECTOR('',#2192,1.);
#2192 = DIRECTION('',(0.,-1.));
#2193 = ( GEOMETRIC_REPRESENTATION_CONTEXT(2) 
PARAMETRIC_REPRESENTATION_CONTEXT() REPRESENTATION_CONTEXT('2D SPACE',''
  ) );
#2194 = PCURVE('',#2070,#2195);
#2195 = DEFINITIONAL_REPRESENTATION('',(#2196),#2200);
#2196 = LINE('',#2197,#2198);
#2197 = CARTESIAN_POINT('',(-5.E-02,6.));
#2198 = VECTOR('',#2199,1.);
#2199 = DIRECTION('',(-1.,0.));
#2200 = ( GEOMETRIC_REPRESENTATION_CONTEXT(2) 
PARAMETRIC_REPRESENTATION_CONTEXT() REPRESENTATION_CONTEXT('2D SPACE',''
  ) );
#2201 = ORIENTED_EDGE('',*,*,#2031,.T.);
#2202 = ORIENTED_EDGE('',*,*,#1001,.T.);
#2203 = ADVANCED_FACE('',(#2204),#411,.T.);
#2204 = FACE_BOUND('',#2205,.T.);
#2205 = EDGE_LOOP('',(#2206,#2207,#2208,#2209));
#2206 = ORIENTED_EDGE('',*,*,#395,.F.);
#2207 = ORIENTED_EDGE('',*,*,#2134,.F.);
#2208 = ORIENTED_EDGE('',*,*,#1606,.T.);
#2209 = ORIENTED_EDGE('',*,*,#2210,.T.);
#2210 = EDGE_CURVE('',#1607,#396,#2211,.T.);
#2211 = SURFACE_CURVE('',#2212,(#2216,#2223),.PCURVE_S1.);
#2212 = LINE('',#2213,#2214);
#2213 = CARTESIAN_POINT('',(35.,26.688077169749,69.688077169749));
#2214 = VECTOR('',#2215,1.);
#2215 = DIRECTION('',(0.,-0.707106781187,0.707106781187));
#2216 = PCURVE('',#411,#2217);
#2217 = DEFINITIONAL_REPRESENTATION('',(#2218),#2222);
#2218 = LINE('',#2219,#2220);
#2219 = CARTESIAN_POINT('',(-7.105427357601E-15,-67.5));
#2220 = VECTOR('',#2221,1.);
#2221 = DIRECTION('',(1.,0.));
#2222 = ( GEOMETRIC_REPRESENTATION_CONTEXT(2) 
PARAMETRIC_REPRESENTATION_CONTEXT() REPRESENTATION_CONTEXT('2D SPACE',''
  ) );
#2223 = PCURVE('',#440,#2224);
#2224 = DEFINITIONAL_REPRESENTATION('',(#2225),#2229);
#2225 = LINE('',#2226,#2227);
#2226 = CARTESIAN_POINT('',(0.,0.));
#2227 = VECTOR('',#2228,1.);
#2228 = DIRECTION('',(0.,1.));
#2229 = ( GEOMETRIC_REPRESENTATION_CONTEXT(2) 
PARAMETRIC_REPRESENTATION_CONTEXT() REPRESENTATION_CONTEXT('2D SPACE',''
  ) );
#2230 = ADVANCED_FACE('',(#2231),#989,.T.);
#2231 = FACE_BOUND('',#2232,.T.);
#2232 = EDGE_LOOP('',(#2233,#2234,#2257,#2278));
#2233 = ORIENTED_EDGE('',*,*,#973,.F.);
#2234 = ORIENTED_EDGE('',*,*,#2235,.T.);
#2235 = EDGE_CURVE('',#946,#2236,#2238,.T.);
#2236 = VERTEX_POINT('',#2237);
#2237 = CARTESIAN_POINT('',(-27.5,-23.65792565073,28.11019843598));
#2238 = SURFACE_CURVE('',#2239,(#2243,#2250),.PCURVE_S1.);
#2239 = LINE('',#2240,#2241);
#2240 = CARTESIAN_POINT('',(-27.5,-23.62257031167,28.074843096921));
#2241 = VECTOR('',#2242,1.);
#2242 = DIRECTION('',(0.,0.707106781187,-0.707106781187));
#2243 = PCURVE('',#989,#2244);
#2244 = DEFINITIONAL_REPRESENTATION('',(#2245),#2249);
#2245 = LINE('',#2246,#2247);
#2246 = CARTESIAN_POINT('',(5.E-02,-1.E-01));
#2247 = VECTOR('',#2248,1.);
#2248 = DIRECTION('',(-1.,0.));
#2249 = ( GEOMETRIC_REPRESENTATION_CONTEXT(2) 
PARAMETRIC_REPRESENTATION_CONTEXT() REPRESENTATION_CONTEXT('2D SPACE',''
  ) );
#2250 = PCURVE('',#961,#2251);
#2251 = DEFINITIONAL_REPRESENTATION('',(#2252),#2256);
#2252 = LINE('',#2253,#2254);
#2253 = CARTESIAN_POINT('',(-5.E-02,5.));
#2254 = VECTOR('',#2255,1.);
#2255 = DIRECTION('',(-1.,0.));
#2256 = ( GEOMETRIC_REPRESENTATION_CONTEXT(2) 
PARAMETRIC_REPRESENTATION_CONTEXT() REPRESENTATION_CONTEXT('2D SPACE',''
  ) );
#2257 = ORIENTED_EDGE('',*,*,#2258,.T.);
#2258 = EDGE_CURVE('',#2236,#2159,#2259,.T.);
#2259 = SURFACE_CURVE('',#2260,(#2264,#2271),.PCURVE_S1.);
#2260 = LINE('',#2261,#2262);
#2261 = CARTESIAN_POINT('',(-27.5,-23.69328098979,28.074843096921));
#2262 = VECTOR('',#2263,1.);
#2263 = DIRECTION('',(0.,0.707106781187,0.707106781187));
#2264 = PCURVE('',#989,#2265);
#2265 = DEFINITIONAL_REPRESENTATION('',(#2266),#2270);
#2266 = LINE('',#2267,#2268);
#2267 = CARTESIAN_POINT('',(1.E-01,-5.E-02));
#2268 = VECTOR('',#2269,1.);
#2269 = DIRECTION('',(0.,-1.));
#2270 = ( GEOMETRIC_REPRESENTATION_CONTEXT(2) 
PARAMETRIC_REPRESENTATION_CONTEXT() REPRESENTATION_CONTEXT('2D SPACE',''
  ) );
#2271 = PCURVE('',#2070,#2272);
#2272 = DEFINITIONAL_REPRESENTATION('',(#2273),#2277);
#2273 = LINE('',#2274,#2275);
#2274 = CARTESIAN_POINT('',(5.,-5.E-02));
#2275 = VECTOR('',#2276,1.);
#2276 = DIRECTION('',(0.,1.));
#2277 = ( GEOMETRIC_REPRESENTATION_CONTEXT(2) 
PARAMETRIC_REPRESENTATION_CONTEXT() REPRESENTATION_CONTEXT('2D SPACE',''
  ) );
#2278 = ORIENTED_EDGE('',*,*,#2158,.T.);
#2279 = ADVANCED_FACE('',(#2280),#440,.T.);
#2280 = FACE_BOUND('',#2281,.T.);
#2281 = EDGE_LOOP('',(#2282,#2283,#2304,#2305));
#2282 = ORIENTED_EDGE('',*,*,#1629,.T.);
#2283 = ORIENTED_EDGE('',*,*,#2284,.T.);
#2284 = EDGE_CURVE('',#1630,#424,#2285,.T.);
#2285 = SURFACE_CURVE('',#2286,(#2290,#2297),.PCURVE_S1.);
#2286 = LINE('',#2287,#2288);
#2287 = CARTESIAN_POINT('',(32.,28.809397513309,71.809397513309));
#2288 = VECTOR('',#2289,1.);
#2289 = DIRECTION('',(0.,-0.707106781187,0.707106781187));
#2290 = PCURVE('',#440,#2291);
#2291 = DEFINITIONAL_REPRESENTATION('',(#2292),#2296);
#2292 = LINE('',#2293,#2294);
#2293 = CARTESIAN_POINT('',(1.570796326795,0.));
#2294 = VECTOR('',#2295,1.);
#2295 = DIRECTION('',(0.,1.));
#2296 = ( GEOMETRIC_REPRESENTATION_CONTEXT(2) 
PARAMETRIC_REPRESENTATION_CONTEXT() REPRESENTATION_CONTEXT('2D SPACE',''
  ) );
#2297 = PCURVE('',#468,#2298);
#2298 = DEFINITIONAL_REPRESENTATION('',(#2299),#2303);
#2299 = LINE('',#2300,#2301);
#2300 = CARTESIAN_POINT('',(0.,67.));
#2301 = VECTOR('',#2302,1.);
#2302 = DIRECTION('',(1.,0.));
#2303 = ( GEOMETRIC_REPRESENTATION_CONTEXT(2) 
PARAMETRIC_REPRESENTATION_CONTEXT() REPRESENTATION_CONTEXT('2D SPACE',''
  ) );
#2304 = ORIENTED_EDGE('',*,*,#423,.F.);
#2305 = ORIENTED_EDGE('',*,*,#2210,.F.);
#2306 = ADVANCED_FACE('',(#2307),#961,.T.);
#2307 = FACE_BOUND('',#2308,.T.);
#2308 = EDGE_LOOP('',(#2309,#2332,#2353,#2354));
#2309 = ORIENTED_EDGE('',*,*,#2310,.T.);
#2310 = EDGE_CURVE('',#918,#2311,#2313,.T.);
#2311 = VERTEX_POINT('',#2312);
#2312 = CARTESIAN_POINT('',(27.,-23.65792565073,28.11019843598));
#2313 = SURFACE_CURVE('',#2314,(#2318,#2325),.PCURVE_S1.);
#2314 = LINE('',#2315,#2316);
#2315 = CARTESIAN_POINT('',(27.,-23.62257031167,28.074843096921));
#2316 = VECTOR('',#2317,1.);
#2317 = DIRECTION('',(0.,0.707106781187,-0.707106781187));
#2318 = PCURVE('',#961,#2319);
#2319 = DEFINITIONAL_REPRESENTATION('',(#2320),#2324);
#2320 = LINE('',#2321,#2322);
#2321 = CARTESIAN_POINT('',(-5.E-02,59.5));
#2322 = VECTOR('',#2323,1.);
#2323 = DIRECTION('',(-1.,0.));
#2324 = ( GEOMETRIC_REPRESENTATION_CONTEXT(2) 
PARAMETRIC_REPRESENTATION_CONTEXT() REPRESENTATION_CONTEXT('2D SPACE',''
  ) );
#2325 = PCURVE('',#933,#2326);
#2326 = DEFINITIONAL_REPRESENTATION('',(#2327),#2331);
#2327 = LINE('',#2328,#2329);
#2328 = CARTESIAN_POINT('',(5.E-02,-1.E-01));
#2329 = VECTOR('',#2330,1.);
#2330 = DIRECTION('',(-1.,0.));
#2331 = ( GEOMETRIC_REPRESENTATION_CONTEXT(2) 
PARAMETRIC_REPRESENTATION_CONTEXT() REPRESENTATION_CONTEXT('2D SPACE',''
  ) );
#2332 = ORIENTED_EDGE('',*,*,#2333,.F.);
#2333 = EDGE_CURVE('',#2236,#2311,#2334,.T.);
#2334 = SURFACE_CURVE('',#2335,(#2339,#2346),.PCURVE_S1.);
#2335 = LINE('',#2336,#2337);
#2336 = CARTESIAN_POINT('',(-32.5,-23.65792565073,28.11019843598));
#2337 = VECTOR('',#2338,1.);
#2338 = DIRECTION('',(1.,0.,0.));
#2339 = PCURVE('',#961,#2340);
#2340 = DEFINITIONAL_REPRESENTATION('',(#2341),#2345);
#2341 = LINE('',#2342,#2343);
#2342 = CARTESIAN_POINT('',(0.,0.));
#2343 = VECTOR('',#2344,1.);
#2344 = DIRECTION('',(0.,1.));
#2345 = ( GEOMETRIC_REPRESENTATION_CONTEXT(2) 
PARAMETRIC_REPRESENTATION_CONTEXT() REPRESENTATION_CONTEXT('2D SPACE',''
  ) );
#2346 = PCURVE('',#2070,#2347);
#2347 = DEFINITIONAL_REPRESENTATION('',(#2348),#2352);
#2348 = LINE('',#2349,#2350);
#2349 = CARTESIAN_POINT('',(0.,0.));
#2350 = VECTOR('',#2351,1.);
#2351 = DIRECTION('',(1.,0.));
#2352 = ( GEOMETRIC_REPRESENTATION_CONTEXT(2) 
PARAMETRIC_REPRESENTATION_CONTEXT() REPRESENTATION_CONTEXT('2D SPACE',''
  ) );
#2353 = ORIENTED_EDGE('',*,*,#2235,.F.);
#2354 = ORIENTED_EDGE('',*,*,#945,.F.);
#2355 = ADVANCED_FACE('',(#2356),#468,.T.);
#2356 = FACE_BOUND('',#2357,.T.);
#2357 = EDGE_LOOP('',(#2358,#2359,#2360,#2361));
#2358 = ORIENTED_EDGE('',*,*,#1653,.F.);
#2359 = ORIENTED_EDGE('',*,*,#1755,.T.);
#2360 = ORIENTED_EDGE('',*,*,#452,.T.);
#2361 = ORIENTED_EDGE('',*,*,#2284,.F.);
#2362 = ADVANCED_FACE('',(#2363),#933,.F.);
#2363 = FACE_BOUND('',#2364,.F.);
#2364 = EDGE_LOOP('',(#2365,#2366,#2367,#2390));
#2365 = ORIENTED_EDGE('',*,*,#917,.F.);
#2366 = ORIENTED_EDGE('',*,*,#2310,.T.);
#2367 = ORIENTED_EDGE('',*,*,#2368,.T.);
#2368 = EDGE_CURVE('',#2311,#2369,#2371,.T.);
#2369 = VERTEX_POINT('',#2370);
#2370 = CARTESIAN_POINT('',(27.,-19.41528496361,32.3528391231));
#2371 = SURFACE_CURVE('',#2372,(#2376,#2383),.PCURVE_S1.);
#2372 = LINE('',#2373,#2374);
#2373 = CARTESIAN_POINT('',(27.,-23.69328098979,28.074843096921));
#2374 = VECTOR('',#2375,1.);
#2375 = DIRECTION('',(0.,0.707106781187,0.707106781187));
#2376 = PCURVE('',#933,#2377);
#2377 = DEFINITIONAL_REPRESENTATION('',(#2378),#2382);
#2378 = LINE('',#2379,#2380);
#2379 = CARTESIAN_POINT('',(1.E-01,-5.E-02));
#2380 = VECTOR('',#2381,1.);
#2381 = DIRECTION('',(0.,-1.));
#2382 = ( GEOMETRIC_REPRESENTATION_CONTEXT(2) 
PARAMETRIC_REPRESENTATION_CONTEXT() REPRESENTATION_CONTEXT('2D SPACE',''
  ) );
#2383 = PCURVE('',#2070,#2384);
#2384 = DEFINITIONAL_REPRESENTATION('',(#2385),#2389);
#2385 = LINE('',#2386,#2387);
#2386 = CARTESIAN_POINT('',(59.5,-5.E-02));
#2387 = VECTOR('',#2388,1.);
#2388 = DIRECTION('',(0.,1.));
#2389 = ( GEOMETRIC_REPRESENTATION_CONTEXT(2) 
PARAMETRIC_REPRESENTATION_CONTEXT() REPRESENTATION_CONTEXT('2D SPACE',''
  ) );
#2390 = ORIENTED_EDGE('',*,*,#2391,.T.);
#2391 = EDGE_CURVE('',#2369,#890,#2392,.T.);
#2392 = SURFACE_CURVE('',#2393,(#2397,#2404),.PCURVE_S1.);
#2393 = LINE('',#2394,#2395);
#2394 = CARTESIAN_POINT('',(27.,-19.34457428549,32.282128444981));
#2395 = VECTOR('',#2396,1.);
#2396 = DIRECTION('',(0.,-0.707106781187,0.707106781187));
#2397 = PCURVE('',#933,#2398);
#2398 = DEFINITIONAL_REPRESENTATION('',(#2399),#2403);
#2399 = LINE('',#2400,#2401);
#2400 = CARTESIAN_POINT('',(-4.440892098501E-15,-6.1));
#2401 = VECTOR('',#2402,1.);
#2402 = DIRECTION('',(1.,0.));
#2403 = ( GEOMETRIC_REPRESENTATION_CONTEXT(2) 
PARAMETRIC_REPRESENTATION_CONTEXT() REPRESENTATION_CONTEXT('2D SPACE',''
  ) );
#2404 = PCURVE('',#905,#2405);
#2405 = DEFINITIONAL_REPRESENTATION('',(#2406),#2410);
#2406 = LINE('',#2407,#2408);
#2407 = CARTESIAN_POINT('',(0.,0.));
#2408 = VECTOR('',#2409,1.);
#2409 = DIRECTION('',(1.,0.));
#2410 = ( GEOMETRIC_REPRESENTATION_CONTEXT(2) 
PARAMETRIC_REPRESENTATION_CONTEXT() REPRESENTATION_CONTEXT('2D SPACE',''
  ) );
#2411 = ADVANCED_FACE('',(#2412),#905,.T.);
#2412 = FACE_BOUND('',#2413,.T.);
#2413 = EDGE_LOOP('',(#2414,#2437,#2438,#2439));
#2414 = ORIENTED_EDGE('',*,*,#2415,.T.);
#2415 = EDGE_CURVE('',#2416,#2369,#2418,.T.);
#2416 = VERTEX_POINT('',#2417);
#2417 = CARTESIAN_POINT('',(32.,-19.41528496361,32.3528391231));
#2418 = SURFACE_CURVE('',#2419,(#2423,#2430),.PCURVE_S1.);
#2419 = LINE('',#2420,#2421);
#2420 = CARTESIAN_POINT('',(-2.75,-19.41528496361,32.3528391231));
#2421 = VECTOR('',#2422,1.);
#2422 = DIRECTION('',(-1.,0.,0.));
#2423 = PCURVE('',#905,#2424);
#2424 = DEFINITIONAL_REPRESENTATION('',(#2425),#2429);
#2425 = LINE('',#2426,#2427);
#2426 = CARTESIAN_POINT('',(0.1,-29.75));
#2427 = VECTOR('',#2428,1.);
#2428 = DIRECTION('',(0.,-1.));
#2429 = ( GEOMETRIC_REPRESENTATION_CONTEXT(2) 
PARAMETRIC_REPRESENTATION_CONTEXT() REPRESENTATION_CONTEXT('2D SPACE',''
  ) );
#2430 = PCURVE('',#2070,#2431);
#2431 = DEFINITIONAL_REPRESENTATION('',(#2432),#2436);
#2432 = LINE('',#2433,#2434);
#2433 = CARTESIAN_POINT('',(29.75,6.));
#2434 = VECTOR('',#2435,1.);
#2435 = DIRECTION('',(-1.,0.));
#2436 = ( GEOMETRIC_REPRESENTATION_CONTEXT(2) 
PARAMETRIC_REPRESENTATION_CONTEXT() REPRESENTATION_CONTEXT('2D SPACE',''
  ) );
#2437 = ORIENTED_EDGE('',*,*,#2391,.T.);
#2438 = ORIENTED_EDGE('',*,*,#889,.T.);
#2439 = ORIENTED_EDGE('',*,*,#2440,.F.);
#2440 = EDGE_CURVE('',#2416,#862,#2441,.T.);
#2441 = SURFACE_CURVE('',#2442,(#2446,#2453),.PCURVE_S1.);
#2442 = LINE('',#2443,#2444);
#2443 = CARTESIAN_POINT('',(32.,-19.37992962455,32.31748378404));
#2444 = VECTOR('',#2445,1.);
#2445 = DIRECTION('',(0.,-0.707106781187,0.707106781187));
#2446 = PCURVE('',#905,#2447);
#2447 = DEFINITIONAL_REPRESENTATION('',(#2448),#2452);
#2448 = LINE('',#2449,#2450);
#2449 = CARTESIAN_POINT('',(5.E-02,5.));
#2450 = VECTOR('',#2451,1.);
#2451 = DIRECTION('',(1.,0.));
#2452 = ( GEOMETRIC_REPRESENTATION_CONTEXT(2) 
PARAMETRIC_REPRESENTATION_CONTEXT() REPRESENTATION_CONTEXT('2D SPACE',''
  ) );
#2453 = PCURVE('',#877,#2454);
#2454 = DEFINITIONAL_REPRESENTATION('',(#2455),#2459);
#2455 = LINE('',#2456,#2457);
#2456 = CARTESIAN_POINT('',(-5.E-02,-6.));
#2457 = VECTOR('',#2458,1.);
#2458 = DIRECTION('',(1.,0.));
#2459 = ( GEOMETRIC_REPRESENTATION_CONTEXT(2) 
PARAMETRIC_REPRESENTATION_CONTEXT() REPRESENTATION_CONTEXT('2D SPACE',''
  ) );
#2460 = ADVANCED_FACE('',(#2461),#877,.F.);
#2461 = FACE_BOUND('',#2462,.F.);
#2462 = EDGE_LOOP('',(#2463,#2464,#2487,#2508));
#2463 = ORIENTED_EDGE('',*,*,#2440,.F.);
#2464 = ORIENTED_EDGE('',*,*,#2465,.T.);
#2465 = EDGE_CURVE('',#2416,#2466,#2468,.T.);
#2466 = VERTEX_POINT('',#2467);
#2467 = CARTESIAN_POINT('',(32.,-5.555992052357,46.212132034356));
#2468 = SURFACE_CURVE('',#2469,(#2473,#2480),.PCURVE_S1.);
#2469 = LINE('',#2470,#2471);
#2470 = CARTESIAN_POINT('',(32.,-23.65792565073,28.11019843598));
#2471 = VECTOR('',#2472,1.);
#2472 = DIRECTION('',(0.,0.707106781187,0.707106781187));
#2473 = PCURVE('',#877,#2474);
#2474 = DEFINITIONAL_REPRESENTATION('',(#2475),#2479);
#2475 = LINE('',#2476,#2477);
#2476 = CARTESIAN_POINT('',(0.,0.));
#2477 = VECTOR('',#2478,1.);
#2478 = DIRECTION('',(0.,-1.));
#2479 = ( GEOMETRIC_REPRESENTATION_CONTEXT(2) 
PARAMETRIC_REPRESENTATION_CONTEXT() REPRESENTATION_CONTEXT('2D SPACE',''
  ) );
#2480 = PCURVE('',#2070,#2481);
#2481 = DEFINITIONAL_REPRESENTATION('',(#2482),#2486);
#2482 = LINE('',#2483,#2484);
#2483 = CARTESIAN_POINT('',(64.5,0.));
#2484 = VECTOR('',#2485,1.);
#2485 = DIRECTION('',(0.,1.));
#2486 = ( GEOMETRIC_REPRESENTATION_CONTEXT(2) 
PARAMETRIC_REPRESENTATION_CONTEXT() REPRESENTATION_CONTEXT('2D SPACE',''
  ) );
#2487 = ORIENTED_EDGE('',*,*,#2488,.T.);
#2488 = EDGE_CURVE('',#2466,#834,#2489,.T.);
#2489 = SURFACE_CURVE('',#2490,(#2494,#2501),.PCURVE_S1.);
#2490 = LINE('',#2491,#2492);
#2491 = CARTESIAN_POINT('',(32.,-5.555992052357,46.212132034356));
#2492 = VECTOR('',#2493,1.);
#2493 = DIRECTION('',(0.,-0.707106781187,0.707106781187));
#2494 = PCURVE('',#877,#2495);
#2495 = DEFINITIONAL_REPRESENTATION('',(#2496),#2500);
#2496 = LINE('',#2497,#2498);
#2497 = CARTESIAN_POINT('',(0.,-25.6));
#2498 = VECTOR('',#2499,1.);
#2499 = DIRECTION('',(1.,0.));
#2500 = ( GEOMETRIC_REPRESENTATION_CONTEXT(2) 
PARAMETRIC_REPRESENTATION_CONTEXT() REPRESENTATION_CONTEXT('2D SPACE',''
  ) );
#2501 = PCURVE('',#849,#2502);
#2502 = DEFINITIONAL_REPRESENTATION('',(#2503),#2507);
#2503 = LINE('',#2504,#2505);
#2504 = CARTESIAN_POINT('',(0.,64.5));
#2505 = VECTOR('',#2506,1.);
#2506 = DIRECTION('',(1.,0.));
#2507 = ( GEOMETRIC_REPRESENTATION_CONTEXT(2) 
PARAMETRIC_REPRESENTATION_CONTEXT() REPRESENTATION_CONTEXT('2D SPACE',''
  ) );
#2508 = ORIENTED_EDGE('',*,*,#861,.F.);
#2509 = ADVANCED_FACE('',(#2510),#849,.F.);
#2510 = FACE_BOUND('',#2511,.F.);
#2511 = EDGE_LOOP('',(#2512,#2513,#2536,#2557));
#2512 = ORIENTED_EDGE('',*,*,#2488,.F.);
#2513 = ORIENTED_EDGE('',*,*,#2514,.F.);
#2514 = EDGE_CURVE('',#2515,#2466,#2517,.T.);
#2515 = VERTEX_POINT('',#2516);
#2516 = CARTESIAN_POINT('',(26.,-5.555992052357,46.212132034356));
#2517 = SURFACE_CURVE('',#2518,(#2522,#2529),.PCURVE_S1.);
#2518 = LINE('',#2519,#2520);
#2519 = CARTESIAN_POINT('',(-32.5,-5.555992052357,46.212132034356));
#2520 = VECTOR('',#2521,1.);
#2521 = DIRECTION('',(1.,0.,0.));
#2522 = PCURVE('',#849,#2523);
#2523 = DEFINITIONAL_REPRESENTATION('',(#2524),#2528);
#2524 = LINE('',#2525,#2526);
#2525 = CARTESIAN_POINT('',(0.,0.));
#2526 = VECTOR('',#2527,1.);
#2527 = DIRECTION('',(0.,1.));
#2528 = ( GEOMETRIC_REPRESENTATION_CONTEXT(2) 
PARAMETRIC_REPRESENTATION_CONTEXT() REPRESENTATION_CONTEXT('2D SPACE',''
  ) );
#2529 = PCURVE('',#2070,#2530);
#2530 = DEFINITIONAL_REPRESENTATION('',(#2531),#2535);
#2531 = LINE('',#2532,#2533);
#2532 = CARTESIAN_POINT('',(0.,25.6));
#2533 = VECTOR('',#2534,1.);
#2534 = DIRECTION('',(1.,0.));
#2535 = ( GEOMETRIC_REPRESENTATION_CONTEXT(2) 
PARAMETRIC_REPRESENTATION_CONTEXT() REPRESENTATION_CONTEXT('2D SPACE',''
  ) );
#2536 = ORIENTED_EDGE('',*,*,#2537,.F.);
#2537 = EDGE_CURVE('',#806,#2515,#2538,.T.);
#2538 = SURFACE_CURVE('',#2539,(#2543,#2550),.PCURVE_S1.);
#2539 = LINE('',#2540,#2541);
#2540 = CARTESIAN_POINT('',(26.,-5.555992052357,46.212132034356));
#2541 = VECTOR('',#2542,1.);
#2542 = DIRECTION('',(0.,0.707106781187,-0.707106781187));
#2543 = PCURVE('',#849,#2544);
#2544 = DEFINITIONAL_REPRESENTATION('',(#2545),#2549);
#2545 = LINE('',#2546,#2547);
#2546 = CARTESIAN_POINT('',(0.,58.5));
#2547 = VECTOR('',#2548,1.);
#2548 = DIRECTION('',(-1.,0.));
#2549 = ( GEOMETRIC_REPRESENTATION_CONTEXT(2) 
PARAMETRIC_REPRESENTATION_CONTEXT() REPRESENTATION_CONTEXT('2D SPACE',''
  ) );
#2550 = PCURVE('',#821,#2551);
#2551 = DEFINITIONAL_REPRESENTATION('',(#2552),#2556);
#2552 = LINE('',#2553,#2554);
#2553 = CARTESIAN_POINT('',(2.518818487118E-15,-0.1));
#2554 = VECTOR('',#2555,1.);
#2555 = DIRECTION('',(-1.,0.));
#2556 = ( GEOMETRIC_REPRESENTATION_CONTEXT(2) 
PARAMETRIC_REPRESENTATION_CONTEXT() REPRESENTATION_CONTEXT('2D SPACE',''
  ) );
#2557 = ORIENTED_EDGE('',*,*,#833,.F.);
#2558 = ADVANCED_FACE('',(#2559),#546,.T.);
#2559 = FACE_BOUND('',#2560,.T.);
#2560 = EDGE_LOOP('',(#2561,#2562,#2563,#2586));
#2561 = ORIENTED_EDGE('',*,*,#530,.F.);
#2562 = ORIENTED_EDGE('',*,*,#1784,.F.);
#2563 = ORIENTED_EDGE('',*,*,#2564,.T.);
#2564 = EDGE_CURVE('',#1785,#2565,#2567,.T.);
#2565 = VERTEX_POINT('',#2566);
#2566 = CARTESIAN_POINT('',(-32.5,18.273506473629,75.274220741123));
#2567 = SURFACE_CURVE('',#2568,(#2572,#2579),.PCURVE_S1.);
#2568 = LINE('',#2569,#2570);
#2569 = CARTESIAN_POINT('',(-32.5,-8.186429278371,48.814284989122));
#2570 = VECTOR('',#2571,1.);
#2571 = DIRECTION('',(0.,0.707106781187,0.707106781187));
#2572 = PCURVE('',#546,#2573);
#2573 = DEFINITIONAL_REPRESENTATION('',(#2574),#2578);
#2574 = LINE('',#2575,#2576);
#2575 = CARTESIAN_POINT('',(3.7,-25.58));
#2576 = VECTOR('',#2577,1.);
#2577 = DIRECTION('',(0.,-1.));
#2578 = ( GEOMETRIC_REPRESENTATION_CONTEXT(2) 
PARAMETRIC_REPRESENTATION_CONTEXT() REPRESENTATION_CONTEXT('2D SPACE',''
  ) );
#2579 = PCURVE('',#1405,#2580);
#2580 = DEFINITIONAL_REPRESENTATION('',(#2581),#2585);
#2581 = LINE('',#2582,#2583);
#2582 = CARTESIAN_POINT('',(0.,0.));
#2583 = VECTOR('',#2584,1.);
#2584 = DIRECTION('',(0.,1.));
#2585 = ( GEOMETRIC_REPRESENTATION_CONTEXT(2) 
PARAMETRIC_REPRESENTATION_CONTEXT() REPRESENTATION_CONTEXT('2D SPACE',''
  ) );
#2586 = ORIENTED_EDGE('',*,*,#2587,.T.);
#2587 = EDGE_CURVE('',#2565,#531,#2588,.T.);
#2588 = SURFACE_CURVE('',#2589,(#2593,#2600),.PCURVE_S1.);
#2589 = LINE('',#2590,#2591);
#2590 = CARTESIAN_POINT('',(-32.5,18.273506473629,75.274220741123));
#2591 = VECTOR('',#2592,1.);
#2592 = DIRECTION('',(0.,-0.707106781187,0.707106781187));
#2593 = PCURVE('',#546,#2594);
#2594 = DEFINITIONAL_REPRESENTATION('',(#2595),#2599);
#2595 = LINE('',#2596,#2597);
#2596 = CARTESIAN_POINT('',(3.7,-63.));
#2597 = VECTOR('',#2598,1.);
#2598 = DIRECTION('',(1.,0.));
#2599 = ( GEOMETRIC_REPRESENTATION_CONTEXT(2) 
PARAMETRIC_REPRESENTATION_CONTEXT() REPRESENTATION_CONTEXT('2D SPACE',''
  ) );
#2600 = PCURVE('',#574,#2601);
#2601 = DEFINITIONAL_REPRESENTATION('',(#2602),#2606);
#2602 = LINE('',#2603,#2604);
#2603 = CARTESIAN_POINT('',(0.,0.));
#2604 = VECTOR('',#2605,1.);
#2605 = DIRECTION('',(1.,0.));
#2606 = ( GEOMETRIC_REPRESENTATION_CONTEXT(2) 
PARAMETRIC_REPRESENTATION_CONTEXT() REPRESENTATION_CONTEXT('2D SPACE',''
  ) );
#2607 = ADVANCED_FACE('',(#2608),#821,.F.);
#2608 = FACE_BOUND('',#2609,.F.);
#2609 = EDGE_LOOP('',(#2610,#2611,#2634,#2655));
#2610 = ORIENTED_EDGE('',*,*,#2537,.T.);
#2611 = ORIENTED_EDGE('',*,*,#2612,.T.);
#2612 = EDGE_CURVE('',#2515,#2613,#2615,.T.);
#2613 = VERTEX_POINT('',#2614);
#2614 = CARTESIAN_POINT('',(26.,-4.566042558696,47.202081528017));
#2615 = SURFACE_CURVE('',#2616,(#2620,#2627),.PCURVE_S1.);
#2616 = LINE('',#2617,#2618);
#2617 = CARTESIAN_POINT('',(26.,-5.626702730476,46.141421356237));
#2618 = VECTOR('',#2619,1.);
#2619 = DIRECTION('',(0.,0.707106781187,0.707106781187));
#2620 = PCURVE('',#821,#2621);
#2621 = DEFINITIONAL_REPRESENTATION('',(#2622),#2626);
#2622 = LINE('',#2623,#2624);
#2623 = CARTESIAN_POINT('',(0.,0.));
#2624 = VECTOR('',#2625,1.);
#2625 = DIRECTION('',(0.,-1.));
#2626 = ( GEOMETRIC_REPRESENTATION_CONTEXT(2) 
PARAMETRIC_REPRESENTATION_CONTEXT() REPRESENTATION_CONTEXT('2D SPACE',''
  ) );
#2627 = PCURVE('',#2070,#2628);
#2628 = DEFINITIONAL_REPRESENTATION('',(#2629),#2633);
#2629 = LINE('',#2630,#2631);
#2630 = CARTESIAN_POINT('',(58.5,25.5));
#2631 = VECTOR('',#2632,1.);
#2632 = DIRECTION('',(0.,1.));
#2633 = ( GEOMETRIC_REPRESENTATION_CONTEXT(2) 
PARAMETRIC_REPRESENTATION_CONTEXT() REPRESENTATION_CONTEXT('2D SPACE',''
  ) );
#2634 = ORIENTED_EDGE('',*,*,#2635,.F.);
#2635 = EDGE_CURVE('',#783,#2613,#2636,.T.);
#2636 = SURFACE_CURVE('',#2637,(#2641,#2648),.PCURVE_S1.);
#2637 = LINE('',#2638,#2639);
#2638 = CARTESIAN_POINT('',(26.,-2.904341622908,45.540380592229));
#2639 = VECTOR('',#2640,1.);
#2640 = DIRECTION('',(0.,0.707106781187,-0.707106781187));
#2641 = PCURVE('',#821,#2642);
#2642 = DEFINITIONAL_REPRESENTATION('',(#2643),#2647);
#2643 = LINE('',#2644,#2645);
#2644 = CARTESIAN_POINT('',(-2.35,-1.5));
#2645 = VECTOR('',#2646,1.);
#2646 = DIRECTION('',(-1.,0.));
#2647 = ( GEOMETRIC_REPRESENTATION_CONTEXT(2) 
PARAMETRIC_REPRESENTATION_CONTEXT() REPRESENTATION_CONTEXT('2D SPACE',''
  ) );
#2648 = PCURVE('',#686,#2649);
#2649 = DEFINITIONAL_REPRESENTATION('',(#2650),#2654);
#2650 = LINE('',#2651,#2652);
#2651 = CARTESIAN_POINT('',(2.35,21.));
#2652 = VECTOR('',#2653,1.);
#2653 = DIRECTION('',(-1.,0.));
#2654 = ( GEOMETRIC_REPRESENTATION_CONTEXT(2) 
PARAMETRIC_REPRESENTATION_CONTEXT() REPRESENTATION_CONTEXT('2D SPACE',''
  ) );
#2655 = ORIENTED_EDGE('',*,*,#805,.F.);
#2656 = ADVANCED_FACE('',(#2657),#574,.F.);
#2657 = FACE_BOUND('',#2658,.F.);
#2658 = EDGE_LOOP('',(#2659,#2682,#2703,#2704));
#2659 = ORIENTED_EDGE('',*,*,#2660,.F.);
#2660 = EDGE_CURVE('',#2661,#559,#2663,.T.);
#2661 = VERTEX_POINT('',#2662);
#2662 = CARTESIAN_POINT('',(-0.5,18.273506473629,75.274220741123));
#2663 = SURFACE_CURVE('',#2664,(#2668,#2675),.PCURVE_S1.);
#2664 = LINE('',#2665,#2666);
#2665 = CARTESIAN_POINT('',(-0.5,18.273506473629,75.274220741123));
#2666 = VECTOR('',#2667,1.);
#2667 = DIRECTION('',(0.,-0.707106781187,0.707106781187));
#2668 = PCURVE('',#574,#2669);
#2669 = DEFINITIONAL_REPRESENTATION('',(#2670),#2674);
#2670 = LINE('',#2671,#2672);
#2671 = CARTESIAN_POINT('',(0.,32.));
#2672 = VECTOR('',#2673,1.);
#2673 = DIRECTION('',(1.,0.));
#2674 = ( GEOMETRIC_REPRESENTATION_CONTEXT(2) 
PARAMETRIC_REPRESENTATION_CONTEXT() REPRESENTATION_CONTEXT('2D SPACE',''
  ) );
#2675 = PCURVE('',#602,#2676);
#2676 = DEFINITIONAL_REPRESENTATION('',(#2677),#2681);
#2677 = LINE('',#2678,#2679);
#2678 = CARTESIAN_POINT('',(3.552713678801E-15,-37.42));
#2679 = VECTOR('',#2680,1.);
#2680 = DIRECTION('',(1.,0.));
#2681 = ( GEOMETRIC_REPRESENTATION_CONTEXT(2) 
PARAMETRIC_REPRESENTATION_CONTEXT() REPRESENTATION_CONTEXT('2D SPACE',''
  ) );
#2682 = ORIENTED_EDGE('',*,*,#2683,.F.);
#2683 = EDGE_CURVE('',#2565,#2661,#2684,.T.);
#2684 = SURFACE_CURVE('',#2685,(#2689,#2696),.PCURVE_S1.);
#2685 = LINE('',#2686,#2687);
#2686 = CARTESIAN_POINT('',(-32.5,18.273506473629,75.274220741123));
#2687 = VECTOR('',#2688,1.);
#2688 = DIRECTION('',(1.,0.,0.));
#2689 = PCURVE('',#574,#2690);
#2690 = DEFINITIONAL_REPRESENTATION('',(#2691),#2695);
#2691 = LINE('',#2692,#2693);
#2692 = CARTESIAN_POINT('',(0.,0.));
#2693 = VECTOR('',#2694,1.);
#2694 = DIRECTION('',(0.,1.));
#2695 = ( GEOMETRIC_REPRESENTATION_CONTEXT(2) 
PARAMETRIC_REPRESENTATION_CONTEXT() REPRESENTATION_CONTEXT('2D SPACE',''
  ) );
#2696 = PCURVE('',#1405,#2697);
#2697 = DEFINITIONAL_REPRESENTATION('',(#2698),#2702);
#2698 = LINE('',#2699,#2700);
#2699 = CARTESIAN_POINT('',(0.,37.42));
#2700 = VECTOR('',#2701,1.);
#2701 = DIRECTION('',(1.,0.));
#2702 = ( GEOMETRIC_REPRESENTATION_CONTEXT(2) 
PARAMETRIC_REPRESENTATION_CONTEXT() REPRESENTATION_CONTEXT('2D SPACE',''
  ) );
#2703 = ORIENTED_EDGE('',*,*,#2587,.T.);
#2704 = ORIENTED_EDGE('',*,*,#558,.F.);
#2705 = ADVANCED_FACE('',(#2706),#686,.T.);
#2706 = FACE_BOUND('',#2707,.T.);
#2707 = EDGE_LOOP('',(#2708,#2731,#2759,#2780,#2781,#2804,#2825,#2826));
#2708 = ORIENTED_EDGE('',*,*,#2709,.F.);
#2709 = EDGE_CURVE('',#2710,#755,#2712,.T.);
#2710 = VERTEX_POINT('',#2711);
#2711 = CARTESIAN_POINT('',(32.,-1.242640687119,43.87867965644));
#2712 = SURFACE_CURVE('',#2713,(#2717,#2724),.PCURVE_S1.);
#2713 = LINE('',#2714,#2715);
#2714 = CARTESIAN_POINT('',(32.,-1.242640687119,43.87867965644));
#2715 = VECTOR('',#2716,1.);
#2716 = DIRECTION('',(0.,-0.707106781187,0.707106781187));
#2717 = PCURVE('',#686,#2718);
#2718 = DEFINITIONAL_REPRESENTATION('',(#2719),#2723);
#2719 = LINE('',#2720,#2721);
#2720 = CARTESIAN_POINT('',(0.,27.));
#2721 = VECTOR('',#2722,1.);
#2722 = DIRECTION('',(1.,0.));
#2723 = ( GEOMETRIC_REPRESENTATION_CONTEXT(2) 
PARAMETRIC_REPRESENTATION_CONTEXT() REPRESENTATION_CONTEXT('2D SPACE',''
  ) );
#2724 = PCURVE('',#770,#2725);
#2725 = DEFINITIONAL_REPRESENTATION('',(#2726),#2730);
#2726 = LINE('',#2727,#2728);
#2727 = CARTESIAN_POINT('',(0.,0.));
#2728 = VECTOR('',#2729,1.);
#2729 = DIRECTION('',(1.,0.));
#2730 = ( GEOMETRIC_REPRESENTATION_CONTEXT(2) 
PARAMETRIC_REPRESENTATION_CONTEXT() REPRESENTATION_CONTEXT('2D SPACE',''
  ) );
#2731 = ORIENTED_EDGE('',*,*,#2732,.F.);
#2732 = EDGE_CURVE('',#2733,#2710,#2735,.T.);
#2733 = VERTEX_POINT('',#2734);
#2734 = CARTESIAN_POINT('',(5.,-1.242640687119,43.87867965644));
#2735 = SURFACE_CURVE('',#2736,(#2740,#2747),.PCURVE_S1.);
#2736 = LINE('',#2737,#2738);
#2737 = CARTESIAN_POINT('',(5.,-1.242640687119,43.87867965644));
#2738 = VECTOR('',#2739,1.);
#2739 = DIRECTION('',(1.,0.,0.));
#2740 = PCURVE('',#686,#2741);
#2741 = DEFINITIONAL_REPRESENTATION('',(#2742),#2746);
#2742 = LINE('',#2743,#2744);
#2743 = CARTESIAN_POINT('',(0.,0.));
#2744 = VECTOR('',#2745,1.);
#2745 = DIRECTION('',(0.,1.));
#2746 = ( GEOMETRIC_REPRESENTATION_CONTEXT(2) 
PARAMETRIC_REPRESENTATION_CONTEXT() REPRESENTATION_CONTEXT('2D SPACE',''
  ) );
#2747 = PCURVE('',#2748,#2753);
#2748 = PLANE('',#2749);
#2749 = AXIS2_PLACEMENT_3D('',#2750,#2751,#2752);
#2750 = CARTESIAN_POINT('',(5.,-1.242640687119,43.87867965644));
#2751 = DIRECTION('',(0.,-0.707106781187,0.707106781187));
#2752 = DIRECTION('',(1.,0.,0.));
#2753 = DEFINITIONAL_REPRESENTATION('',(#2754),#2758);
#2754 = LINE('',#2755,#2756);
#2755 = CARTESIAN_POINT('',(0.,0.));
#2756 = VECTOR('',#2757,1.);
#2757 = DIRECTION('',(1.,0.));
#2758 = ( GEOMETRIC_REPRESENTATION_CONTEXT(2) 
PARAMETRIC_REPRESENTATION_CONTEXT() REPRESENTATION_CONTEXT('2D SPACE',''
  ) );
#2759 = ORIENTED_EDGE('',*,*,#2760,.T.);
#2760 = EDGE_CURVE('',#2733,#671,#2761,.T.);
#2761 = SURFACE_CURVE('',#2762,(#2766,#2773),.PCURVE_S1.);
#2762 = LINE('',#2763,#2764);
#2763 = CARTESIAN_POINT('',(5.,-1.242640687119,43.87867965644));
#2764 = VECTOR('',#2765,1.);
#2765 = DIRECTION('',(0.,-0.707106781187,0.707106781187));
#2766 = PCURVE('',#686,#2767);
#2767 = DEFINITIONAL_REPRESENTATION('',(#2768),#2772);
#2768 = LINE('',#2769,#2770);
#2769 = CARTESIAN_POINT('',(0.,0.));
#2770 = VECTOR('',#2771,1.);
#2771 = DIRECTION('',(1.,0.));
#2772 = ( GEOMETRIC_REPRESENTATION_CONTEXT(2) 
PARAMETRIC_REPRESENTATION_CONTEXT() REPRESENTATION_CONTEXT('2D SPACE',''
  ) );
#2773 = PCURVE('',#714,#2774);
#2774 = DEFINITIONAL_REPRESENTATION('',(#2775),#2779);
#2775 = LINE('',#2776,#2777);
#2776 = CARTESIAN_POINT('',(0.,0.));
#2777 = VECTOR('',#2778,1.);
#2778 = DIRECTION('',(1.,0.));
#2779 = ( GEOMETRIC_REPRESENTATION_CONTEXT(2) 
PARAMETRIC_REPRESENTATION_CONTEXT() REPRESENTATION_CONTEXT('2D SPACE',''
  ) );
#2780 = ORIENTED_EDGE('',*,*,#670,.F.);
#2781 = ORIENTED_EDGE('',*,*,#2782,.T.);
#2782 = EDGE_CURVE('',#643,#2783,#2785,.T.);
#2783 = VERTEX_POINT('',#2784);
#2784 = CARTESIAN_POINT('',(11.,-4.566042558696,47.202081528017));
#2785 = SURFACE_CURVE('',#2786,(#2790,#2797),.PCURVE_S1.);
#2786 = LINE('',#2787,#2788);
#2787 = CARTESIAN_POINT('',(11.,-2.904341622908,45.540380592229));
#2788 = VECTOR('',#2789,1.);
#2789 = DIRECTION('',(0.,0.707106781187,-0.707106781187));
#2790 = PCURVE('',#686,#2791);
#2791 = DEFINITIONAL_REPRESENTATION('',(#2792),#2796);
#2792 = LINE('',#2793,#2794);
#2793 = CARTESIAN_POINT('',(2.35,6.));
#2794 = VECTOR('',#2795,1.);
#2795 = DIRECTION('',(-1.,0.));
#2796 = ( GEOMETRIC_REPRESENTATION_CONTEXT(2) 
PARAMETRIC_REPRESENTATION_CONTEXT() REPRESENTATION_CONTEXT('2D SPACE',''
  ) );
#2797 = PCURVE('',#658,#2798);
#2798 = DEFINITIONAL_REPRESENTATION('',(#2799),#2803);
#2799 = LINE('',#2800,#2801);
#2800 = CARTESIAN_POINT('',(-2.35,-1.5));
#2801 = VECTOR('',#2802,1.);
#2802 = DIRECTION('',(-1.,0.));
#2803 = ( GEOMETRIC_REPRESENTATION_CONTEXT(2) 
PARAMETRIC_REPRESENTATION_CONTEXT() REPRESENTATION_CONTEXT('2D SPACE',''
  ) );
#2804 = ORIENTED_EDGE('',*,*,#2805,.T.);
#2805 = EDGE_CURVE('',#2783,#2613,#2806,.T.);
#2806 = SURFACE_CURVE('',#2807,(#2811,#2818),.PCURVE_S1.);
#2807 = LINE('',#2808,#2809);
#2808 = CARTESIAN_POINT('',(8.,-4.566042558696,47.202081528017));
#2809 = VECTOR('',#2810,1.);
#2810 = DIRECTION('',(1.,0.,0.));
#2811 = PCURVE('',#686,#2812);
#2812 = DEFINITIONAL_REPRESENTATION('',(#2813),#2817);
#2813 = LINE('',#2814,#2815);
#2814 = CARTESIAN_POINT('',(4.7,3.));
#2815 = VECTOR('',#2816,1.);
#2816 = DIRECTION('',(0.,1.));
#2817 = ( GEOMETRIC_REPRESENTATION_CONTEXT(2) 
PARAMETRIC_REPRESENTATION_CONTEXT() REPRESENTATION_CONTEXT('2D SPACE',''
  ) );
#2818 = PCURVE('',#2070,#2819);
#2819 = DEFINITIONAL_REPRESENTATION('',(#2820),#2824);
#2820 = LINE('',#2821,#2822);
#2821 = CARTESIAN_POINT('',(40.5,27.));
#2822 = VECTOR('',#2823,1.);
#2823 = DIRECTION('',(1.,0.));
#2824 = ( GEOMETRIC_REPRESENTATION_CONTEXT(2) 
PARAMETRIC_REPRESENTATION_CONTEXT() REPRESENTATION_CONTEXT('2D SPACE',''
  ) );
#2825 = ORIENTED_EDGE('',*,*,#2635,.F.);
#2826 = ORIENTED_EDGE('',*,*,#782,.F.);
#2827 = ADVANCED_FACE('',(#2828),#602,.F.);
#2828 = FACE_BOUND('',#2829,.F.);
#2829 = EDGE_LOOP('',(#2830,#2853,#2874,#2875));
#2830 = ORIENTED_EDGE('',*,*,#2831,.F.);
#2831 = EDGE_CURVE('',#2832,#587,#2834,.T.);
#2832 = VERTEX_POINT('',#2833);
#2833 = CARTESIAN_POINT('',(-0.5,-8.172287142747,48.828427124746));
#2834 = SURFACE_CURVE('',#2835,(#2839,#2846),.PCURVE_S1.);
#2835 = LINE('',#2836,#2837);
#2836 = CARTESIAN_POINT('',(-0.5,-6.864139597552,47.520279579551));
#2837 = VECTOR('',#2838,1.);
#2838 = DIRECTION('',(0.,-0.707106781187,0.707106781187));
#2839 = PCURVE('',#602,#2840);
#2840 = DEFINITIONAL_REPRESENTATION('',(#2841),#2845);
#2841 = LINE('',#2842,#2843);
#2842 = CARTESIAN_POINT('',(-1.85,-2.E-02));
#2843 = VECTOR('',#2844,1.);
#2844 = DIRECTION('',(1.,0.));
#2845 = ( GEOMETRIC_REPRESENTATION_CONTEXT(2) 
PARAMETRIC_REPRESENTATION_CONTEXT() REPRESENTATION_CONTEXT('2D SPACE',''
  ) );
#2846 = PCURVE('',#630,#2847);
#2847 = DEFINITIONAL_REPRESENTATION('',(#2848),#2852);
#2848 = LINE('',#2849,#2850);
#2849 = CARTESIAN_POINT('',(1.85,32.));
#2850 = VECTOR('',#2851,1.);
#2851 = DIRECTION('',(1.,0.));
#2852 = ( GEOMETRIC_REPRESENTATION_CONTEXT(2) 
PARAMETRIC_REPRESENTATION_CONTEXT() REPRESENTATION_CONTEXT('2D SPACE',''
  ) );
#2853 = ORIENTED_EDGE('',*,*,#2854,.T.);
#2854 = EDGE_CURVE('',#2832,#2661,#2855,.T.);
#2855 = SURFACE_CURVE('',#2856,(#2860,#2867),.PCURVE_S1.);
#2856 = LINE('',#2857,#2858);
#2857 = CARTESIAN_POINT('',(-0.5,-8.186429278371,48.814284989122));
#2858 = VECTOR('',#2859,1.);
#2859 = DIRECTION('',(0.,0.707106781187,0.707106781187));
#2860 = PCURVE('',#602,#2861);
#2861 = DEFINITIONAL_REPRESENTATION('',(#2862),#2866);
#2862 = LINE('',#2863,#2864);
#2863 = CARTESIAN_POINT('',(0.,0.));
#2864 = VECTOR('',#2865,1.);
#2865 = DIRECTION('',(0.,-1.));
#2866 = ( GEOMETRIC_REPRESENTATION_CONTEXT(2) 
PARAMETRIC_REPRESENTATION_CONTEXT() REPRESENTATION_CONTEXT('2D SPACE',''
  ) );
#2867 = PCURVE('',#1405,#2868);
#2868 = DEFINITIONAL_REPRESENTATION('',(#2869),#2873);
#2869 = LINE('',#2870,#2871);
#2870 = CARTESIAN_POINT('',(32.,0.));
#2871 = VECTOR('',#2872,1.);
#2872 = DIRECTION('',(0.,1.));
#2873 = ( GEOMETRIC_REPRESENTATION_CONTEXT(2) 
PARAMETRIC_REPRESENTATION_CONTEXT() REPRESENTATION_CONTEXT('2D SPACE',''
  ) );
#2874 = ORIENTED_EDGE('',*,*,#2660,.T.);
#2875 = ORIENTED_EDGE('',*,*,#586,.F.);
#2876 = ADVANCED_FACE('',(#2877),#770,.F.);
#2877 = FACE_BOUND('',#2878,.F.);
#2878 = EDGE_LOOP('',(#2879,#2880,#2903,#2924));
#2879 = ORIENTED_EDGE('',*,*,#2709,.F.);
#2880 = ORIENTED_EDGE('',*,*,#2881,.T.);
#2881 = EDGE_CURVE('',#2710,#2882,#2884,.T.);
#2882 = VERTEX_POINT('',#2883);
#2883 = CARTESIAN_POINT('',(32.,24.213203435596,69.334523779156));
#2884 = SURFACE_CURVE('',#2885,(#2889,#2896),.PCURVE_S1.);
#2885 = LINE('',#2886,#2887);
#2886 = CARTESIAN_POINT('',(32.,-1.242640687119,43.87867965644));
#2887 = VECTOR('',#2888,1.);
#2888 = DIRECTION('',(0.,0.707106781187,0.707106781187));
#2889 = PCURVE('',#770,#2890);
#2890 = DEFINITIONAL_REPRESENTATION('',(#2891),#2895);
#2891 = LINE('',#2892,#2893);
#2892 = CARTESIAN_POINT('',(0.,0.));
#2893 = VECTOR('',#2894,1.);
#2894 = DIRECTION('',(0.,-1.));
#2895 = ( GEOMETRIC_REPRESENTATION_CONTEXT(2) 
PARAMETRIC_REPRESENTATION_CONTEXT() REPRESENTATION_CONTEXT('2D SPACE',''
  ) );
#2896 = PCURVE('',#2748,#2897);
#2897 = DEFINITIONAL_REPRESENTATION('',(#2898),#2902);
#2898 = LINE('',#2899,#2900);
#2899 = CARTESIAN_POINT('',(27.,0.));
#2900 = VECTOR('',#2901,1.);
#2901 = DIRECTION('',(0.,1.));
#2902 = ( GEOMETRIC_REPRESENTATION_CONTEXT(2) 
PARAMETRIC_REPRESENTATION_CONTEXT() REPRESENTATION_CONTEXT('2D SPACE',''
  ) );
#2903 = ORIENTED_EDGE('',*,*,#2904,.T.);
#2904 = EDGE_CURVE('',#2882,#727,#2905,.T.);
#2905 = SURFACE_CURVE('',#2906,(#2910,#2917),.PCURVE_S1.);
#2906 = LINE('',#2907,#2908);
#2907 = CARTESIAN_POINT('',(32.,24.213203435596,69.334523779156));
#2908 = VECTOR('',#2909,1.);
#2909 = DIRECTION('',(0.,-0.707106781187,0.707106781187));
#2910 = PCURVE('',#770,#2911);
#2911 = DEFINITIONAL_REPRESENTATION('',(#2912),#2916);
#2912 = LINE('',#2913,#2914);
#2913 = CARTESIAN_POINT('',(1.06581410364E-14,-36.));
#2914 = VECTOR('',#2915,1.);
#2915 = DIRECTION('',(1.,0.));
#2916 = ( GEOMETRIC_REPRESENTATION_CONTEXT(2) 
PARAMETRIC_REPRESENTATION_CONTEXT() REPRESENTATION_CONTEXT('2D SPACE',''
  ) );
#2917 = PCURVE('',#742,#2918);
#2918 = DEFINITIONAL_REPRESENTATION('',(#2919),#2923);
#2919 = LINE('',#2920,#2921);
#2920 = CARTESIAN_POINT('',(0.,27.));
#2921 = VECTOR('',#2922,1.);
#2922 = DIRECTION('',(1.,0.));
#2923 = ( GEOMETRIC_REPRESENTATION_CONTEXT(2) 
PARAMETRIC_REPRESENTATION_CONTEXT() REPRESENTATION_CONTEXT('2D SPACE',''
  ) );
#2924 = ORIENTED_EDGE('',*,*,#754,.F.);
#2925 = ADVANCED_FACE('',(#2926),#630,.F.);
#2926 = FACE_BOUND('',#2927,.F.);
#2927 = EDGE_LOOP('',(#2928,#2951,#2972,#2973,#2994,#2995));
#2928 = ORIENTED_EDGE('',*,*,#2929,.T.);
#2929 = EDGE_CURVE('',#615,#2930,#2932,.T.);
#2930 = VERTEX_POINT('',#2931);
#2931 = CARTESIAN_POINT('',(11.,-5.555992052357,46.212132034356));
#2932 = SURFACE_CURVE('',#2933,(#2937,#2944),.PCURVE_S1.);
#2933 = LINE('',#2934,#2935);
#2934 = CARTESIAN_POINT('',(11.,-5.555992052357,46.212132034356));
#2935 = VECTOR('',#2936,1.);
#2936 = DIRECTION('',(0.,0.707106781187,-0.707106781187));
#2937 = PCURVE('',#630,#2938);
#2938 = DEFINITIONAL_REPRESENTATION('',(#2939),#2943);
#2939 = LINE('',#2940,#2941);
#2940 = CARTESIAN_POINT('',(0.,43.5));
#2941 = VECTOR('',#2942,1.);
#2942 = DIRECTION('',(-1.,0.));
#2943 = ( GEOMETRIC_REPRESENTATION_CONTEXT(2) 
PARAMETRIC_REPRESENTATION_CONTEXT() REPRESENTATION_CONTEXT('2D SPACE',''
  ) );
#2944 = PCURVE('',#658,#2945);
#2945 = DEFINITIONAL_REPRESENTATION('',(#2946),#2950);
#2946 = LINE('',#2947,#2948);
#2947 = CARTESIAN_POINT('',(2.518818487118E-15,-0.1));
#2948 = VECTOR('',#2949,1.);
#2949 = DIRECTION('',(-1.,0.));
#2950 = ( GEOMETRIC_REPRESENTATION_CONTEXT(2) 
PARAMETRIC_REPRESENTATION_CONTEXT() REPRESENTATION_CONTEXT('2D SPACE',''
  ) );
#2951 = ORIENTED_EDGE('',*,*,#2952,.F.);
#2952 = EDGE_CURVE('',#2055,#2930,#2953,.T.);
#2953 = SURFACE_CURVE('',#2954,(#2958,#2965),.PCURVE_S1.);
#2954 = LINE('',#2955,#2956);
#2955 = CARTESIAN_POINT('',(-32.5,-5.555992052357,46.212132034356));
#2956 = VECTOR('',#2957,1.);
#2957 = DIRECTION('',(1.,0.,0.));
#2958 = PCURVE('',#630,#2959);
#2959 = DEFINITIONAL_REPRESENTATION('',(#2960),#2964);
#2960 = LINE('',#2961,#2962);
#2961 = CARTESIAN_POINT('',(0.,0.));
#2962 = VECTOR('',#2963,1.);
#2963 = DIRECTION('',(0.,1.));
#2964 = ( GEOMETRIC_REPRESENTATION_CONTEXT(2) 
PARAMETRIC_REPRESENTATION_CONTEXT() REPRESENTATION_CONTEXT('2D SPACE',''
  ) );
#2965 = PCURVE('',#2070,#2966);
#2966 = DEFINITIONAL_REPRESENTATION('',(#2967),#2971);
#2967 = LINE('',#2968,#2969);
#2968 = CARTESIAN_POINT('',(0.,25.6));
#2969 = VECTOR('',#2970,1.);
#2970 = DIRECTION('',(1.,0.));
#2971 = ( GEOMETRIC_REPRESENTATION_CONTEXT(2) 
PARAMETRIC_REPRESENTATION_CONTEXT() REPRESENTATION_CONTEXT('2D SPACE',''
  ) );
#2972 = ORIENTED_EDGE('',*,*,#2082,.T.);
#2973 = ORIENTED_EDGE('',*,*,#2974,.F.);
#2974 = EDGE_CURVE('',#2832,#2083,#2975,.T.);
#2975 = SURFACE_CURVE('',#2976,(#2980,#2987),.PCURVE_S1.);
#2976 = LINE('',#2977,#2978);
#2977 = CARTESIAN_POINT('',(-32.5,-8.172287142747,48.828427124746));
#2978 = VECTOR('',#2979,1.);
#2979 = DIRECTION('',(-1.,0.,0.));
#2980 = PCURVE('',#630,#2981);
#2981 = DEFINITIONAL_REPRESENTATION('',(#2982),#2986);
#2982 = LINE('',#2983,#2984);
#2983 = CARTESIAN_POINT('',(3.7,0.));
#2984 = VECTOR('',#2985,1.);
#2985 = DIRECTION('',(0.,-1.));
#2986 = ( GEOMETRIC_REPRESENTATION_CONTEXT(2) 
PARAMETRIC_REPRESENTATION_CONTEXT() REPRESENTATION_CONTEXT('2D SPACE',''
  ) );
#2987 = PCURVE('',#1405,#2988);
#2988 = DEFINITIONAL_REPRESENTATION('',(#2989),#2993);
#2989 = LINE('',#2990,#2991);
#2990 = CARTESIAN_POINT('',(0.,2.E-02));
#2991 = VECTOR('',#2992,1.);
#2992 = DIRECTION('',(-1.,0.));
#2993 = ( GEOMETRIC_REPRESENTATION_CONTEXT(2) 
PARAMETRIC_REPRESENTATION_CONTEXT() REPRESENTATION_CONTEXT('2D SPACE',''
  ) );
#2994 = ORIENTED_EDGE('',*,*,#2831,.T.);
#2995 = ORIENTED_EDGE('',*,*,#614,.F.);
#2996 = ADVANCED_FACE('',(#2997),#742,.F.);
#2997 = FACE_BOUND('',#2998,.F.);
#2998 = EDGE_LOOP('',(#2999,#3000,#3023,#3044));
#2999 = ORIENTED_EDGE('',*,*,#2904,.F.);
#3000 = ORIENTED_EDGE('',*,*,#3001,.F.);
#3001 = EDGE_CURVE('',#3002,#2882,#3004,.T.);
#3002 = VERTEX_POINT('',#3003);
#3003 = CARTESIAN_POINT('',(5.,24.213203435596,69.334523779156));
#3004 = SURFACE_CURVE('',#3005,(#3009,#3016),.PCURVE_S1.);
#3005 = LINE('',#3006,#3007);
#3006 = CARTESIAN_POINT('',(5.,24.213203435596,69.334523779156));
#3007 = VECTOR('',#3008,1.);
#3008 = DIRECTION('',(1.,0.,0.));
#3009 = PCURVE('',#742,#3010);
#3010 = DEFINITIONAL_REPRESENTATION('',(#3011),#3015);
#3011 = LINE('',#3012,#3013);
#3012 = CARTESIAN_POINT('',(0.,0.));
#3013 = VECTOR('',#3014,1.);
#3014 = DIRECTION('',(0.,1.));
#3015 = ( GEOMETRIC_REPRESENTATION_CONTEXT(2) 
PARAMETRIC_REPRESENTATION_CONTEXT() REPRESENTATION_CONTEXT('2D SPACE',''
  ) );
#3016 = PCURVE('',#2748,#3017);
#3017 = DEFINITIONAL_REPRESENTATION('',(#3018),#3022);
#3018 = LINE('',#3019,#3020);
#3019 = CARTESIAN_POINT('',(0.,36.));
#3020 = VECTOR('',#3021,1.);
#3021 = DIRECTION('',(1.,0.));
#3022 = ( GEOMETRIC_REPRESENTATION_CONTEXT(2) 
PARAMETRIC_REPRESENTATION_CONTEXT() REPRESENTATION_CONTEXT('2D SPACE',''
  ) );
#3023 = ORIENTED_EDGE('',*,*,#3024,.T.);
#3024 = EDGE_CURVE('',#3002,#699,#3025,.T.);
#3025 = SURFACE_CURVE('',#3026,(#3030,#3037),.PCURVE_S1.);
#3026 = LINE('',#3027,#3028);
#3027 = CARTESIAN_POINT('',(5.,24.213203435596,69.334523779156));
#3028 = VECTOR('',#3029,1.);
#3029 = DIRECTION('',(0.,-0.707106781187,0.707106781187));
#3030 = PCURVE('',#742,#3031);
#3031 = DEFINITIONAL_REPRESENTATION('',(#3032),#3036);
#3032 = LINE('',#3033,#3034);
#3033 = CARTESIAN_POINT('',(0.,0.));
#3034 = VECTOR('',#3035,1.);
#3035 = DIRECTION('',(1.,0.));
#3036 = ( GEOMETRIC_REPRESENTATION_CONTEXT(2) 
PARAMETRIC_REPRESENTATION_CONTEXT() REPRESENTATION_CONTEXT('2D SPACE',''
  ) );
#3037 = PCURVE('',#714,#3038);
#3038 = DEFINITIONAL_REPRESENTATION('',(#3039),#3043);
#3039 = LINE('',#3040,#3041);
#3040 = CARTESIAN_POINT('',(1.06581410364E-14,-36.));
#3041 = VECTOR('',#3042,1.);
#3042 = DIRECTION('',(1.,0.));
#3043 = ( GEOMETRIC_REPRESENTATION_CONTEXT(2) 
PARAMETRIC_REPRESENTATION_CONTEXT() REPRESENTATION_CONTEXT('2D SPACE',''
  ) );
#3044 = ORIENTED_EDGE('',*,*,#726,.F.);
#3045 = ADVANCED_FACE('',(#3046),#658,.T.);
#3046 = FACE_BOUND('',#3047,.T.);
#3047 = EDGE_LOOP('',(#3048,#3049,#3070,#3071));
#3048 = ORIENTED_EDGE('',*,*,#2929,.T.);
#3049 = ORIENTED_EDGE('',*,*,#3050,.T.);
#3050 = EDGE_CURVE('',#2930,#2783,#3051,.T.);
#3051 = SURFACE_CURVE('',#3052,(#3056,#3063),.PCURVE_S1.);
#3052 = LINE('',#3053,#3054);
#3053 = CARTESIAN_POINT('',(11.,-5.626702730476,46.141421356237));
#3054 = VECTOR('',#3055,1.);
#3055 = DIRECTION('',(0.,0.707106781187,0.707106781187));
#3056 = PCURVE('',#658,#3057);
#3057 = DEFINITIONAL_REPRESENTATION('',(#3058),#3062);
#3058 = LINE('',#3059,#3060);
#3059 = CARTESIAN_POINT('',(0.,0.));
#3060 = VECTOR('',#3061,1.);
#3061 = DIRECTION('',(0.,-1.));
#3062 = ( GEOMETRIC_REPRESENTATION_CONTEXT(2) 
PARAMETRIC_REPRESENTATION_CONTEXT() REPRESENTATION_CONTEXT('2D SPACE',''
  ) );
#3063 = PCURVE('',#2070,#3064);
#3064 = DEFINITIONAL_REPRESENTATION('',(#3065),#3069);
#3065 = LINE('',#3066,#3067);
#3066 = CARTESIAN_POINT('',(43.5,25.5));
#3067 = VECTOR('',#3068,1.);
#3068 = DIRECTION('',(0.,1.));
#3069 = ( GEOMETRIC_REPRESENTATION_CONTEXT(2) 
PARAMETRIC_REPRESENTATION_CONTEXT() REPRESENTATION_CONTEXT('2D SPACE',''
  ) );
#3070 = ORIENTED_EDGE('',*,*,#2782,.F.);
#3071 = ORIENTED_EDGE('',*,*,#642,.F.);
#3072 = ADVANCED_FACE('',(#3073),#714,.T.);
#3073 = FACE_BOUND('',#3074,.T.);
#3074 = EDGE_LOOP('',(#3075,#3076,#3097,#3098));
#3075 = ORIENTED_EDGE('',*,*,#2760,.F.);
#3076 = ORIENTED_EDGE('',*,*,#3077,.T.);
#3077 = EDGE_CURVE('',#2733,#3002,#3078,.T.);
#3078 = SURFACE_CURVE('',#3079,(#3083,#3090),.PCURVE_S1.);
#3079 = LINE('',#3080,#3081);
#3080 = CARTESIAN_POINT('',(5.,-1.242640687119,43.87867965644));
#3081 = VECTOR('',#3082,1.);
#3082 = DIRECTION('',(0.,0.707106781187,0.707106781187));
#3083 = PCURVE('',#714,#3084);
#3084 = DEFINITIONAL_REPRESENTATION('',(#3085),#3089);
#3085 = LINE('',#3086,#3087);
#3086 = CARTESIAN_POINT('',(0.,0.));
#3087 = VECTOR('',#3088,1.);
#3088 = DIRECTION('',(0.,-1.));
#3089 = ( GEOMETRIC_REPRESENTATION_CONTEXT(2) 
PARAMETRIC_REPRESENTATION_CONTEXT() REPRESENTATION_CONTEXT('2D SPACE',''
  ) );
#3090 = PCURVE('',#2748,#3091);
#3091 = DEFINITIONAL_REPRESENTATION('',(#3092),#3096);
#3092 = LINE('',#3093,#3094);
#3093 = CARTESIAN_POINT('',(0.,0.));
#3094 = VECTOR('',#3095,1.);
#3095 = DIRECTION('',(0.,1.));
#3096 = ( GEOMETRIC_REPRESENTATION_CONTEXT(2) 
PARAMETRIC_REPRESENTATION_CONTEXT() REPRESENTATION_CONTEXT('2D SPACE',''
  ) );
#3097 = ORIENTED_EDGE('',*,*,#3024,.T.);
#3098 = ORIENTED_EDGE('',*,*,#698,.F.);
#3099 = ADVANCED_FACE('',(#3100),#1101,.F.);
#3100 = FACE_BOUND('',#3101,.T.);
#3101 = EDGE_LOOP('',(#3102,#3131,#3152,#3153));
#3102 = ORIENTED_EDGE('',*,*,#3103,.F.);
#3103 = EDGE_CURVE('',#3104,#3104,#3106,.T.);
#3104 = VERTEX_POINT('',#3105);
#3105 = CARTESIAN_POINT('',(-30.6,-24.22361107568,30.090097423303));
#3106 = SURFACE_CURVE('',#3107,(#3112,#3119),.PCURVE_S1.);
#3107 = CIRCLE('',#3108,0.9);
#3108 = AXIS2_PLACEMENT_3D('',#3109,#3110,#3111);
#3109 = CARTESIAN_POINT('',(-31.5,-24.22361107568,30.090097423303));
#3110 = DIRECTION('',(0.,-0.707106781187,0.707106781187));
#3111 = DIRECTION('',(1.,0.,0.));
#3112 = PCURVE('',#1101,#3113);
#3113 = DEFINITIONAL_REPRESENTATION('',(#3114),#3118);
#3114 = LINE('',#3115,#3116);
#3115 = CARTESIAN_POINT('',(-0.,0.));
#3116 = VECTOR('',#3117,1.);
#3117 = DIRECTION('',(-1.,0.));
#3118 = ( GEOMETRIC_REPRESENTATION_CONTEXT(2) 
PARAMETRIC_REPRESENTATION_CONTEXT() REPRESENTATION_CONTEXT('2D SPACE',''
  ) );
#3119 = PCURVE('',#3120,#3125);
#3120 = PLANE('',#3121);
#3121 = AXIS2_PLACEMENT_3D('',#3122,#3123,#3124);
#3122 = CARTESIAN_POINT('',(-31.5,-24.22361107568,30.090097423303));
#3123 = DIRECTION('',(0.,-0.707106781187,0.707106781187));
#3124 = DIRECTION('',(1.,0.,0.));
#3125 = DEFINITIONAL_REPRESENTATION('',(#3126),#3130);
#3126 = CIRCLE('',#3127,0.9);
#3127 = AXIS2_PLACEMENT_2D('',#3128,#3129);
#3128 = CARTESIAN_POINT('',(0.,0.));
#3129 = DIRECTION('',(1.,0.));
#3130 = ( GEOMETRIC_REPRESENTATION_CONTEXT(2) 
PARAMETRIC_REPRESENTATION_CONTEXT() REPRESENTATION_CONTEXT('2D SPACE',''
  ) );
#3131 = ORIENTED_EDGE('',*,*,#3132,.T.);
#3132 = EDGE_CURVE('',#3104,#1081,#3133,.T.);
#3133 = SEAM_CURVE('',#3134,(#3138,#3145),.PCURVE_S1.);
#3134 = LINE('',#3135,#3136);
#3135 = CARTESIAN_POINT('',(-30.6,-24.22361107568,30.090097423303));
#3136 = VECTOR('',#3137,1.);
#3137 = DIRECTION('',(0.,-0.707106781187,0.707106781187));
#3138 = PCURVE('',#1101,#3139);
#3139 = DEFINITIONAL_REPRESENTATION('',(#3140),#3144);
#3140 = LINE('',#3141,#3142);
#3141 = CARTESIAN_POINT('',(-6.28318530718,0.));
#3142 = VECTOR('',#3143,1.);
#3143 = DIRECTION('',(-0.,-1.));
#3144 = ( GEOMETRIC_REPRESENTATION_CONTEXT(2) 
PARAMETRIC_REPRESENTATION_CONTEXT() REPRESENTATION_CONTEXT('2D SPACE',''
  ) );
#3145 = PCURVE('',#1101,#3146);
#3146 = DEFINITIONAL_REPRESENTATION('',(#3147),#3151);
#3147 = LINE('',#3148,#3149);
#3148 = CARTESIAN_POINT('',(-0.,0.));
#3149 = VECTOR('',#3150,1.);
#3150 = DIRECTION('',(-0.,-1.));
#3151 = ( GEOMETRIC_REPRESENTATION_CONTEXT(2) 
PARAMETRIC_REPRESENTATION_CONTEXT() REPRESENTATION_CONTEXT('2D SPACE',''
  ) );
#3152 = ORIENTED_EDGE('',*,*,#1080,.F.);
#3153 = ORIENTED_EDGE('',*,*,#3132,.F.);
#3154 = ADVANCED_FACE('',(#3155),#1136,.F.);
#3155 = FACE_BOUND('',#3156,.T.);
#3156 = EDGE_LOOP('',(#3157,#3186,#3207,#3208));
#3157 = ORIENTED_EDGE('',*,*,#3158,.F.);
#3158 = EDGE_CURVE('',#3159,#3159,#3161,.T.);
#3159 = VERTEX_POINT('',#3160);
#3160 = CARTESIAN_POINT('',(32.4,-24.22361107568,30.090097423303));
#3161 = SURFACE_CURVE('',#3162,(#3167,#3174),.PCURVE_S1.);
#3162 = CIRCLE('',#3163,0.9);
#3163 = AXIS2_PLACEMENT_3D('',#3164,#3165,#3166);
#3164 = CARTESIAN_POINT('',(31.5,-24.22361107568,30.090097423303));
#3165 = DIRECTION('',(0.,-0.707106781187,0.707106781187));
#3166 = DIRECTION('',(1.,0.,0.));
#3167 = PCURVE('',#1136,#3168);
#3168 = DEFINITIONAL_REPRESENTATION('',(#3169),#3173);
#3169 = LINE('',#3170,#3171);
#3170 = CARTESIAN_POINT('',(-0.,0.));
#3171 = VECTOR('',#3172,1.);
#3172 = DIRECTION('',(-1.,0.));
#3173 = ( GEOMETRIC_REPRESENTATION_CONTEXT(2) 
PARAMETRIC_REPRESENTATION_CONTEXT() REPRESENTATION_CONTEXT('2D SPACE',''
  ) );
#3174 = PCURVE('',#3175,#3180);
#3175 = PLANE('',#3176);
#3176 = AXIS2_PLACEMENT_3D('',#3177,#3178,#3179);
#3177 = CARTESIAN_POINT('',(31.5,-24.22361107568,30.090097423303));
#3178 = DIRECTION('',(0.,-0.707106781187,0.707106781187));
#3179 = DIRECTION('',(1.,0.,0.));
#3180 = DEFINITIONAL_REPRESENTATION('',(#3181),#3185);
#3181 = CIRCLE('',#3182,0.9);
#3182 = AXIS2_PLACEMENT_2D('',#3183,#3184);
#3183 = CARTESIAN_POINT('',(0.,0.));
#3184 = DIRECTION('',(1.,0.));
#3185 = ( GEOMETRIC_REPRESENTATION_CONTEXT(2) 
PARAMETRIC_REPRESENTATION_CONTEXT() REPRESENTATION_CONTEXT('2D SPACE',''
  ) );
#3186 = ORIENTED_EDGE('',*,*,#3187,.T.);
#3187 = EDGE_CURVE('',#3159,#1116,#3188,.T.);
#3188 = SEAM_CURVE('',#3189,(#3193,#3200),.PCURVE_S1.);
#3189 = LINE('',#3190,#3191);
#3190 = CARTESIAN_POINT('',(32.4,-24.22361107568,30.090097423303));
#3191 = VECTOR('',#3192,1.);
#3192 = DIRECTION('',(0.,-0.707106781187,0.707106781187));
#3193 = PCURVE('',#1136,#3194);
#3194 = DEFINITIONAL_REPRESENTATION('',(#3195),#3199);
#3195 = LINE('',#3196,#3197);
#3196 = CARTESIAN_POINT('',(-6.28318530718,0.));
#3197 = VECTOR('',#3198,1.);
#3198 = DIRECTION('',(-0.,-1.));
#3199 = ( GEOMETRIC_REPRESENTATION_CONTEXT(2) 
PARAMETRIC_REPRESENTATION_CONTEXT() REPRESENTATION_CONTEXT('2D SPACE',''
  ) );
#3200 = PCURVE('',#1136,#3201);
#3201 = DEFINITIONAL_REPRESENTATION('',(#3202),#3206);
#3202 = LINE('',#3203,#3204);
#3203 = CARTESIAN_POINT('',(-0.,0.));
#3204 = VECTOR('',#3205,1.);
#3205 = DIRECTION('',(-0.,-1.));
#3206 = ( GEOMETRIC_REPRESENTATION_CONTEXT(2) 
PARAMETRIC_REPRESENTATION_CONTEXT() REPRESENTATION_CONTEXT('2D SPACE',''
  ) );
#3207 = ORIENTED_EDGE('',*,*,#1115,.F.);
#3208 = ORIENTED_EDGE('',*,*,#3187,.F.);
#3209 = ADVANCED_FACE('',(#3210),#1171,.F.);
#3210 = FACE_BOUND('',#3211,.T.);
#3211 = EDGE_LOOP('',(#3212,#3241,#3262,#3263));
#3212 = ORIENTED_EDGE('',*,*,#3213,.F.);
#3213 = EDGE_CURVE('',#3214,#3214,#3216,.T.);
#3214 = VERTEX_POINT('',#3215);
#3215 = CARTESIAN_POINT('',(2.9,-3.363961030679,50.949747468306));
#3216 = SURFACE_CURVE('',#3217,(#3222,#3229),.PCURVE_S1.);
#3217 = CIRCLE('',#3218,0.9);
#3218 = AXIS2_PLACEMENT_3D('',#3219,#3220,#3221);
#3219 = CARTESIAN_POINT('',(2.,-3.363961030679,50.949747468306));
#3220 = DIRECTION('',(0.,-0.707106781187,0.707106781187));
#3221 = DIRECTION('',(1.,0.,0.));
#3222 = PCURVE('',#1171,#3223);
#3223 = DEFINITIONAL_REPRESENTATION('',(#3224),#3228);
#3224 = LINE('',#3225,#3226);
#3225 = CARTESIAN_POINT('',(-0.,0.));
#3226 = VECTOR('',#3227,1.);
#3227 = DIRECTION('',(-1.,0.));
#3228 = ( GEOMETRIC_REPRESENTATION_CONTEXT(2) 
PARAMETRIC_REPRESENTATION_CONTEXT() REPRESENTATION_CONTEXT('2D SPACE',''
  ) );
#3229 = PCURVE('',#3230,#3235);
#3230 = PLANE('',#3231);
#3231 = AXIS2_PLACEMENT_3D('',#3232,#3233,#3234);
#3232 = CARTESIAN_POINT('',(2.,-3.363961030679,50.949747468306));
#3233 = DIRECTION('',(0.,-0.707106781187,0.707106781187));
#3234 = DIRECTION('',(1.,0.,0.));
#3235 = DEFINITIONAL_REPRESENTATION('',(#3236),#3240);
#3236 = CIRCLE('',#3237,0.9);
#3237 = AXIS2_PLACEMENT_2D('',#3238,#3239);
#3238 = CARTESIAN_POINT('',(0.,0.));
#3239 = DIRECTION('',(1.,0.));
#3240 = ( GEOMETRIC_REPRESENTATION_CONTEXT(2) 
PARAMETRIC_REPRESENTATION_CONTEXT() REPRESENTATION_CONTEXT('2D SPACE',''
  ) );
#3241 = ORIENTED_EDGE('',*,*,#3242,.T.);
#3242 = EDGE_CURVE('',#3214,#1151,#3243,.T.);
#3243 = SEAM_CURVE('',#3244,(#3248,#3255),.PCURVE_S1.);
#3244 = LINE('',#3245,#3246);
#3245 = CARTESIAN_POINT('',(2.9,-3.363961030679,50.949747468306));
#3246 = VECTOR('',#3247,1.);
#3247 = DIRECTION('',(0.,-0.707106781187,0.707106781187));
#3248 = PCURVE('',#1171,#3249);
#3249 = DEFINITIONAL_REPRESENTATION('',(#3250),#3254);
#3250 = LINE('',#3251,#3252);
#3251 = CARTESIAN_POINT('',(-6.28318530718,0.));
#3252 = VECTOR('',#3253,1.);
#3253 = DIRECTION('',(-0.,-1.));
#3254 = ( GEOMETRIC_REPRESENTATION_CONTEXT(2) 
PARAMETRIC_REPRESENTATION_CONTEXT() REPRESENTATION_CONTEXT('2D SPACE',''
  ) );
#3255 = PCURVE('',#1171,#3256);
#3256 = DEFINITIONAL_REPRESENTATION('',(#3257),#3261);
#3257 = LINE('',#3258,#3259);
#3258 = CARTESIAN_POINT('',(-0.,0.));
#3259 = VECTOR('',#3260,1.);
#3260 = DIRECTION('',(-0.,-1.));
#3261 = ( GEOMETRIC_REPRESENTATION_CONTEXT(2) 
PARAMETRIC_REPRESENTATION_CONTEXT() REPRESENTATION_CONTEXT('2D SPACE',''
  ) );
#3262 = ORIENTED_EDGE('',*,*,#1150,.F.);
#3263 = ORIENTED_EDGE('',*,*,#3242,.F.);
#3264 = ADVANCED_FACE('',(#3265),#1206,.F.);
#3265 = FACE_BOUND('',#3266,.T.);
#3266 = EDGE_LOOP('',(#3267,#3296,#3317,#3318));
#3267 = ORIENTED_EDGE('',*,*,#3268,.F.);
#3268 = EDGE_CURVE('',#3269,#3269,#3271,.T.);
#3269 = VERTEX_POINT('',#3270);
#3270 = CARTESIAN_POINT('',(-30.1,21.38477631085,75.698484809835));
#3271 = SURFACE_CURVE('',#3272,(#3277,#3284),.PCURVE_S1.);
#3272 = CIRCLE('',#3273,0.9);
#3273 = AXIS2_PLACEMENT_3D('',#3274,#3275,#3276);
#3274 = CARTESIAN_POINT('',(-31.,21.38477631085,75.698484809835));
#3275 = DIRECTION('',(0.,-0.707106781187,0.707106781187));
#3276 = DIRECTION('',(1.,0.,0.));
#3277 = PCURVE('',#1206,#3278);
#3278 = DEFINITIONAL_REPRESENTATION('',(#3279),#3283);
#3279 = LINE('',#3280,#3281);
#3280 = CARTESIAN_POINT('',(-0.,0.));
#3281 = VECTOR('',#3282,1.);
#3282 = DIRECTION('',(-1.,0.));
#3283 = ( GEOMETRIC_REPRESENTATION_CONTEXT(2) 
PARAMETRIC_REPRESENTATION_CONTEXT() REPRESENTATION_CONTEXT('2D SPACE',''
  ) );
#3284 = PCURVE('',#3285,#3290);
#3285 = PLANE('',#3286);
#3286 = AXIS2_PLACEMENT_3D('',#3287,#3288,#3289);
#3287 = CARTESIAN_POINT('',(-31.,21.38477631085,75.698484809835));
#3288 = DIRECTION('',(0.,-0.707106781187,0.707106781187));
#3289 = DIRECTION('',(1.,0.,0.));
#3290 = DEFINITIONAL_REPRESENTATION('',(#3291),#3295);
#3291 = CIRCLE('',#3292,0.9);
#3292 = AXIS2_PLACEMENT_2D('',#3293,#3294);
#3293 = CARTESIAN_POINT('',(0.,0.));
#3294 = DIRECTION('',(1.,0.));
#3295 = ( GEOMETRIC_REPRESENTATION_CONTEXT(2) 
PARAMETRIC_REPRESENTATION_CONTEXT() REPRESENTATION_CONTEXT('2D SPACE',''
  ) );
#3296 = ORIENTED_EDGE('',*,*,#3297,.T.);
#3297 = EDGE_CURVE('',#3269,#1186,#3298,.T.);
#3298 = SEAM_CURVE('',#3299,(#3303,#3310),.PCURVE_S1.);
#3299 = LINE('',#3300,#3301);
#3300 = CARTESIAN_POINT('',(-30.1,21.38477631085,75.698484809835));
#3301 = VECTOR('',#3302,1.);
#3302 = DIRECTION('',(0.,-0.707106781187,0.707106781187));
#3303 = PCURVE('',#1206,#3304);
#3304 = DEFINITIONAL_REPRESENTATION('',(#3305),#3309);
#3305 = LINE('',#3306,#3307);
#3306 = CARTESIAN_POINT('',(-6.28318530718,0.));
#3307 = VECTOR('',#3308,1.);
#3308 = DIRECTION('',(-0.,-1.));
#3309 = ( GEOMETRIC_REPRESENTATION_CONTEXT(2) 
PARAMETRIC_REPRESENTATION_CONTEXT() REPRESENTATION_CONTEXT('2D SPACE',''
  ) );
#3310 = PCURVE('',#1206,#3311);
#3311 = DEFINITIONAL_REPRESENTATION('',(#3312),#3316);
#3312 = LINE('',#3313,#3314);
#3313 = CARTESIAN_POINT('',(-0.,0.));
#3314 = VECTOR('',#3315,1.);
#3315 = DIRECTION('',(-0.,-1.));
#3316 = ( GEOMETRIC_REPRESENTATION_CONTEXT(2) 
PARAMETRIC_REPRESENTATION_CONTEXT() REPRESENTATION_CONTEXT('2D SPACE',''
  ) );
#3317 = ORIENTED_EDGE('',*,*,#1185,.F.);
#3318 = ORIENTED_EDGE('',*,*,#3297,.F.);
#3319 = ADVANCED_FACE('',(#3320),#1241,.F.);
#3320 = FACE_BOUND('',#3321,.T.);
#3321 = EDGE_LOOP('',(#3322,#3351,#3372,#3373));
#3322 = ORIENTED_EDGE('',*,*,#3323,.F.);
#3323 = EDGE_CURVE('',#3324,#3324,#3326,.T.);
#3324 = VERTEX_POINT('',#3325);
#3325 = CARTESIAN_POINT('',(2.9,21.38477631085,75.698484809835));
#3326 = SURFACE_CURVE('',#3327,(#3332,#3339),.PCURVE_S1.);
#3327 = CIRCLE('',#3328,0.9);
#3328 = AXIS2_PLACEMENT_3D('',#3329,#3330,#3331);
#3329 = CARTESIAN_POINT('',(2.,21.38477631085,75.698484809835));
#3330 = DIRECTION('',(0.,-0.707106781187,0.707106781187));
#3331 = DIRECTION('',(1.,0.,0.));
#3332 = PCURVE('',#1241,#3333);
#3333 = DEFINITIONAL_REPRESENTATION('',(#3334),#3338);
#3334 = LINE('',#3335,#3336);
#3335 = CARTESIAN_POINT('',(-0.,0.));
#3336 = VECTOR('',#3337,1.);
#3337 = DIRECTION('',(-1.,0.));
#3338 = ( GEOMETRIC_REPRESENTATION_CONTEXT(2) 
PARAMETRIC_REPRESENTATION_CONTEXT() REPRESENTATION_CONTEXT('2D SPACE',''
  ) );
#3339 = PCURVE('',#3340,#3345);
#3340 = PLANE('',#3341);
#3341 = AXIS2_PLACEMENT_3D('',#3342,#3343,#3344);
#3342 = CARTESIAN_POINT('',(2.,21.38477631085,75.698484809835));
#3343 = DIRECTION('',(0.,-0.707106781187,0.707106781187));
#3344 = DIRECTION('',(1.,0.,0.));
#3345 = DEFINITIONAL_REPRESENTATION('',(#3346),#3350);
#3346 = CIRCLE('',#3347,0.9);
#3347 = AXIS2_PLACEMENT_2D('',#3348,#3349);
#3348 = CARTESIAN_POINT('',(0.,0.));
#3349 = DIRECTION('',(1.,0.));
#3350 = ( GEOMETRIC_REPRESENTATION_CONTEXT(2) 
PARAMETRIC_REPRESENTATION_CONTEXT() REPRESENTATION_CONTEXT('2D SPACE',''
  ) );
#3351 = ORIENTED_EDGE('',*,*,#3352,.T.);
#3352 = EDGE_CURVE('',#3324,#1221,#3353,.T.);
#3353 = SEAM_CURVE('',#3354,(#3358,#3365),.PCURVE_S1.);
#3354 = LINE('',#3355,#3356);
#3355 = CARTESIAN_POINT('',(2.9,21.38477631085,75.698484809835));
#3356 = VECTOR('',#3357,1.);
#3357 = DIRECTION('',(0.,-0.707106781187,0.707106781187));
#3358 = PCURVE('',#1241,#3359);
#3359 = DEFINITIONAL_REPRESENTATION('',(#3360),#3364);
#3360 = LINE('',#3361,#3362);
#3361 = CARTESIAN_POINT('',(-6.28318530718,0.));
#3362 = VECTOR('',#3363,1.);
#3363 = DIRECTION('',(-0.,-1.));
#3364 = ( GEOMETRIC_REPRESENTATION_CONTEXT(2) 
PARAMETRIC_REPRESENTATION_CONTEXT() REPRESENTATION_CONTEXT('2D SPACE',''
  ) );
#3365 = PCURVE('',#1241,#3366);
#3366 = DEFINITIONAL_REPRESENTATION('',(#3367),#3371);
#3367 = LINE('',#3368,#3369);
#3368 = CARTESIAN_POINT('',(-0.,0.));
#3369 = VECTOR('',#3370,1.);
#3370 = DIRECTION('',(-0.,-1.));
#3371 = ( GEOMETRIC_REPRESENTATION_CONTEXT(2) 
PARAMETRIC_REPRESENTATION_CONTEXT() REPRESENTATION_CONTEXT('2D SPACE',''
  ) );
#3372 = ORIENTED_EDGE('',*,*,#1220,.F.);
#3373 = ORIENTED_EDGE('',*,*,#3352,.F.);
#3374 = ADVANCED_FACE('',(#3375),#1276,.F.);
#3375 = FACE_BOUND('',#3376,.T.);
#3376 = EDGE_LOOP('',(#3377,#3406,#3427,#3428));
#3377 = ORIENTED_EDGE('',*,*,#3378,.F.);
#3378 = EDGE_CURVE('',#3379,#3379,#3381,.T.);
#3379 = VERTEX_POINT('',#3380);
#3380 = CARTESIAN_POINT('',(31.9,21.38477631085,75.698484809835));
#3381 = SURFACE_CURVE('',#3382,(#3387,#3394),.PCURVE_S1.);
#3382 = CIRCLE('',#3383,0.9);
#3383 = AXIS2_PLACEMENT_3D('',#3384,#3385,#3386);
#3384 = CARTESIAN_POINT('',(31.,21.38477631085,75.698484809835));
#3385 = DIRECTION('',(0.,-0.707106781187,0.707106781187));
#3386 = DIRECTION('',(1.,0.,0.));
#3387 = PCURVE('',#1276,#3388);
#3388 = DEFINITIONAL_REPRESENTATION('',(#3389),#3393);
#3389 = LINE('',#3390,#3391);
#3390 = CARTESIAN_POINT('',(-0.,0.));
#3391 = VECTOR('',#3392,1.);
#3392 = DIRECTION('',(-1.,0.));
#3393 = ( GEOMETRIC_REPRESENTATION_CONTEXT(2) 
PARAMETRIC_REPRESENTATION_CONTEXT() REPRESENTATION_CONTEXT('2D SPACE',''
  ) );
#3394 = PCURVE('',#3395,#3400);
#3395 = PLANE('',#3396);
#3396 = AXIS2_PLACEMENT_3D('',#3397,#3398,#3399);
#3397 = CARTESIAN_POINT('',(31.,21.38477631085,75.698484809835));
#3398 = DIRECTION('',(0.,-0.707106781187,0.707106781187));
#3399 = DIRECTION('',(1.,0.,0.));
#3400 = DEFINITIONAL_REPRESENTATION('',(#3401),#3405);
#3401 = CIRCLE('',#3402,0.9);
#3402 = AXIS2_PLACEMENT_2D('',#3403,#3404);
#3403 = CARTESIAN_POINT('',(0.,0.));
#3404 = DIRECTION('',(1.,0.));
#3405 = ( GEOMETRIC_REPRESENTATION_CONTEXT(2) 
PARAMETRIC_REPRESENTATION_CONTEXT() REPRESENTATION_CONTEXT('2D SPACE',''
  ) );
#3406 = ORIENTED_EDGE('',*,*,#3407,.T.);
#3407 = EDGE_CURVE('',#3379,#1256,#3408,.T.);
#3408 = SEAM_CURVE('',#3409,(#3413,#3420),.PCURVE_S1.);
#3409 = LINE('',#3410,#3411);
#3410 = CARTESIAN_POINT('',(31.9,21.38477631085,75.698484809835));
#3411 = VECTOR('',#3412,1.);
#3412 = DIRECTION('',(0.,-0.707106781187,0.707106781187));
#3413 = PCURVE('',#1276,#3414);
#3414 = DEFINITIONAL_REPRESENTATION('',(#3415),#3419);
#3415 = LINE('',#3416,#3417);
#3416 = CARTESIAN_POINT('',(-6.28318530718,0.));
#3417 = VECTOR('',#3418,1.);
#3418 = DIRECTION('',(-0.,-1.));
#3419 = ( GEOMETRIC_REPRESENTATION_CONTEXT(2) 
PARAMETRIC_REPRESENTATION_CONTEXT() REPRESENTATION_CONTEXT('2D SPACE',''
  ) );
#3420 = PCURVE('',#1276,#3421);
#3421 = DEFINITIONAL_REPRESENTATION('',(#3422),#3426);
#3422 = LINE('',#3423,#3424);
#3423 = CARTESIAN_POINT('',(-0.,0.));
#3424 = VECTOR('',#3425,1.);
#3425 = DIRECTION('',(-0.,-1.));
#3426 = ( GEOMETRIC_REPRESENTATION_CONTEXT(2) 
PARAMETRIC_REPRESENTATION_CONTEXT() REPRESENTATION_CONTEXT('2D SPACE',''
  ) );
#3427 = ORIENTED_EDGE('',*,*,#1255,.F.);
#3428 = ORIENTED_EDGE('',*,*,#3407,.F.);
#3429 = ADVANCED_FACE('',(#3430),#1431,.F.);
#3430 = FACE_BOUND('',#3431,.F.);
#3431 = EDGE_LOOP('',(#3432,#3433,#3434,#3435));
#3432 = ORIENTED_EDGE('',*,*,#1417,.F.);
#3433 = ORIENTED_EDGE('',*,*,#1730,.T.);
#3434 = ORIENTED_EDGE('',*,*,#1830,.T.);
#3435 = ORIENTED_EDGE('',*,*,#3436,.F.);
#3436 = EDGE_CURVE('',#1390,#1808,#3437,.T.);
#3437 = SURFACE_CURVE('',#3438,(#3442,#3449),.PCURVE_S1.);
#3438 = LINE('',#3439,#3440);
#3439 = CARTESIAN_POINT('',(-31.5,-4.399872465117,52.600841802376));
#3440 = VECTOR('',#3441,1.);
#3441 = DIRECTION('',(0.,0.707106781187,0.707106781187));
#3442 = PCURVE('',#1431,#3443);
#3443 = DEFINITIONAL_REPRESENTATION('',(#3444),#3448);
#3444 = LINE('',#3445,#3446);
#3445 = CARTESIAN_POINT('',(1.97,5.355));
#3446 = VECTOR('',#3447,1.);
#3447 = DIRECTION('',(0.,-1.));
#3448 = ( GEOMETRIC_REPRESENTATION_CONTEXT(2) 
PARAMETRIC_REPRESENTATION_CONTEXT() REPRESENTATION_CONTEXT('2D SPACE',''
  ) );
#3449 = PCURVE('',#1405,#3450);
#3450 = DEFINITIONAL_REPRESENTATION('',(#3451),#3455);
#3451 = LINE('',#3452,#3453);
#3452 = CARTESIAN_POINT('',(1.,5.355));
#3453 = VECTOR('',#3454,1.);
#3454 = DIRECTION('',(0.,1.));
#3455 = ( GEOMETRIC_REPRESENTATION_CONTEXT(2) 
PARAMETRIC_REPRESENTATION_CONTEXT() REPRESENTATION_CONTEXT('2D SPACE',''
  ) );
#3456 = ADVANCED_FACE('',(#3457,#3467,#3502,#3537,#3572),#1405,.T.);
#3457 = FACE_BOUND('',#3458,.T.);
#3458 = EDGE_LOOP('',(#3459,#3460,#3461,#3462,#3463,#3464,#3465,#3466));
#3459 = ORIENTED_EDGE('',*,*,#2105,.F.);
#3460 = ORIENTED_EDGE('',*,*,#2974,.F.);
#3461 = ORIENTED_EDGE('',*,*,#2854,.T.);
#3462 = ORIENTED_EDGE('',*,*,#2683,.F.);
#3463 = ORIENTED_EDGE('',*,*,#2564,.F.);
#3464 = ORIENTED_EDGE('',*,*,#1807,.F.);
#3465 = ORIENTED_EDGE('',*,*,#3436,.F.);
#3466 = ORIENTED_EDGE('',*,*,#1389,.T.);
#3467 = FACE_BOUND('',#3468,.T.);
#3468 = EDGE_LOOP('',(#3469));
#3469 = ORIENTED_EDGE('',*,*,#3470,.T.);
#3470 = EDGE_CURVE('',#3471,#3471,#3473,.T.);
#3471 = VERTEX_POINT('',#3472);
#3472 = CARTESIAN_POINT('',(-28.3,-5.315575746754,51.68513852074));
#3473 = SURFACE_CURVE('',#3474,(#3479,#3490),.PCURVE_S1.);
#3474 = CIRCLE('',#3475,1.7);
#3475 = AXIS2_PLACEMENT_3D('',#3476,#3477,#3478);
#3476 = CARTESIAN_POINT('',(-30.,-5.315575746754,51.68513852074));
#3477 = DIRECTION('',(0.,0.707106781187,-0.707106781187));
#3478 = DIRECTION('',(1.,0.,0.));
#3479 = PCURVE('',#1405,#3480);
#3480 = DEFINITIONAL_REPRESENTATION('',(#3481),#3489);
#3481 = ( BOUNDED_CURVE() B_SPLINE_CURVE(2,(#3482,#3483,#3484,#3485,
#3486,#3487,#3488),.UNSPECIFIED.,.T.,.F.) B_SPLINE_CURVE_WITH_KNOTS((1,2
    ,2,2,2,1),(-2.094395102393,0.,2.094395102393,4.188790204786,
6.28318530718,8.377580409573),.UNSPECIFIED.) CURVE() 
GEOMETRIC_REPRESENTATION_ITEM() RATIONAL_B_SPLINE_CURVE((1.,0.5,1.,0.5,
1.,0.5,1.)) REPRESENTATION_ITEM('') );
#3482 = CARTESIAN_POINT('',(4.2,4.06));
#3483 = CARTESIAN_POINT('',(4.2,1.115513627133));
#3484 = CARTESIAN_POINT('',(1.65,2.587756813566));
#3485 = CARTESIAN_POINT('',(-0.9,4.06));
#3486 = CARTESIAN_POINT('',(1.65,5.532243186434));
#3487 = CARTESIAN_POINT('',(4.2,7.004486372867));
#3488 = CARTESIAN_POINT('',(4.2,4.06));
#3489 = ( GEOMETRIC_REPRESENTATION_CONTEXT(2) 
PARAMETRIC_REPRESENTATION_CONTEXT() REPRESENTATION_CONTEXT('2D SPACE',''
  ) );
#3490 = PCURVE('',#3491,#3496);
#3491 = CYLINDRICAL_SURFACE('',#3492,1.7);
#3492 = AXIS2_PLACEMENT_3D('',#3493,#3494,#3495);
#3493 = CARTESIAN_POINT('',(-30.,-5.244865068635,51.614427842621));
#3494 = DIRECTION('',(-0.,0.707106781187,-0.707106781187));
#3495 = DIRECTION('',(1.,0.,0.));
#3496 = DEFINITIONAL_REPRESENTATION('',(#3497),#3501);
#3497 = LINE('',#3498,#3499);
#3498 = CARTESIAN_POINT('',(-6.28318530718,-1.E-01));
#3499 = VECTOR('',#3500,1.);
#3500 = DIRECTION('',(1.,-0.));
#3501 = ( GEOMETRIC_REPRESENTATION_CONTEXT(2) 
PARAMETRIC_REPRESENTATION_CONTEXT() REPRESENTATION_CONTEXT('2D SPACE',''
  ) );
#3502 = FACE_BOUND('',#3503,.T.);
#3503 = EDGE_LOOP('',(#3504));
#3504 = ORIENTED_EDGE('',*,*,#3505,.T.);
#3505 = EDGE_CURVE('',#3506,#3506,#3508,.T.);
#3506 = VERTEX_POINT('',#3507);
#3507 = CARTESIAN_POINT('',(-2.3,-5.315575746754,51.68513852074));
#3508 = SURFACE_CURVE('',#3509,(#3514,#3525),.PCURVE_S1.);
#3509 = CIRCLE('',#3510,1.7);
#3510 = AXIS2_PLACEMENT_3D('',#3511,#3512,#3513);
#3511 = CARTESIAN_POINT('',(-4.,-5.315575746754,51.68513852074));
#3512 = DIRECTION('',(0.,0.707106781187,-0.707106781187));
#3513 = DIRECTION('',(1.,0.,0.));
#3514 = PCURVE('',#1405,#3515);
#3515 = DEFINITIONAL_REPRESENTATION('',(#3516),#3524);
#3516 = ( BOUNDED_CURVE() B_SPLINE_CURVE(2,(#3517,#3518,#3519,#3520,
#3521,#3522,#3523),.UNSPECIFIED.,.T.,.F.) B_SPLINE_CURVE_WITH_KNOTS((1,2
    ,2,2,2,1),(-2.094395102393,0.,2.094395102393,4.188790204786,
6.28318530718,8.377580409573),.UNSPECIFIED.) CURVE() 
GEOMETRIC_REPRESENTATION_ITEM() RATIONAL_B_SPLINE_CURVE((1.,0.5,1.,0.5,
1.,0.5,1.)) REPRESENTATION_ITEM('') );
#3517 = CARTESIAN_POINT('',(30.2,4.06));
#3518 = CARTESIAN_POINT('',(30.2,1.115513627133));
#3519 = CARTESIAN_POINT('',(27.65,2.587756813566));
#3520 = CARTESIAN_POINT('',(25.1,4.06));
#3521 = CARTESIAN_POINT('',(27.65,5.532243186434));
#3522 = CARTESIAN_POINT('',(30.2,7.004486372867));
#3523 = CARTESIAN_POINT('',(30.2,4.06));
#3524 = ( GEOMETRIC_REPRESENTATION_CONTEXT(2) 
PARAMETRIC_REPRESENTATION_CONTEXT() REPRESENTATION_CONTEXT('2D SPACE',''
  ) );
#3525 = PCURVE('',#3526,#3531);
#3526 = CYLINDRICAL_SURFACE('',#3527,1.7);
#3527 = AXIS2_PLACEMENT_3D('',#3528,#3529,#3530);
#3528 = CARTESIAN_POINT('',(-4.,-5.244865068635,51.614427842621));
#3529 = DIRECTION('',(-0.,0.707106781187,-0.707106781187));
#3530 = DIRECTION('',(1.,0.,0.));
#3531 = DEFINITIONAL_REPRESENTATION('',(#3532),#3536);
#3532 = LINE('',#3533,#3534);
#3533 = CARTESIAN_POINT('',(-6.28318530718,-1.E-01));
#3534 = VECTOR('',#3535,1.);
#3535 = DIRECTION('',(1.,-0.));
#3536 = ( GEOMETRIC_REPRESENTATION_CONTEXT(2) 
PARAMETRIC_REPRESENTATION_CONTEXT() REPRESENTATION_CONTEXT('2D SPACE',''
  ) );
#3537 = FACE_BOUND('',#3538,.T.);
#3538 = EDGE_LOOP('',(#3539));
#3539 = ORIENTED_EDGE('',*,*,#3540,.T.);
#3540 = EDGE_CURVE('',#3541,#3541,#3543,.T.);
#3541 = VERTEX_POINT('',#3542);
#3542 = CARTESIAN_POINT('',(-28.3,15.190520907656,72.19123517515));
#3543 = SURFACE_CURVE('',#3544,(#3549,#3560),.PCURVE_S1.);
#3544 = CIRCLE('',#3545,1.7);
#3545 = AXIS2_PLACEMENT_3D('',#3546,#3547,#3548);
#3546 = CARTESIAN_POINT('',(-30.,15.190520907656,72.19123517515));
#3547 = DIRECTION('',(0.,0.707106781187,-0.707106781187));
#3548 = DIRECTION('',(1.,0.,0.));
#3549 = PCURVE('',#1405,#3550);
#3550 = DEFINITIONAL_REPRESENTATION('',(#3551),#3559);
#3551 = ( BOUNDED_CURVE() B_SPLINE_CURVE(2,(#3552,#3553,#3554,#3555,
#3556,#3557,#3558),.UNSPECIFIED.,.T.,.F.) B_SPLINE_CURVE_WITH_KNOTS((1,2
    ,2,2,2,1),(-2.094395102393,0.,2.094395102393,4.188790204786,
6.28318530718,8.377580409573),.UNSPECIFIED.) CURVE() 
GEOMETRIC_REPRESENTATION_ITEM() RATIONAL_B_SPLINE_CURVE((1.,0.5,1.,0.5,
1.,0.5,1.)) REPRESENTATION_ITEM('') );
#3552 = CARTESIAN_POINT('',(4.2,33.06));
#3553 = CARTESIAN_POINT('',(4.2,30.115513627133));
#3554 = CARTESIAN_POINT('',(1.65,31.587756813566));
#3555 = CARTESIAN_POINT('',(-0.9,33.06));
#3556 = CARTESIAN_POINT('',(1.65,34.532243186434));
#3557 = CARTESIAN_POINT('',(4.2,36.004486372867));
#3558 = CARTESIAN_POINT('',(4.2,33.06));
#3559 = ( GEOMETRIC_REPRESENTATION_CONTEXT(2) 
PARAMETRIC_REPRESENTATION_CONTEXT() REPRESENTATION_CONTEXT('2D SPACE',''
  ) );
#3560 = PCURVE('',#3561,#3566);
#3561 = CYLINDRICAL_SURFACE('',#3562,1.7);
#3562 = AXIS2_PLACEMENT_3D('',#3563,#3564,#3565);
#3563 = CARTESIAN_POINT('',(-30.,15.261231585775,72.120524497031));
#3564 = DIRECTION('',(-0.,0.707106781187,-0.707106781187));
#3565 = DIRECTION('',(1.,0.,0.));
#3566 = DEFINITIONAL_REPRESENTATION('',(#3567),#3571);
#3567 = LINE('',#3568,#3569);
#3568 = CARTESIAN_POINT('',(-6.28318530718,-1.E-01));
#3569 = VECTOR('',#3570,1.);
#3570 = DIRECTION('',(1.,-0.));
#3571 = ( GEOMETRIC_REPRESENTATION_CONTEXT(2) 
PARAMETRIC_REPRESENTATION_CONTEXT() REPRESENTATION_CONTEXT('2D SPACE',''
  ) );
#3572 = FACE_BOUND('',#3573,.T.);
#3573 = EDGE_LOOP('',(#3574));
#3574 = ORIENTED_EDGE('',*,*,#3575,.T.);
#3575 = EDGE_CURVE('',#3576,#3576,#3578,.T.);
#3576 = VERTEX_POINT('',#3577);
#3577 = CARTESIAN_POINT('',(-2.3,15.190520907656,72.19123517515));
#3578 = SURFACE_CURVE('',#3579,(#3584,#3595),.PCURVE_S1.);
#3579 = CIRCLE('',#3580,1.7);
#3580 = AXIS2_PLACEMENT_3D('',#3581,#3582,#3583);
#3581 = CARTESIAN_POINT('',(-4.,15.190520907656,72.19123517515));
#3582 = DIRECTION('',(0.,0.707106781187,-0.707106781187));
#3583 = DIRECTION('',(1.,0.,0.));
#3584 = PCURVE('',#1405,#3585);
#3585 = DEFINITIONAL_REPRESENTATION('',(#3586),#3594);
#3586 = ( BOUNDED_CURVE() B_SPLINE_CURVE(2,(#3587,#3588,#3589,#3590,
#3591,#3592,#3593),.UNSPECIFIED.,.T.,.F.) B_SPLINE_CURVE_WITH_KNOTS((1,2
    ,2,2,2,1),(-2.094395102393,0.,2.094395102393,4.188790204786,
6.28318530718,8.377580409573),.UNSPECIFIED.) CURVE() 
GEOMETRIC_REPRESENTATION_ITEM() RATIONAL_B_SPLINE_CURVE((1.,0.5,1.,0.5,
1.,0.5,1.)) REPRESENTATION_ITEM('') );
#3587 = CARTESIAN_POINT('',(30.2,33.06));
#3588 = CARTESIAN_POINT('',(30.2,30.115513627133));
#3589 = CARTESIAN_POINT('',(27.65,31.587756813566));
#3590 = CARTESIAN_POINT('',(25.1,33.06));
#3591 = CARTESIAN_POINT('',(27.65,34.532243186434));
#3592 = CARTESIAN_POINT('',(30.2,36.004486372867));
#3593 = CARTESIAN_POINT('',(30.2,33.06));
#3594 = ( GEOMETRIC_REPRESENTATION_CONTEXT(2) 
PARAMETRIC_REPRESENTATION_CONTEXT() REPRESENTATION_CONTEXT('2D SPACE',''
  ) );
#3595 = PCURVE('',#3596,#3601);
#3596 = CYLINDRICAL_SURFACE('',#3597,1.7);
#3597 = AXIS2_PLACEMENT_3D('',#3598,#3599,#3600);
#3598 = CARTESIAN_POINT('',(-4.,15.261231585775,72.120524497031));
#3599 = DIRECTION('',(-0.,0.707106781187,-0.707106781187));
#3600 = DIRECTION('',(1.,0.,0.));
#3601 = DEFINITIONAL_REPRESENTATION('',(#3602),#3606);
#3602 = LINE('',#3603,#3604);
#3603 = CARTESIAN_POINT('',(-6.28318530718,-1.E-01));
#3604 = VECTOR('',#3605,1.);
#3605 = DIRECTION('',(1.,-0.));
#3606 = ( GEOMETRIC_REPRESENTATION_CONTEXT(2) 
PARAMETRIC_REPRESENTATION_CONTEXT() REPRESENTATION_CONTEXT('2D SPACE',''
  ) );
#3607 = ADVANCED_FACE('',(#3608,#3656),#1543,.T.);
#3608 = FACE_BOUND('',#3609,.T.);
#3609 = EDGE_LOOP('',(#3610,#3633,#3634,#3635));
#3610 = ORIENTED_EDGE('',*,*,#3611,.F.);
#3611 = EDGE_CURVE('',#1500,#3612,#3614,.T.);
#3612 = VERTEX_POINT('',#3613);
#3613 = CARTESIAN_POINT('',(-6.,17.778531726799,68.132442251139));
#3614 = SURFACE_CURVE('',#3615,(#3619,#3626),.PCURVE_S1.);
#3615 = LINE('',#3616,#3617);
#3616 = CARTESIAN_POINT('',(-9.,21.526197667088,64.38477631085));
#3617 = VECTOR('',#3618,1.);
#3618 = DIRECTION('',(0.492598219852,-0.615364523595,0.615364523595));
#3619 = PCURVE('',#1543,#3620);
#3620 = DEFINITIONAL_REPRESENTATION('',(#3621),#3625);
#3621 = LINE('',#3622,#3623);
#3622 = CARTESIAN_POINT('',(0.,0.));
#3623 = VECTOR('',#3624,1.);
#3624 = DIRECTION('',(1.,-5.551115123126E-17));
#3625 = ( GEOMETRIC_REPRESENTATION_CONTEXT(2) 
PARAMETRIC_REPRESENTATION_CONTEXT() REPRESENTATION_CONTEXT('2D SPACE',''
  ) );
#3626 = PCURVE('',#1515,#3627);
#3627 = DEFINITIONAL_REPRESENTATION('',(#3628),#3632);
#3628 = LINE('',#3629,#3630);
#3629 = CARTESIAN_POINT('',(3.026953115151,6.));
#3630 = VECTOR('',#3631,1.);
#3631 = DIRECTION('',(-0.870256855071,0.492598219852));
#3632 = ( GEOMETRIC_REPRESENTATION_CONTEXT(2) 
PARAMETRIC_REPRESENTATION_CONTEXT() REPRESENTATION_CONTEXT('2D SPACE',''
  ) );
#3633 = ORIENTED_EDGE('',*,*,#1527,.T.);
#3634 = ORIENTED_EDGE('',*,*,#1956,.T.);
#3635 = ORIENTED_EDGE('',*,*,#3636,.F.);
#3636 = EDGE_CURVE('',#3612,#1957,#3637,.T.);
#3637 = SURFACE_CURVE('',#3638,(#3642,#3649),.PCURVE_S1.);
#3638 = LINE('',#3639,#3640);
#3639 = CARTESIAN_POINT('',(-6.,17.778531726799,68.132442251139));
#3640 = VECTOR('',#3641,1.);
#3641 = DIRECTION('',(0.,-0.707106781187,-0.707106781187));
#3642 = PCURVE('',#1543,#3643);
#3643 = DEFINITIONAL_REPRESENTATION('',(#3644),#3648);
#3644 = LINE('',#3645,#3646);
#3645 = CARTESIAN_POINT('',(6.090155991434,-2.6645352591E-15));
#3646 = VECTOR('',#3647,1.);
#3647 = DIRECTION('',(5.551115123126E-17,-1.));
#3648 = ( GEOMETRIC_REPRESENTATION_CONTEXT(2) 
PARAMETRIC_REPRESENTATION_CONTEXT() REPRESENTATION_CONTEXT('2D SPACE',''
  ) );
#3649 = PCURVE('',#1995,#3650);
#3650 = DEFINITIONAL_REPRESENTATION('',(#3651),#3655);
#3651 = LINE('',#3652,#3653);
#3652 = CARTESIAN_POINT('',(0.,0.));
#3653 = VECTOR('',#3654,1.);
#3654 = DIRECTION('',(-0.,-1.));
#3655 = ( GEOMETRIC_REPRESENTATION_CONTEXT(2) 
PARAMETRIC_REPRESENTATION_CONTEXT() REPRESENTATION_CONTEXT('2D SPACE',''
  ) );
#3656 = FACE_BOUND('',#3657,.T.);
#3657 = EDGE_LOOP('',(#3658));
#3658 = ORIENTED_EDGE('',*,*,#3659,.F.);
#3659 = EDGE_CURVE('',#3660,#3660,#3662,.T.);
#3660 = VERTEX_POINT('',#3661);
#3661 = CARTESIAN_POINT('',(-7.471698113208,-6.121677477306,
    40.555277784864));
#3662 = SURFACE_CURVE('',#3663,(#3668,#3675),.PCURVE_S1.);
#3663 = ELLIPSE('',#3664,1.953446261403,1.7);
#3664 = AXIS2_PLACEMENT_3D('',#3665,#3666,#3667);
#3665 = CARTESIAN_POINT('',(-7.471698113208,-7.323759005324,
    39.353196256846));
#3666 = DIRECTION('',(-0.870256855071,-0.348319541658,0.348319541658));
#3667 = DIRECTION('',(-0.492598219852,0.615364523595,-0.615364523595));
#3668 = PCURVE('',#1543,#3669);
#3669 = DEFINITIONAL_REPRESENTATION('',(#3670),#3674);
#3670 = ELLIPSE('',#3671,1.953446261403,1.7);
#3671 = AXIS2_PLACEMENT_2D('',#3672,#3673);
#3672 = CARTESIAN_POINT('',(3.102532297523,-38.1));
#3673 = DIRECTION('',(-1.,5.551115123126E-17));
#3674 = ( GEOMETRIC_REPRESENTATION_CONTEXT(2) 
PARAMETRIC_REPRESENTATION_CONTEXT() REPRESENTATION_CONTEXT('2D SPACE',''
  ) );
#3675 = PCURVE('',#3676,#3681);
#3676 = CYLINDRICAL_SURFACE('',#3677,1.7);
#3677 = AXIS2_PLACEMENT_3D('',#3678,#3679,#3680);
#3678 = CARTESIAN_POINT('',(-36.,-7.323759005324,39.353196256846));
#3679 = DIRECTION('',(-1.,0.,-0.));
#3680 = DIRECTION('',(0.,0.707106781187,0.707106781187));
#3681 = DEFINITIONAL_REPRESENTATION('',(#3682),#3713);
#3682 = B_SPLINE_CURVE_WITH_KNOTS('',8,(#3683,#3684,#3685,#3686,#3687,
    #3688,#3689,#3690,#3691,#3692,#3693,#3694,#3695,#3696,#3697,#3698,
    #3699,#3700,#3701,#3702,#3703,#3704,#3705,#3706,#3707,#3708,#3709,
    #3710,#3711,#3712),.UNSPECIFIED.,.F.,.F.,(9,7,7,7,9),(4.712388980385
    ,6.28318530718,7.461282552276,9.22842841992,10.995574287564),
  .UNSPECIFIED.);
#3683 = CARTESIAN_POINT('',(-6.28318530718,-28.52830188679));
#3684 = CARTESIAN_POINT('',(-6.08683576633,-28.33936176257));
#3685 = CARTESIAN_POINT('',(-5.890486225481,-28.15042229597));
#3686 = CARTESIAN_POINT('',(-5.694136684632,-27.9725789137));
#3687 = CARTESIAN_POINT('',(-5.497787143782,-27.81694362405));
#3688 = CARTESIAN_POINT('',(-5.301437602933,-27.69322902884));
#3689 = CARTESIAN_POINT('',(-5.105088062083,-27.60843654202));
#3690 = CARTESIAN_POINT('',(-4.908738521234,-27.56603773584));
#3691 = CARTESIAN_POINT('',(-4.565126824748,-27.56603773584));
#3692 = CARTESIAN_POINT('',(-4.41786466911,-27.58988673295));
#3693 = CARTESIAN_POINT('',(-4.270602513474,-27.63758413967));
#3694 = CARTESIAN_POINT('',(-4.123340357837,-27.70802837005));
#3695 = CARTESIAN_POINT('',(-3.976078202199,-27.79900975476));
#3696 = CARTESIAN_POINT('',(-3.828816046563,-27.9073491322));
#3697 = CARTESIAN_POINT('',(-3.681553890926,-28.02914090344));
#3698 = CARTESIAN_POINT('',(-3.313398501833,-28.3564369915));
#3699 = CARTESIAN_POINT('',(-3.092505268378,-28.57334841775));
#3700 = CARTESIAN_POINT('',(-2.871612034922,-28.79619913877));
#3701 = CARTESIAN_POINT('',(-2.650718801466,-29.00823282712));
#3702 = CARTESIAN_POINT('',(-2.429825568011,-29.1928742763));
#3703 = CARTESIAN_POINT('',(-2.208932334555,-29.33651019813));
#3704 = CARTESIAN_POINT('',(-1.9880391011,-29.43060846351));
#3705 = CARTESIAN_POINT('',(-1.546252634189,-29.51354434028));
#3706 = CARTESIAN_POINT('',(-1.325359400732,-29.50238318868));
#3707 = CARTESIAN_POINT('',(-1.104466167285,-29.43551060531));
#3708 = CARTESIAN_POINT('',(-0.883572933831,-29.31531794881));
#3709 = CARTESIAN_POINT('',(-0.662679700369,-29.15016988432));
#3710 = CARTESIAN_POINT('',(-0.441786466915,-28.9534172839));
#3711 = CARTESIAN_POINT('',(-0.220893233456,-28.74085952653));
#3712 = CARTESIAN_POINT('',(-8.881784197001E-16,-28.52830188679));
#3713 = ( GEOMETRIC_REPRESENTATION_CONTEXT(2) 
PARAMETRIC_REPRESENTATION_CONTEXT() REPRESENTATION_CONTEXT('2D SPACE',''
  ) );
#3714 = ADVANCED_FACE('',(#3715),#1515,.T.);
#3715 = FACE_BOUND('',#3716,.T.);
#3716 = EDGE_LOOP('',(#3717,#3740,#3741,#3742));
#3717 = ORIENTED_EDGE('',*,*,#3718,.T.);
#3718 = EDGE_CURVE('',#3719,#1472,#3721,.T.);
#3719 = VERTEX_POINT('',#3720);
#3720 = CARTESIAN_POINT('',(-24.,17.778531726799,68.132442251139));
#3721 = SURFACE_CURVE('',#3722,(#3726,#3733),.PCURVE_S1.);
#3722 = LINE('',#3723,#3724);
#3723 = CARTESIAN_POINT('',(-24.,17.778531726799,68.132442251139));
#3724 = VECTOR('',#3725,1.);
#3725 = DIRECTION('',(0.492598219852,0.615364523595,-0.615364523595));
#3726 = PCURVE('',#1515,#3727);
#3727 = DEFINITIONAL_REPRESENTATION('',(#3728),#3732);
#3728 = LINE('',#3729,#3730);
#3729 = CARTESIAN_POINT('',(-2.273046884849,-9.));
#3730 = VECTOR('',#3731,1.);
#3731 = DIRECTION('',(0.870256855071,0.492598219852));
#3732 = ( GEOMETRIC_REPRESENTATION_CONTEXT(2) 
PARAMETRIC_REPRESENTATION_CONTEXT() REPRESENTATION_CONTEXT('2D SPACE',''
  ) );
#3733 = PCURVE('',#1487,#3734);
#3734 = DEFINITIONAL_REPRESENTATION('',(#3735),#3739);
#3735 = LINE('',#3736,#3737);
#3736 = CARTESIAN_POINT('',(0.,0.));
#3737 = VECTOR('',#3738,1.);
#3738 = DIRECTION('',(1.,5.551115123126E-17));
#3739 = ( GEOMETRIC_REPRESENTATION_CONTEXT(2) 
PARAMETRIC_REPRESENTATION_CONTEXT() REPRESENTATION_CONTEXT('2D SPACE',''
  ) );
#3740 = ORIENTED_EDGE('',*,*,#1499,.T.);
#3741 = ORIENTED_EDGE('',*,*,#3611,.T.);
#3742 = ORIENTED_EDGE('',*,*,#3743,.T.);
#3743 = EDGE_CURVE('',#3612,#3719,#3744,.T.);
#3744 = SURFACE_CURVE('',#3745,(#3749,#3756),.PCURVE_S1.);
#3745 = LINE('',#3746,#3747);
#3746 = CARTESIAN_POINT('',(-6.,17.778531726799,68.132442251139));
#3747 = VECTOR('',#3748,1.);
#3748 = DIRECTION('',(-1.,0.,0.));
#3749 = PCURVE('',#1515,#3750);
#3750 = DEFINITIONAL_REPRESENTATION('',(#3751),#3755);
#3751 = LINE('',#3752,#3753);
#3752 = CARTESIAN_POINT('',(-2.273046884849,9.));
#3753 = VECTOR('',#3754,1.);
#3754 = DIRECTION('',(0.,-1.));
#3755 = ( GEOMETRIC_REPRESENTATION_CONTEXT(2) 
PARAMETRIC_REPRESENTATION_CONTEXT() REPRESENTATION_CONTEXT('2D SPACE',''
  ) );
#3756 = PCURVE('',#1995,#3757);
#3757 = DEFINITIONAL_REPRESENTATION('',(#3758),#3762);
#3758 = LINE('',#3759,#3760);
#3759 = CARTESIAN_POINT('',(0.,0.));
#3760 = VECTOR('',#3761,1.);
#3761 = DIRECTION('',(1.,0.));
#3762 = ( GEOMETRIC_REPRESENTATION_CONTEXT(2) 
PARAMETRIC_REPRESENTATION_CONTEXT() REPRESENTATION_CONTEXT('2D SPACE',''
  ) );
#3763 = ADVANCED_FACE('',(#3764,#3790),#1487,.T.);
#3764 = FACE_BOUND('',#3765,.T.);
#3765 = EDGE_LOOP('',(#3766,#3767,#3788,#3789));
#3766 = ORIENTED_EDGE('',*,*,#3718,.F.);
#3767 = ORIENTED_EDGE('',*,*,#3768,.T.);
#3768 = EDGE_CURVE('',#3719,#1980,#3769,.T.);
#3769 = SURFACE_CURVE('',#3770,(#3774,#3781),.PCURVE_S1.);
#3770 = LINE('',#3771,#3772);
#3771 = CARTESIAN_POINT('',(-24.,17.778531726799,68.132442251139));
#3772 = VECTOR('',#3773,1.);
#3773 = DIRECTION('',(0.,-0.707106781187,-0.707106781187));
#3774 = PCURVE('',#1487,#3775);
#3775 = DEFINITIONAL_REPRESENTATION('',(#3776),#3780);
#3776 = LINE('',#3777,#3778);
#3777 = CARTESIAN_POINT('',(0.,0.));
#3778 = VECTOR('',#3779,1.);
#3779 = DIRECTION('',(-5.551115123126E-17,-1.));
#3780 = ( GEOMETRIC_REPRESENTATION_CONTEXT(2) 
PARAMETRIC_REPRESENTATION_CONTEXT() REPRESENTATION_CONTEXT('2D SPACE',''
  ) );
#3781 = PCURVE('',#1995,#3782);
#3782 = DEFINITIONAL_REPRESENTATION('',(#3783),#3787);
#3783 = LINE('',#3784,#3785);
#3784 = CARTESIAN_POINT('',(18.,0.));
#3785 = VECTOR('',#3786,1.);
#3786 = DIRECTION('',(-0.,-1.));
#3787 = ( GEOMETRIC_REPRESENTATION_CONTEXT(2) 
PARAMETRIC_REPRESENTATION_CONTEXT() REPRESENTATION_CONTEXT('2D SPACE',''
  ) );
#3788 = ORIENTED_EDGE('',*,*,#2007,.T.);
#3789 = ORIENTED_EDGE('',*,*,#1471,.T.);
#3790 = FACE_BOUND('',#3791,.T.);
#3791 = EDGE_LOOP('',(#3792));
#3792 = ORIENTED_EDGE('',*,*,#1878,.F.);
#3793 = ADVANCED_FACE('',(#3794),#1995,.T.);
#3794 = FACE_BOUND('',#3795,.T.);
#3795 = EDGE_LOOP('',(#3796,#3797,#3798,#3799));
#3796 = ORIENTED_EDGE('',*,*,#3743,.F.);
#3797 = ORIENTED_EDGE('',*,*,#3636,.T.);
#3798 = ORIENTED_EDGE('',*,*,#1979,.T.);
#3799 = ORIENTED_EDGE('',*,*,#3768,.F.);
#3800 = ADVANCED_FACE('',(#3801),#2070,.T.);
#3801 = FACE_BOUND('',#3802,.T.);
#3802 = EDGE_LOOP('',(#3803,#3804,#3805,#3806,#3807,#3808,#3809,#3810,
    #3811,#3812,#3813,#3814));
#3803 = ORIENTED_EDGE('',*,*,#2952,.F.);
#3804 = ORIENTED_EDGE('',*,*,#2054,.F.);
#3805 = ORIENTED_EDGE('',*,*,#2181,.F.);
#3806 = ORIENTED_EDGE('',*,*,#2258,.F.);
#3807 = ORIENTED_EDGE('',*,*,#2333,.T.);
#3808 = ORIENTED_EDGE('',*,*,#2368,.T.);
#3809 = ORIENTED_EDGE('',*,*,#2415,.F.);
#3810 = ORIENTED_EDGE('',*,*,#2465,.T.);
#3811 = ORIENTED_EDGE('',*,*,#2514,.F.);
#3812 = ORIENTED_EDGE('',*,*,#2612,.T.);
#3813 = ORIENTED_EDGE('',*,*,#2805,.F.);
#3814 = ORIENTED_EDGE('',*,*,#3050,.F.);
#3815 = ADVANCED_FACE('',(#3816),#2748,.T.);
#3816 = FACE_BOUND('',#3817,.T.);
#3817 = EDGE_LOOP('',(#3818,#3819,#3820,#3821));
#3818 = ORIENTED_EDGE('',*,*,#3077,.F.);
#3819 = ORIENTED_EDGE('',*,*,#2732,.T.);
#3820 = ORIENTED_EDGE('',*,*,#2881,.T.);
#3821 = ORIENTED_EDGE('',*,*,#3001,.F.);
#3822 = ADVANCED_FACE('',(#3823),#3120,.T.);
#3823 = FACE_BOUND('',#3824,.T.);
#3824 = EDGE_LOOP('',(#3825));
#3825 = ORIENTED_EDGE('',*,*,#3103,.T.);
#3826 = ADVANCED_FACE('',(#3827),#3175,.T.);
#3827 = FACE_BOUND('',#3828,.T.);
#3828 = EDGE_LOOP('',(#3829));
#3829 = ORIENTED_EDGE('',*,*,#3158,.T.);
#3830 = ADVANCED_FACE('',(#3831),#3230,.T.);
#3831 = FACE_BOUND('',#3832,.T.);
#3832 = EDGE_LOOP('',(#3833));
#3833 = ORIENTED_EDGE('',*,*,#3213,.T.);
#3834 = ADVANCED_FACE('',(#3835),#3285,.T.);
#3835 = FACE_BOUND('',#3836,.T.);
#3836 = EDGE_LOOP('',(#3837));
#3837 = ORIENTED_EDGE('',*,*,#3268,.T.);
#3838 = ADVANCED_FACE('',(#3839),#3340,.T.);
#3839 = FACE_BOUND('',#3840,.T.);
#3840 = EDGE_LOOP('',(#3841));
#3841 = ORIENTED_EDGE('',*,*,#3323,.T.);
#3842 = ADVANCED_FACE('',(#3843),#3395,.T.);
#3843 = FACE_BOUND('',#3844,.T.);
#3844 = EDGE_LOOP('',(#3845));
#3845 = ORIENTED_EDGE('',*,*,#3378,.T.);
#3846 = ADVANCED_FACE('',(#3847),#3491,.T.);
#3847 = FACE_BOUND('',#3848,.F.);
#3848 = EDGE_LOOP('',(#3849,#3850,#3873,#3900));
#3849 = ORIENTED_EDGE('',*,*,#3470,.T.);
#3850 = ORIENTED_EDGE('',*,*,#3851,.T.);
#3851 = EDGE_CURVE('',#3471,#3852,#3854,.T.);
#3852 = VERTEX_POINT('',#3853);
#3853 = CARTESIAN_POINT('',(-28.3,-8.045007922134,54.41457069612));
#3854 = SEAM_CURVE('',#3855,(#3859,#3866),.PCURVE_S1.);
#3855 = LINE('',#3856,#3857);
#3856 = CARTESIAN_POINT('',(-28.3,-5.244865068635,51.614427842621));
#3857 = VECTOR('',#3858,1.);
#3858 = DIRECTION('',(0.,-0.707106781187,0.707106781187));
#3859 = PCURVE('',#3491,#3860);
#3860 = DEFINITIONAL_REPRESENTATION('',(#3861),#3865);
#3861 = LINE('',#3862,#3863);
#3862 = CARTESIAN_POINT('',(-6.28318530718,0.));
#3863 = VECTOR('',#3864,1.);
#3864 = DIRECTION('',(-0.,-1.));
#3865 = ( GEOMETRIC_REPRESENTATION_CONTEXT(2) 
PARAMETRIC_REPRESENTATION_CONTEXT() REPRESENTATION_CONTEXT('2D SPACE',''
  ) );
#3866 = PCURVE('',#3491,#3867);
#3867 = DEFINITIONAL_REPRESENTATION('',(#3868),#3872);
#3868 = LINE('',#3869,#3870);
#3869 = CARTESIAN_POINT('',(-0.,0.));
#3870 = VECTOR('',#3871,1.);
#3871 = DIRECTION('',(-0.,-1.));
#3872 = ( GEOMETRIC_REPRESENTATION_CONTEXT(2) 
PARAMETRIC_REPRESENTATION_CONTEXT() REPRESENTATION_CONTEXT('2D SPACE',''
  ) );
#3873 = ORIENTED_EDGE('',*,*,#3874,.T.);
#3874 = EDGE_CURVE('',#3852,#3852,#3875,.T.);
#3875 = SURFACE_CURVE('',#3876,(#3881,#3888),.PCURVE_S1.);
#3876 = CIRCLE('',#3877,1.7);
#3877 = AXIS2_PLACEMENT_3D('',#3878,#3879,#3880);
#3878 = CARTESIAN_POINT('',(-30.,-8.045007922134,54.41457069612));
#3879 = DIRECTION('',(0.,-0.707106781187,0.707106781187));
#3880 = DIRECTION('',(1.,0.,0.));
#3881 = PCURVE('',#3491,#3882);
#3882 = DEFINITIONAL_REPRESENTATION('',(#3883),#3887);
#3883 = LINE('',#3884,#3885);
#3884 = CARTESIAN_POINT('',(-0.,-3.96));
#3885 = VECTOR('',#3886,1.);
#3886 = DIRECTION('',(-1.,0.));
#3887 = ( GEOMETRIC_REPRESENTATION_CONTEXT(2) 
PARAMETRIC_REPRESENTATION_CONTEXT() REPRESENTATION_CONTEXT('2D SPACE',''
  ) );
#3888 = PCURVE('',#3889,#3894);
#3889 = PLANE('',#3890);
#3890 = AXIS2_PLACEMENT_3D('',#3891,#3892,#3893);
#3891 = CARTESIAN_POINT('',(-30.,-8.045007922134,54.41457069612));
#3892 = DIRECTION('',(0.,-0.707106781187,0.707106781187));
#3893 = DIRECTION('',(1.,0.,0.));
#3894 = DEFINITIONAL_REPRESENTATION('',(#3895),#3899);
#3895 = CIRCLE('',#3896,1.7);
#3896 = AXIS2_PLACEMENT_2D('',#3897,#3898);
#3897 = CARTESIAN_POINT('',(0.,0.));
#3898 = DIRECTION('',(1.,0.));
#3899 = ( GEOMETRIC_REPRESENTATION_CONTEXT(2) 
PARAMETRIC_REPRESENTATION_CONTEXT() REPRESENTATION_CONTEXT('2D SPACE',''
  ) );
#3900 = ORIENTED_EDGE('',*,*,#3851,.F.);
#3901 = ADVANCED_FACE('',(#3902),#3526,.T.);
#3902 = FACE_BOUND('',#3903,.F.);
#3903 = EDGE_LOOP('',(#3904,#3905,#3928,#3955));
#3904 = ORIENTED_EDGE('',*,*,#3505,.T.);
#3905 = ORIENTED_EDGE('',*,*,#3906,.T.);
#3906 = EDGE_CURVE('',#3506,#3907,#3909,.T.);
#3907 = VERTEX_POINT('',#3908);
#3908 = CARTESIAN_POINT('',(-2.3,-8.045007922134,54.41457069612));
#3909 = SEAM_CURVE('',#3910,(#3914,#3921),.PCURVE_S1.);
#3910 = LINE('',#3911,#3912);
#3911 = CARTESIAN_POINT('',(-2.3,-5.244865068635,51.614427842621));
#3912 = VECTOR('',#3913,1.);
#3913 = DIRECTION('',(0.,-0.707106781187,0.707106781187));
#3914 = PCURVE('',#3526,#3915);
#3915 = DEFINITIONAL_REPRESENTATION('',(#3916),#3920);
#3916 = LINE('',#3917,#3918);
#3917 = CARTESIAN_POINT('',(-6.28318530718,0.));
#3918 = VECTOR('',#3919,1.);
#3919 = DIRECTION('',(-0.,-1.));
#3920 = ( GEOMETRIC_REPRESENTATION_CONTEXT(2) 
PARAMETRIC_REPRESENTATION_CONTEXT() REPRESENTATION_CONTEXT('2D SPACE',''
  ) );
#3921 = PCURVE('',#3526,#3922);
#3922 = DEFINITIONAL_REPRESENTATION('',(#3923),#3927);
#3923 = LINE('',#3924,#3925);
#3924 = CARTESIAN_POINT('',(-0.,0.));
#3925 = VECTOR('',#3926,1.);
#3926 = DIRECTION('',(-0.,-1.));
#3927 = ( GEOMETRIC_REPRESENTATION_CONTEXT(2) 
PARAMETRIC_REPRESENTATION_CONTEXT() REPRESENTATION_CONTEXT('2D SPACE',''
  ) );
#3928 = ORIENTED_EDGE('',*,*,#3929,.T.);
#3929 = EDGE_CURVE('',#3907,#3907,#3930,.T.);
#3930 = SURFACE_CURVE('',#3931,(#3936,#3943),.PCURVE_S1.);
#3931 = CIRCLE('',#3932,1.7);
#3932 = AXIS2_PLACEMENT_3D('',#3933,#3934,#3935);
#3933 = CARTESIAN_POINT('',(-4.,-8.045007922134,54.41457069612));
#3934 = DIRECTION('',(0.,-0.707106781187,0.707106781187));
#3935 = DIRECTION('',(1.,0.,0.));
#3936 = PCURVE('',#3526,#3937);
#3937 = DEFINITIONAL_REPRESENTATION('',(#3938),#3942);
#3938 = LINE('',#3939,#3940);
#3939 = CARTESIAN_POINT('',(-0.,-3.96));
#3940 = VECTOR('',#3941,1.);
#3941 = DIRECTION('',(-1.,0.));
#3942 = ( GEOMETRIC_REPRESENTATION_CONTEXT(2) 
PARAMETRIC_REPRESENTATION_CONTEXT() REPRESENTATION_CONTEXT('2D SPACE',''
  ) );
#3943 = PCURVE('',#3944,#3949);
#3944 = PLANE('',#3945);
#3945 = AXIS2_PLACEMENT_3D('',#3946,#3947,#3948);
#3946 = CARTESIAN_POINT('',(-4.,-8.045007922134,54.41457069612));
#3947 = DIRECTION('',(0.,-0.707106781187,0.707106781187));
#3948 = DIRECTION('',(1.,0.,0.));
#3949 = DEFINITIONAL_REPRESENTATION('',(#3950),#3954);
#3950 = CIRCLE('',#3951,1.7);
#3951 = AXIS2_PLACEMENT_2D('',#3952,#3953);
#3952 = CARTESIAN_POINT('',(0.,0.));
#3953 = DIRECTION('',(1.,0.));
#3954 = ( GEOMETRIC_REPRESENTATION_CONTEXT(2) 
PARAMETRIC_REPRESENTATION_CONTEXT() REPRESENTATION_CONTEXT('2D SPACE',''
  ) );
#3955 = ORIENTED_EDGE('',*,*,#3906,.F.);
#3956 = ADVANCED_FACE('',(#3957),#3561,.T.);
#3957 = FACE_BOUND('',#3958,.F.);
#3958 = EDGE_LOOP('',(#3959,#3960,#3983,#4010));
#3959 = ORIENTED_EDGE('',*,*,#3540,.T.);
#3960 = ORIENTED_EDGE('',*,*,#3961,.T.);
#3961 = EDGE_CURVE('',#3541,#3962,#3964,.T.);
#3962 = VERTEX_POINT('',#3963);
#3963 = CARTESIAN_POINT('',(-28.3,12.461088732276,74.92066735053));
#3964 = SEAM_CURVE('',#3965,(#3969,#3976),.PCURVE_S1.);
#3965 = LINE('',#3966,#3967);
#3966 = CARTESIAN_POINT('',(-28.3,15.261231585775,72.120524497031));
#3967 = VECTOR('',#3968,1.);
#3968 = DIRECTION('',(0.,-0.707106781187,0.707106781187));
#3969 = PCURVE('',#3561,#3970);
#3970 = DEFINITIONAL_REPRESENTATION('',(#3971),#3975);
#3971 = LINE('',#3972,#3973);
#3972 = CARTESIAN_POINT('',(-6.28318530718,0.));
#3973 = VECTOR('',#3974,1.);
#3974 = DIRECTION('',(-0.,-1.));
#3975 = ( GEOMETRIC_REPRESENTATION_CONTEXT(2) 
PARAMETRIC_REPRESENTATION_CONTEXT() REPRESENTATION_CONTEXT('2D SPACE',''
  ) );
#3976 = PCURVE('',#3561,#3977);
#3977 = DEFINITIONAL_REPRESENTATION('',(#3978),#3982);
#3978 = LINE('',#3979,#3980);
#3979 = CARTESIAN_POINT('',(-0.,0.));
#3980 = VECTOR('',#3981,1.);
#3981 = DIRECTION('',(-0.,-1.));
#3982 = ( GEOMETRIC_REPRESENTATION_CONTEXT(2) 
PARAMETRIC_REPRESENTATION_CONTEXT() REPRESENTATION_CONTEXT('2D SPACE',''
  ) );
#3983 = ORIENTED_EDGE('',*,*,#3984,.T.);
#3984 = EDGE_CURVE('',#3962,#3962,#3985,.T.);
#3985 = SURFACE_CURVE('',#3986,(#3991,#3998),.PCURVE_S1.);
#3986 = CIRCLE('',#3987,1.7);
#3987 = AXIS2_PLACEMENT_3D('',#3988,#3989,#3990);
#3988 = CARTESIAN_POINT('',(-30.,12.461088732276,74.92066735053));
#3989 = DIRECTION('',(0.,-0.707106781187,0.707106781187));
#3990 = DIRECTION('',(1.,0.,0.));
#3991 = PCURVE('',#3561,#3992);
#3992 = DEFINITIONAL_REPRESENTATION('',(#3993),#3997);
#3993 = LINE('',#3994,#3995);
#3994 = CARTESIAN_POINT('',(-0.,-3.96));
#3995 = VECTOR('',#3996,1.);
#3996 = DIRECTION('',(-1.,0.));
#3997 = ( GEOMETRIC_REPRESENTATION_CONTEXT(2) 
PARAMETRIC_REPRESENTATION_CONTEXT() REPRESENTATION_CONTEXT('2D SPACE',''
  ) );
#3998 = PCURVE('',#3999,#4004);
#3999 = PLANE('',#4000);
#4000 = AXIS2_PLACEMENT_3D('',#4001,#4002,#4003);
#4001 = CARTESIAN_POINT('',(-30.,12.461088732276,74.92066735053));
#4002 = DIRECTION('',(0.,-0.707106781187,0.707106781187));
#4003 = DIRECTION('',(1.,0.,0.));
#4004 = DEFINITIONAL_REPRESENTATION('',(#4005),#4009);
#4005 = CIRCLE('',#4006,1.7);
#4006 = AXIS2_PLACEMENT_2D('',#4007,#4008);
#4007 = CARTESIAN_POINT('',(0.,0.));
#4008 = DIRECTION('',(1.,0.));
#4009 = ( GEOMETRIC_REPRESENTATION_CONTEXT(2) 
PARAMETRIC_REPRESENTATION_CONTEXT() REPRESENTATION_CONTEXT('2D SPACE',''
  ) );
#4010 = ORIENTED_EDGE('',*,*,#3961,.F.);
#4011 = ADVANCED_FACE('',(#4012),#3596,.T.);
#4012 = FACE_BOUND('',#4013,.F.);
#4013 = EDGE_LOOP('',(#4014,#4015,#4038,#4065));
#4014 = ORIENTED_EDGE('',*,*,#3575,.T.);
#4015 = ORIENTED_EDGE('',*,*,#4016,.T.);
#4016 = EDGE_CURVE('',#3576,#4017,#4019,.T.);
#4017 = VERTEX_POINT('',#4018);
#4018 = CARTESIAN_POINT('',(-2.3,12.461088732276,74.92066735053));
#4019 = SEAM_CURVE('',#4020,(#4024,#4031),.PCURVE_S1.);
#4020 = LINE('',#4021,#4022);
#4021 = CARTESIAN_POINT('',(-2.3,15.261231585775,72.120524497031));
#4022 = VECTOR('',#4023,1.);
#4023 = DIRECTION('',(0.,-0.707106781187,0.707106781187));
#4024 = PCURVE('',#3596,#4025);
#4025 = DEFINITIONAL_REPRESENTATION('',(#4026),#4030);
#4026 = LINE('',#4027,#4028);
#4027 = CARTESIAN_POINT('',(-6.28318530718,0.));
#4028 = VECTOR('',#4029,1.);
#4029 = DIRECTION('',(-0.,-1.));
#4030 = ( GEOMETRIC_REPRESENTATION_CONTEXT(2) 
PARAMETRIC_REPRESENTATION_CONTEXT() REPRESENTATION_CONTEXT('2D SPACE',''
  ) );
#4031 = PCURVE('',#3596,#4032);
#4032 = DEFINITIONAL_REPRESENTATION('',(#4033),#4037);
#4033 = LINE('',#4034,#4035);
#4034 = CARTESIAN_POINT('',(-0.,0.));
#4035 = VECTOR('',#4036,1.);
#4036 = DIRECTION('',(-0.,-1.));
#4037 = ( GEOMETRIC_REPRESENTATION_CONTEXT(2) 
PARAMETRIC_REPRESENTATION_CONTEXT() REPRESENTATION_CONTEXT('2D SPACE',''
  ) );
#4038 = ORIENTED_EDGE('',*,*,#4039,.T.);
#4039 = EDGE_CURVE('',#4017,#4017,#4040,.T.);
#4040 = SURFACE_CURVE('',#4041,(#4046,#4053),.PCURVE_S1.);
#4041 = CIRCLE('',#4042,1.7);
#4042 = AXIS2_PLACEMENT_3D('',#4043,#4044,#4045);
#4043 = CARTESIAN_POINT('',(-4.,12.461088732276,74.92066735053));
#4044 = DIRECTION('',(0.,-0.707106781187,0.707106781187));
#4045 = DIRECTION('',(1.,0.,0.));
#4046 = PCURVE('',#3596,#4047);
#4047 = DEFINITIONAL_REPRESENTATION('',(#4048),#4052);
#4048 = LINE('',#4049,#4050);
#4049 = CARTESIAN_POINT('',(-0.,-3.96));
#4050 = VECTOR('',#4051,1.);
#4051 = DIRECTION('',(-1.,0.));
#4052 = ( GEOMETRIC_REPRESENTATION_CONTEXT(2) 
PARAMETRIC_REPRESENTATION_CONTEXT() REPRESENTATION_CONTEXT('2D SPACE',''
  ) );
#4053 = PCURVE('',#4054,#4059);
#4054 = PLANE('',#4055);
#4055 = AXIS2_PLACEMENT_3D('',#4056,#4057,#4058);
#4056 = CARTESIAN_POINT('',(-4.,12.461088732276,74.92066735053));
#4057 = DIRECTION('',(0.,-0.707106781187,0.707106781187));
#4058 = DIRECTION('',(1.,0.,0.));
#4059 = DEFINITIONAL_REPRESENTATION('',(#4060),#4064);
#4060 = CIRCLE('',#4061,1.7);
#4061 = AXIS2_PLACEMENT_2D('',#4062,#4063);
#4062 = CARTESIAN_POINT('',(0.,0.));
#4063 = DIRECTION('',(1.,0.));
#4064 = ( GEOMETRIC_REPRESENTATION_CONTEXT(2) 
PARAMETRIC_REPRESENTATION_CONTEXT() REPRESENTATION_CONTEXT('2D SPACE',''
  ) );
#4065 = ORIENTED_EDGE('',*,*,#4016,.F.);
#4066 = ADVANCED_FACE('',(#4067),#3676,.F.);
#4067 = FACE_BOUND('',#4068,.T.);
#4068 = EDGE_LOOP('',(#4069,#4070,#4093,#4120));
#4069 = ORIENTED_EDGE('',*,*,#3659,.T.);
#4070 = ORIENTED_EDGE('',*,*,#4071,.T.);
#4071 = EDGE_CURVE('',#3660,#4072,#4074,.T.);
#4072 = VERTEX_POINT('',#4073);
#4073 = CARTESIAN_POINT('',(-5.,-6.121677477306,40.555277784864));
#4074 = SEAM_CURVE('',#4075,(#4079,#4086),.PCURVE_S1.);
#4075 = LINE('',#4076,#4077);
#4076 = CARTESIAN_POINT('',(-36.,-6.121677477306,40.555277784864));
#4077 = VECTOR('',#4078,1.);
#4078 = DIRECTION('',(1.,0.,0.));
#4079 = PCURVE('',#3676,#4080);
#4080 = DEFINITIONAL_REPRESENTATION('',(#4081),#4085);
#4081 = LINE('',#4082,#4083);
#4082 = CARTESIAN_POINT('',(-6.28318530718,0.));
#4083 = VECTOR('',#4084,1.);
#4084 = DIRECTION('',(-0.,-1.));
#4085 = ( GEOMETRIC_REPRESENTATION_CONTEXT(2) 
PARAMETRIC_REPRESENTATION_CONTEXT() REPRESENTATION_CONTEXT('2D SPACE',''
  ) );
#4086 = PCURVE('',#3676,#4087);
#4087 = DEFINITIONAL_REPRESENTATION('',(#4088),#4092);
#4088 = LINE('',#4089,#4090);
#4089 = CARTESIAN_POINT('',(-0.,0.));
#4090 = VECTOR('',#4091,1.);
#4091 = DIRECTION('',(-0.,-1.));
#4092 = ( GEOMETRIC_REPRESENTATION_CONTEXT(2) 
PARAMETRIC_REPRESENTATION_CONTEXT() REPRESENTATION_CONTEXT('2D SPACE',''
  ) );
#4093 = ORIENTED_EDGE('',*,*,#4094,.T.);
#4094 = EDGE_CURVE('',#4072,#4072,#4095,.T.);
#4095 = SURFACE_CURVE('',#4096,(#4101,#4108),.PCURVE_S1.);
#4096 = CIRCLE('',#4097,1.7);
#4097 = AXIS2_PLACEMENT_3D('',#4098,#4099,#4100);
#4098 = CARTESIAN_POINT('',(-5.,-7.323759005324,39.353196256846));
#4099 = DIRECTION('',(1.,0.,-0.));
#4100 = DIRECTION('',(0.,0.707106781187,0.707106781187));
#4101 = PCURVE('',#3676,#4102);
#4102 = DEFINITIONAL_REPRESENTATION('',(#4103),#4107);
#4103 = LINE('',#4104,#4105);
#4104 = CARTESIAN_POINT('',(-0.,-31.));
#4105 = VECTOR('',#4106,1.);
#4106 = DIRECTION('',(-1.,0.));
#4107 = ( GEOMETRIC_REPRESENTATION_CONTEXT(2) 
PARAMETRIC_REPRESENTATION_CONTEXT() REPRESENTATION_CONTEXT('2D SPACE',''
  ) );
#4108 = PCURVE('',#4109,#4114);
#4109 = PLANE('',#4110);
#4110 = AXIS2_PLACEMENT_3D('',#4111,#4112,#4113);
#4111 = CARTESIAN_POINT('',(-5.,-7.323759005324,39.353196256846));
#4112 = DIRECTION('',(1.,0.,0.));
#4113 = DIRECTION('',(0.,-0.707106781187,0.707106781187));
#4114 = DEFINITIONAL_REPRESENTATION('',(#4115),#4119);
#4115 = CIRCLE('',#4116,1.7);
#4116 = AXIS2_PLACEMENT_2D('',#4117,#4118);
#4117 = CARTESIAN_POINT('',(0.,0.));
#4118 = DIRECTION('',(0.,-1.));
#4119 = ( GEOMETRIC_REPRESENTATION_CONTEXT(2) 
PARAMETRIC_REPRESENTATION_CONTEXT() REPRESENTATION_CONTEXT('2D SPACE',''
  ) );
#4120 = ORIENTED_EDGE('',*,*,#4071,.F.);
#4121 = ADVANCED_FACE('',(#4122,#4125),#3889,.T.);
#4122 = FACE_BOUND('',#4123,.T.);
#4123 = EDGE_LOOP('',(#4124));
#4124 = ORIENTED_EDGE('',*,*,#3874,.T.);
#4125 = FACE_BOUND('',#4126,.T.);
#4126 = EDGE_LOOP('',(#4127));
#4127 = ORIENTED_EDGE('',*,*,#4128,.T.);
#4128 = EDGE_CURVE('',#4129,#4129,#4131,.T.);
#4129 = VERTEX_POINT('',#4130);
#4130 = CARTESIAN_POINT('',(-29.38,-8.045007922134,54.41457069612));
#4131 = SURFACE_CURVE('',#4132,(#4137,#4148),.PCURVE_S1.);
#4132 = CIRCLE('',#4133,0.62);
#4133 = AXIS2_PLACEMENT_3D('',#4134,#4135,#4136);
#4134 = CARTESIAN_POINT('',(-30.,-8.045007922134,54.41457069612));
#4135 = DIRECTION('',(0.,0.707106781187,-0.707106781187));
#4136 = DIRECTION('',(1.,0.,0.));
#4137 = PCURVE('',#3889,#4138);
#4138 = DEFINITIONAL_REPRESENTATION('',(#4139),#4147);
#4139 = ( BOUNDED_CURVE() B_SPLINE_CURVE(2,(#4140,#4141,#4142,#4143,
#4144,#4145,#4146),.UNSPECIFIED.,.T.,.F.) B_SPLINE_CURVE_WITH_KNOTS((1,2
    ,2,2,2,1),(-2.094395102393,0.,2.094395102393,4.188790204786,
6.28318530718,8.377580409573),.UNSPECIFIED.) CURVE() 
GEOMETRIC_REPRESENTATION_ITEM() RATIONAL_B_SPLINE_CURVE((1.,0.5,1.,0.5,
1.,0.5,1.)) REPRESENTATION_ITEM('') );
#4140 = CARTESIAN_POINT('',(0.62,0.));
#4141 = CARTESIAN_POINT('',(0.62,-1.073871500693));
#4142 = CARTESIAN_POINT('',(-0.31,-0.536935750346));
#4143 = CARTESIAN_POINT('',(-1.24,-1.518562030943E-16));
#4144 = CARTESIAN_POINT('',(-0.31,0.536935750346));
#4145 = CARTESIAN_POINT('',(0.62,1.073871500693));
#4146 = CARTESIAN_POINT('',(0.62,0.));
#4147 = ( GEOMETRIC_REPRESENTATION_CONTEXT(2) 
PARAMETRIC_REPRESENTATION_CONTEXT() REPRESENTATION_CONTEXT('2D SPACE',''
  ) );
#4148 = PCURVE('',#4149,#4154);
#4149 = CYLINDRICAL_SURFACE('',#4150,0.62);
#4150 = AXIS2_PLACEMENT_3D('',#4151,#4152,#4153);
#4151 = CARTESIAN_POINT('',(-30.,-7.974297244015,54.343860018001));
#4152 = DIRECTION('',(-0.,0.707106781187,-0.707106781187));
#4153 = DIRECTION('',(1.,0.,0.));
#4154 = DEFINITIONAL_REPRESENTATION('',(#4155),#4159);
#4155 = LINE('',#4156,#4157);
#4156 = CARTESIAN_POINT('',(-6.28318530718,-1.E-01));
#4157 = VECTOR('',#4158,1.);
#4158 = DIRECTION('',(1.,-0.));
#4159 = ( GEOMETRIC_REPRESENTATION_CONTEXT(2) 
PARAMETRIC_REPRESENTATION_CONTEXT() REPRESENTATION_CONTEXT('2D SPACE',''
  ) );
#4160 = ADVANCED_FACE('',(#4161,#4164),#3944,.T.);
#4161 = FACE_BOUND('',#4162,.T.);
#4162 = EDGE_LOOP('',(#4163));
#4163 = ORIENTED_EDGE('',*,*,#3929,.T.);
#4164 = FACE_BOUND('',#4165,.T.);
#4165 = EDGE_LOOP('',(#4166));
#4166 = ORIENTED_EDGE('',*,*,#4167,.T.);
#4167 = EDGE_CURVE('',#4168,#4168,#4170,.T.);
#4168 = VERTEX_POINT('',#4169);
#4169 = CARTESIAN_POINT('',(-3.38,-8.045007922134,54.41457069612));
#4170 = SURFACE_CURVE('',#4171,(#4176,#4187),.PCURVE_S1.);
#4171 = CIRCLE('',#4172,0.62);
#4172 = AXIS2_PLACEMENT_3D('',#4173,#4174,#4175);
#4173 = CARTESIAN_POINT('',(-4.,-8.045007922134,54.41457069612));
#4174 = DIRECTION('',(0.,0.707106781187,-0.707106781187));
#4175 = DIRECTION('',(1.,0.,0.));
#4176 = PCURVE('',#3944,#4177);
#4177 = DEFINITIONAL_REPRESENTATION('',(#4178),#4186);
#4178 = ( BOUNDED_CURVE() B_SPLINE_CURVE(2,(#4179,#4180,#4181,#4182,
#4183,#4184,#4185),.UNSPECIFIED.,.T.,.F.) B_SPLINE_CURVE_WITH_KNOTS((1,2
    ,2,2,2,1),(-2.094395102393,0.,2.094395102393,4.188790204786,
6.28318530718,8.377580409573),.UNSPECIFIED.) CURVE() 
GEOMETRIC_REPRESENTATION_ITEM() RATIONAL_B_SPLINE_CURVE((1.,0.5,1.,0.5,
1.,0.5,1.)) REPRESENTATION_ITEM('') );
#4179 = CARTESIAN_POINT('',(0.62,0.));
#4180 = CARTESIAN_POINT('',(0.62,-1.073871500693));
#4181 = CARTESIAN_POINT('',(-0.31,-0.536935750346));
#4182 = CARTESIAN_POINT('',(-1.24,-1.518562030943E-16));
#4183 = CARTESIAN_POINT('',(-0.31,0.536935750346));
#4184 = CARTESIAN_POINT('',(0.62,1.073871500693));
#4185 = CARTESIAN_POINT('',(0.62,0.));
#4186 = ( GEOMETRIC_REPRESENTATION_CONTEXT(2) 
PARAMETRIC_REPRESENTATION_CONTEXT() REPRESENTATION_CONTEXT('2D SPACE',''
  ) );
#4187 = PCURVE('',#4188,#4193);
#4188 = CYLINDRICAL_SURFACE('',#4189,0.62);
#4189 = AXIS2_PLACEMENT_3D('',#4190,#4191,#4192);
#4190 = CARTESIAN_POINT('',(-4.,-7.974297244015,54.343860018001));
#4191 = DIRECTION('',(-0.,0.707106781187,-0.707106781187));
#4192 = DIRECTION('',(1.,0.,0.));
#4193 = DEFINITIONAL_REPRESENTATION('',(#4194),#4198);
#4194 = LINE('',#4195,#4196);
#4195 = CARTESIAN_POINT('',(-6.28318530718,-1.E-01));
#4196 = VECTOR('',#4197,1.);
#4197 = DIRECTION('',(1.,-0.));
#4198 = ( GEOMETRIC_REPRESENTATION_CONTEXT(2) 
PARAMETRIC_REPRESENTATION_CONTEXT() REPRESENTATION_CONTEXT('2D SPACE',''
  ) );
#4199 = ADVANCED_FACE('',(#4200,#4203),#3999,.T.);
#4200 = FACE_BOUND('',#4201,.T.);
#4201 = EDGE_LOOP('',(#4202));
#4202 = ORIENTED_EDGE('',*,*,#3984,.T.);
#4203 = FACE_BOUND('',#4204,.T.);
#4204 = EDGE_LOOP('',(#4205));
#4205 = ORIENTED_EDGE('',*,*,#4206,.T.);
#4206 = EDGE_CURVE('',#4207,#4207,#4209,.T.);
#4207 = VERTEX_POINT('',#4208);
#4208 = CARTESIAN_POINT('',(-29.38,12.461088732276,74.92066735053));
#4209 = SURFACE_CURVE('',#4210,(#4215,#4226),.PCURVE_S1.);
#4210 = CIRCLE('',#4211,0.62);
#4211 = AXIS2_PLACEMENT_3D('',#4212,#4213,#4214);
#4212 = CARTESIAN_POINT('',(-30.,12.461088732276,74.92066735053));
#4213 = DIRECTION('',(0.,0.707106781187,-0.707106781187));
#4214 = DIRECTION('',(1.,0.,0.));
#4215 = PCURVE('',#3999,#4216);
#4216 = DEFINITIONAL_REPRESENTATION('',(#4217),#4225);
#4217 = ( BOUNDED_CURVE() B_SPLINE_CURVE(2,(#4218,#4219,#4220,#4221,
#4222,#4223,#4224),.UNSPECIFIED.,.T.,.F.) B_SPLINE_CURVE_WITH_KNOTS((1,2
    ,2,2,2,1),(-2.094395102393,0.,2.094395102393,4.188790204786,
6.28318530718,8.377580409573),.UNSPECIFIED.) CURVE() 
GEOMETRIC_REPRESENTATION_ITEM() RATIONAL_B_SPLINE_CURVE((1.,0.5,1.,0.5,
1.,0.5,1.)) REPRESENTATION_ITEM('') );
#4218 = CARTESIAN_POINT('',(0.62,0.));
#4219 = CARTESIAN_POINT('',(0.62,-1.073871500693));
#4220 = CARTESIAN_POINT('',(-0.31,-0.536935750346));
#4221 = CARTESIAN_POINT('',(-1.24,-1.518562030943E-16));
#4222 = CARTESIAN_POINT('',(-0.31,0.536935750346));
#4223 = CARTESIAN_POINT('',(0.62,1.073871500693));
#4224 = CARTESIAN_POINT('',(0.62,0.));
#4225 = ( GEOMETRIC_REPRESENTATION_CONTEXT(2) 
PARAMETRIC_REPRESENTATION_CONTEXT() REPRESENTATION_CONTEXT('2D SPACE',''
  ) );
#4226 = PCURVE('',#4227,#4232);
#4227 = CYLINDRICAL_SURFACE('',#4228,0.62);
#4228 = AXIS2_PLACEMENT_3D('',#4229,#4230,#4231);
#4229 = CARTESIAN_POINT('',(-30.,12.531799410395,74.849956672411));
#4230 = DIRECTION('',(-0.,0.707106781187,-0.707106781187));
#4231 = DIRECTION('',(1.,0.,0.));
#4232 = DEFINITIONAL_REPRESENTATION('',(#4233),#4237);
#4233 = LINE('',#4234,#4235);
#4234 = CARTESIAN_POINT('',(-6.28318530718,-1.E-01));
#4235 = VECTOR('',#4236,1.);
#4236 = DIRECTION('',(1.,-0.));
#4237 = ( GEOMETRIC_REPRESENTATION_CONTEXT(2) 
PARAMETRIC_REPRESENTATION_CONTEXT() REPRESENTATION_CONTEXT('2D SPACE',''
  ) );
#4238 = ADVANCED_FACE('',(#4239,#4242),#4054,.T.);
#4239 = FACE_BOUND('',#4240,.T.);
#4240 = EDGE_LOOP('',(#4241));
#4241 = ORIENTED_EDGE('',*,*,#4039,.T.);
#4242 = FACE_BOUND('',#4243,.T.);
#4243 = EDGE_LOOP('',(#4244));
#4244 = ORIENTED_EDGE('',*,*,#4245,.T.);
#4245 = EDGE_CURVE('',#4246,#4246,#4248,.T.);
#4246 = VERTEX_POINT('',#4247);
#4247 = CARTESIAN_POINT('',(-3.38,12.461088732276,74.92066735053));
#4248 = SURFACE_CURVE('',#4249,(#4254,#4265),.PCURVE_S1.);
#4249 = CIRCLE('',#4250,0.62);
#4250 = AXIS2_PLACEMENT_3D('',#4251,#4252,#4253);
#4251 = CARTESIAN_POINT('',(-4.,12.461088732276,74.92066735053));
#4252 = DIRECTION('',(0.,0.707106781187,-0.707106781187));
#4253 = DIRECTION('',(1.,0.,0.));
#4254 = PCURVE('',#4054,#4255);
#4255 = DEFINITIONAL_REPRESENTATION('',(#4256),#4264);
#4256 = ( BOUNDED_CURVE() B_SPLINE_CURVE(2,(#4257,#4258,#4259,#4260,
#4261,#4262,#4263),.UNSPECIFIED.,.T.,.F.) B_SPLINE_CURVE_WITH_KNOTS((1,2
    ,2,2,2,1),(-2.094395102393,0.,2.094395102393,4.188790204786,
6.28318530718,8.377580409573),.UNSPECIFIED.) CURVE() 
GEOMETRIC_REPRESENTATION_ITEM() RATIONAL_B_SPLINE_CURVE((1.,0.5,1.,0.5,
1.,0.5,1.)) REPRESENTATION_ITEM('') );
#4257 = CARTESIAN_POINT('',(0.62,0.));
#4258 = CARTESIAN_POINT('',(0.62,-1.073871500693));
#4259 = CARTESIAN_POINT('',(-0.31,-0.536935750346));
#4260 = CARTESIAN_POINT('',(-1.24,-1.518562030943E-16));
#4261 = CARTESIAN_POINT('',(-0.31,0.536935750346));
#4262 = CARTESIAN_POINT('',(0.62,1.073871500693));
#4263 = CARTESIAN_POINT('',(0.62,0.));
#4264 = ( GEOMETRIC_REPRESENTATION_CONTEXT(2) 
PARAMETRIC_REPRESENTATION_CONTEXT() REPRESENTATION_CONTEXT('2D SPACE',''
  ) );
#4265 = PCURVE('',#4266,#4271);
#4266 = CYLINDRICAL_SURFACE('',#4267,0.62);
#4267 = AXIS2_PLACEMENT_3D('',#4268,#4269,#4270);
#4268 = CARTESIAN_POINT('',(-4.,12.531799410395,74.849956672411));
#4269 = DIRECTION('',(-0.,0.707106781187,-0.707106781187));
#4270 = DIRECTION('',(1.,0.,0.));
#4271 = DEFINITIONAL_REPRESENTATION('',(#4272),#4276);
#4272 = LINE('',#4273,#4274);
#4273 = CARTESIAN_POINT('',(-6.28318530718,-1.E-01));
#4274 = VECTOR('',#4275,1.);
#4275 = DIRECTION('',(1.,-0.));
#4276 = ( GEOMETRIC_REPRESENTATION_CONTEXT(2) 
PARAMETRIC_REPRESENTATION_CONTEXT() REPRESENTATION_CONTEXT('2D SPACE',''
  ) );
#4277 = ADVANCED_FACE('',(#4278),#4109,.F.);
#4278 = FACE_BOUND('',#4279,.F.);
#4279 = EDGE_LOOP('',(#4280));
#4280 = ORIENTED_EDGE('',*,*,#4094,.T.);
#4281 = ADVANCED_FACE('',(#4282),#4149,.T.);
#4282 = FACE_BOUND('',#4283,.F.);
#4283 = EDGE_LOOP('',(#4284,#4285,#4308,#4335));
#4284 = ORIENTED_EDGE('',*,*,#4128,.T.);
#4285 = ORIENTED_EDGE('',*,*,#4286,.T.);
#4286 = EDGE_CURVE('',#4129,#4287,#4289,.T.);
#4287 = VERTEX_POINT('',#4288);
#4288 = CARTESIAN_POINT('',(-29.38,-8.964246737676,55.333809511662));
#4289 = SEAM_CURVE('',#4290,(#4294,#4301),.PCURVE_S1.);
#4290 = LINE('',#4291,#4292);
#4291 = CARTESIAN_POINT('',(-29.38,-7.974297244015,54.343860018001));
#4292 = VECTOR('',#4293,1.);
#4293 = DIRECTION('',(0.,-0.707106781187,0.707106781187));
#4294 = PCURVE('',#4149,#4295);
#4295 = DEFINITIONAL_REPRESENTATION('',(#4296),#4300);
#4296 = LINE('',#4297,#4298);
#4297 = CARTESIAN_POINT('',(-6.28318530718,0.));
#4298 = VECTOR('',#4299,1.);
#4299 = DIRECTION('',(-0.,-1.));
#4300 = ( GEOMETRIC_REPRESENTATION_CONTEXT(2) 
PARAMETRIC_REPRESENTATION_CONTEXT() REPRESENTATION_CONTEXT('2D SPACE',''
  ) );
#4301 = PCURVE('',#4149,#4302);
#4302 = DEFINITIONAL_REPRESENTATION('',(#4303),#4307);
#4303 = LINE('',#4304,#4305);
#4304 = CARTESIAN_POINT('',(-0.,0.));
#4305 = VECTOR('',#4306,1.);
#4306 = DIRECTION('',(-0.,-1.));
#4307 = ( GEOMETRIC_REPRESENTATION_CONTEXT(2) 
PARAMETRIC_REPRESENTATION_CONTEXT() REPRESENTATION_CONTEXT('2D SPACE',''
  ) );
#4308 = ORIENTED_EDGE('',*,*,#4309,.T.);
#4309 = EDGE_CURVE('',#4287,#4287,#4310,.T.);
#4310 = SURFACE_CURVE('',#4311,(#4316,#4323),.PCURVE_S1.);
#4311 = CIRCLE('',#4312,0.62);
#4312 = AXIS2_PLACEMENT_3D('',#4313,#4314,#4315);
#4313 = CARTESIAN_POINT('',(-30.,-8.964246737676,55.333809511662));
#4314 = DIRECTION('',(0.,-0.707106781187,0.707106781187));
#4315 = DIRECTION('',(1.,0.,0.));
#4316 = PCURVE('',#4149,#4317);
#4317 = DEFINITIONAL_REPRESENTATION('',(#4318),#4322);
#4318 = LINE('',#4319,#4320);
#4319 = CARTESIAN_POINT('',(-0.,-1.4));
#4320 = VECTOR('',#4321,1.);
#4321 = DIRECTION('',(-1.,0.));
#4322 = ( GEOMETRIC_REPRESENTATION_CONTEXT(2) 
PARAMETRIC_REPRESENTATION_CONTEXT() REPRESENTATION_CONTEXT('2D SPACE',''
  ) );
#4323 = PCURVE('',#4324,#4329);
#4324 = PLANE('',#4325);
#4325 = AXIS2_PLACEMENT_3D('',#4326,#4327,#4328);
#4326 = CARTESIAN_POINT('',(-30.,-8.964246737676,55.333809511662));
#4327 = DIRECTION('',(0.,-0.707106781187,0.707106781187));
#4328 = DIRECTION('',(1.,0.,0.));
#4329 = DEFINITIONAL_REPRESENTATION('',(#4330),#4334);
#4330 = CIRCLE('',#4331,0.62);
#4331 = AXIS2_PLACEMENT_2D('',#4332,#4333);
#4332 = CARTESIAN_POINT('',(0.,0.));
#4333 = DIRECTION('',(1.,0.));
#4334 = ( GEOMETRIC_REPRESENTATION_CONTEXT(2) 
PARAMETRIC_REPRESENTATION_CONTEXT() REPRESENTATION_CONTEXT('2D SPACE',''
  ) );
#4335 = ORIENTED_EDGE('',*,*,#4286,.F.);
#4336 = ADVANCED_FACE('',(#4337),#4188,.T.);
#4337 = FACE_BOUND('',#4338,.F.);
#4338 = EDGE_LOOP('',(#4339,#4340,#4363,#4390));
#4339 = ORIENTED_EDGE('',*,*,#4167,.T.);
#4340 = ORIENTED_EDGE('',*,*,#4341,.T.);
#4341 = EDGE_CURVE('',#4168,#4342,#4344,.T.);
#4342 = VERTEX_POINT('',#4343);
#4343 = CARTESIAN_POINT('',(-3.38,-8.964246737676,55.333809511662));
#4344 = SEAM_CURVE('',#4345,(#4349,#4356),.PCURVE_S1.);
#4345 = LINE('',#4346,#4347);
#4346 = CARTESIAN_POINT('',(-3.38,-7.974297244015,54.343860018001));
#4347 = VECTOR('',#4348,1.);
#4348 = DIRECTION('',(0.,-0.707106781187,0.707106781187));
#4349 = PCURVE('',#4188,#4350);
#4350 = DEFINITIONAL_REPRESENTATION('',(#4351),#4355);
#4351 = LINE('',#4352,#4353);
#4352 = CARTESIAN_POINT('',(-6.28318530718,0.));
#4353 = VECTOR('',#4354,1.);
#4354 = DIRECTION('',(-0.,-1.));
#4355 = ( GEOMETRIC_REPRESENTATION_CONTEXT(2) 
PARAMETRIC_REPRESENTATION_CONTEXT() REPRESENTATION_CONTEXT('2D SPACE',''
  ) );
#4356 = PCURVE('',#4188,#4357);
#4357 = DEFINITIONAL_REPRESENTATION('',(#4358),#4362);
#4358 = LINE('',#4359,#4360);
#4359 = CARTESIAN_POINT('',(-0.,0.));
#4360 = VECTOR('',#4361,1.);
#4361 = DIRECTION('',(-0.,-1.));
#4362 = ( GEOMETRIC_REPRESENTATION_CONTEXT(2) 
PARAMETRIC_REPRESENTATION_CONTEXT() REPRESENTATION_CONTEXT('2D SPACE',''
  ) );
#4363 = ORIENTED_EDGE('',*,*,#4364,.T.);
#4364 = EDGE_CURVE('',#4342,#4342,#4365,.T.);
#4365 = SURFACE_CURVE('',#4366,(#4371,#4378),.PCURVE_S1.);
#4366 = CIRCLE('',#4367,0.62);
#4367 = AXIS2_PLACEMENT_3D('',#4368,#4369,#4370);
#4368 = CARTESIAN_POINT('',(-4.,-8.964246737676,55.333809511662));
#4369 = DIRECTION('',(0.,-0.707106781187,0.707106781187));
#4370 = DIRECTION('',(1.,0.,0.));
#4371 = PCURVE('',#4188,#4372);
#4372 = DEFINITIONAL_REPRESENTATION('',(#4373),#4377);
#4373 = LINE('',#4374,#4375);
#4374 = CARTESIAN_POINT('',(-0.,-1.4));
#4375 = VECTOR('',#4376,1.);
#4376 = DIRECTION('',(-1.,0.));
#4377 = ( GEOMETRIC_REPRESENTATION_CONTEXT(2) 
PARAMETRIC_REPRESENTATION_CONTEXT() REPRESENTATION_CONTEXT('2D SPACE',''
  ) );
#4378 = PCURVE('',#4379,#4384);
#4379 = PLANE('',#4380);
#4380 = AXIS2_PLACEMENT_3D('',#4381,#4382,#4383);
#4381 = CARTESIAN_POINT('',(-4.,-8.964246737676,55.333809511662));
#4382 = DIRECTION('',(0.,-0.707106781187,0.707106781187));
#4383 = DIRECTION('',(1.,0.,0.));
#4384 = DEFINITIONAL_REPRESENTATION('',(#4385),#4389);
#4385 = CIRCLE('',#4386,0.62);
#4386 = AXIS2_PLACEMENT_2D('',#4387,#4388);
#4387 = CARTESIAN_POINT('',(0.,0.));
#4388 = DIRECTION('',(1.,0.));
#4389 = ( GEOMETRIC_REPRESENTATION_CONTEXT(2) 
PARAMETRIC_REPRESENTATION_CONTEXT() REPRESENTATION_CONTEXT('2D SPACE',''
  ) );
#4390 = ORIENTED_EDGE('',*,*,#4341,.F.);
#4391 = ADVANCED_FACE('',(#4392),#4227,.T.);
#4392 = FACE_BOUND('',#4393,.F.);
#4393 = EDGE_LOOP('',(#4394,#4395,#4418,#4445));
#4394 = ORIENTED_EDGE('',*,*,#4206,.T.);
#4395 = ORIENTED_EDGE('',*,*,#4396,.T.);
#4396 = EDGE_CURVE('',#4207,#4397,#4399,.T.);
#4397 = VERTEX_POINT('',#4398);
#4398 = CARTESIAN_POINT('',(-29.38,11.541849916733,75.839906166072));
#4399 = SEAM_CURVE('',#4400,(#4404,#4411),.PCURVE_S1.);
#4400 = LINE('',#4401,#4402);
#4401 = CARTESIAN_POINT('',(-29.38,12.531799410395,74.849956672411));
#4402 = VECTOR('',#4403,1.);
#4403 = DIRECTION('',(0.,-0.707106781187,0.707106781187));
#4404 = PCURVE('',#4227,#4405);
#4405 = DEFINITIONAL_REPRESENTATION('',(#4406),#4410);
#4406 = LINE('',#4407,#4408);
#4407 = CARTESIAN_POINT('',(-6.28318530718,0.));
#4408 = VECTOR('',#4409,1.);
#4409 = DIRECTION('',(-0.,-1.));
#4410 = ( GEOMETRIC_REPRESENTATION_CONTEXT(2) 
PARAMETRIC_REPRESENTATION_CONTEXT() REPRESENTATION_CONTEXT('2D SPACE',''
  ) );
#4411 = PCURVE('',#4227,#4412);
#4412 = DEFINITIONAL_REPRESENTATION('',(#4413),#4417);
#4413 = LINE('',#4414,#4415);
#4414 = CARTESIAN_POINT('',(-0.,0.));
#4415 = VECTOR('',#4416,1.);
#4416 = DIRECTION('',(-0.,-1.));
#4417 = ( GEOMETRIC_REPRESENTATION_CONTEXT(2) 
PARAMETRIC_REPRESENTATION_CONTEXT() REPRESENTATION_CONTEXT('2D SPACE',''
  ) );
#4418 = ORIENTED_EDGE('',*,*,#4419,.T.);
#4419 = EDGE_CURVE('',#4397,#4397,#4420,.T.);
#4420 = SURFACE_CURVE('',#4421,(#4426,#4433),.PCURVE_S1.);
#4421 = CIRCLE('',#4422,0.62);
#4422 = AXIS2_PLACEMENT_3D('',#4423,#4424,#4425);
#4423 = CARTESIAN_POINT('',(-30.,11.541849916733,75.839906166072));
#4424 = DIRECTION('',(0.,-0.707106781187,0.707106781187));
#4425 = DIRECTION('',(1.,0.,0.));
#4426 = PCURVE('',#4227,#4427);
#4427 = DEFINITIONAL_REPRESENTATION('',(#4428),#4432);
#4428 = LINE('',#4429,#4430);
#4429 = CARTESIAN_POINT('',(-0.,-1.4));
#4430 = VECTOR('',#4431,1.);
#4431 = DIRECTION('',(-1.,0.));
#4432 = ( GEOMETRIC_REPRESENTATION_CONTEXT(2) 
PARAMETRIC_REPRESENTATION_CONTEXT() REPRESENTATION_CONTEXT('2D SPACE',''
  ) );
#4433 = PCURVE('',#4434,#4439);
#4434 = PLANE('',#4435);
#4435 = AXIS2_PLACEMENT_3D('',#4436,#4437,#4438);
#4436 = CARTESIAN_POINT('',(-30.,11.541849916733,75.839906166072));
#4437 = DIRECTION('',(0.,-0.707106781187,0.707106781187));
#4438 = DIRECTION('',(1.,0.,0.));
#4439 = DEFINITIONAL_REPRESENTATION('',(#4440),#4444);
#4440 = CIRCLE('',#4441,0.62);
#4441 = AXIS2_PLACEMENT_2D('',#4442,#4443);
#4442 = CARTESIAN_POINT('',(0.,0.));
#4443 = DIRECTION('',(1.,0.));
#4444 = ( GEOMETRIC_REPRESENTATION_CONTEXT(2) 
PARAMETRIC_REPRESENTATION_CONTEXT() REPRESENTATION_CONTEXT('2D SPACE',''
  ) );
#4445 = ORIENTED_EDGE('',*,*,#4396,.F.);
#4446 = ADVANCED_FACE('',(#4447),#4266,.T.);
#4447 = FACE_BOUND('',#4448,.F.);
#4448 = EDGE_LOOP('',(#4449,#4450,#4473,#4500));
#4449 = ORIENTED_EDGE('',*,*,#4245,.T.);
#4450 = ORIENTED_EDGE('',*,*,#4451,.T.);
#4451 = EDGE_CURVE('',#4246,#4452,#4454,.T.);
#4452 = VERTEX_POINT('',#4453);
#4453 = CARTESIAN_POINT('',(-3.38,11.541849916733,75.839906166072));
#4454 = SEAM_CURVE('',#4455,(#4459,#4466),.PCURVE_S1.);
#4455 = LINE('',#4456,#4457);
#4456 = CARTESIAN_POINT('',(-3.38,12.531799410395,74.849956672411));
#4457 = VECTOR('',#4458,1.);
#4458 = DIRECTION('',(0.,-0.707106781187,0.707106781187));
#4459 = PCURVE('',#4266,#4460);
#4460 = DEFINITIONAL_REPRESENTATION('',(#4461),#4465);
#4461 = LINE('',#4462,#4463);
#4462 = CARTESIAN_POINT('',(-6.28318530718,0.));
#4463 = VECTOR('',#4464,1.);
#4464 = DIRECTION('',(-0.,-1.));
#4465 = ( GEOMETRIC_REPRESENTATION_CONTEXT(2) 
PARAMETRIC_REPRESENTATION_CONTEXT() REPRESENTATION_CONTEXT('2D SPACE',''
  ) );
#4466 = PCURVE('',#4266,#4467);
#4467 = DEFINITIONAL_REPRESENTATION('',(#4468),#4472);
#4468 = LINE('',#4469,#4470);
#4469 = CARTESIAN_POINT('',(-0.,0.));
#4470 = VECTOR('',#4471,1.);
#4471 = DIRECTION('',(-0.,-1.));
#4472 = ( GEOMETRIC_REPRESENTATION_CONTEXT(2) 
PARAMETRIC_REPRESENTATION_CONTEXT() REPRESENTATION_CONTEXT('2D SPACE',''
  ) );
#4473 = ORIENTED_EDGE('',*,*,#4474,.T.);
#4474 = EDGE_CURVE('',#4452,#4452,#4475,.T.);
#4475 = SURFACE_CURVE('',#4476,(#4481,#4488),.PCURVE_S1.);
#4476 = CIRCLE('',#4477,0.62);
#4477 = AXIS2_PLACEMENT_3D('',#4478,#4479,#4480);
#4478 = CARTESIAN_POINT('',(-4.,11.541849916733,75.839906166072));
#4479 = DIRECTION('',(0.,-0.707106781187,0.707106781187));
#4480 = DIRECTION('',(1.,0.,0.));
#4481 = PCURVE('',#4266,#4482);
#4482 = DEFINITIONAL_REPRESENTATION('',(#4483),#4487);
#4483 = LINE('',#4484,#4485);
#4484 = CARTESIAN_POINT('',(-0.,-1.4));
#4485 = VECTOR('',#4486,1.);
#4486 = DIRECTION('',(-1.,0.));
#4487 = ( GEOMETRIC_REPRESENTATION_CONTEXT(2) 
PARAMETRIC_REPRESENTATION_CONTEXT() REPRESENTATION_CONTEXT('2D SPACE',''
  ) );
#4488 = PCURVE('',#4489,#4494);
#4489 = PLANE('',#4490);
#4490 = AXIS2_PLACEMENT_3D('',#4491,#4492,#4493);
#4491 = CARTESIAN_POINT('',(-4.,11.541849916733,75.839906166072));
#4492 = DIRECTION('',(0.,-0.707106781187,0.707106781187));
#4493 = DIRECTION('',(1.,0.,0.));
#4494 = DEFINITIONAL_REPRESENTATION('',(#4495),#4499);
#4495 = CIRCLE('',#4496,0.62);
#4496 = AXIS2_PLACEMENT_2D('',#4497,#4498);
#4497 = CARTESIAN_POINT('',(0.,0.));
#4498 = DIRECTION('',(1.,0.));
#4499 = ( GEOMETRIC_REPRESENTATION_CONTEXT(2) 
PARAMETRIC_REPRESENTATION_CONTEXT() REPRESENTATION_CONTEXT('2D SPACE',''
  ) );
#4500 = ORIENTED_EDGE('',*,*,#4451,.F.);
#4501 = ADVANCED_FACE('',(#4502),#4324,.T.);
#4502 = FACE_BOUND('',#4503,.T.);
#4503 = EDGE_LOOP('',(#4504));
#4504 = ORIENTED_EDGE('',*,*,#4309,.T.);
#4505 = ADVANCED_FACE('',(#4506),#4379,.T.);
#4506 = FACE_BOUND('',#4507,.T.);
#4507 = EDGE_LOOP('',(#4508));
#4508 = ORIENTED_EDGE('',*,*,#4364,.T.);
#4509 = ADVANCED_FACE('',(#4510),#4434,.T.);
#4510 = FACE_BOUND('',#4511,.T.);
#4511 = EDGE_LOOP('',(#4512));
#4512 = ORIENTED_EDGE('',*,*,#4419,.T.);
#4513 = ADVANCED_FACE('',(#4514),#4489,.T.);
#4514 = FACE_BOUND('',#4515,.T.);
#4515 = EDGE_LOOP('',(#4516));
#4516 = ORIENTED_EDGE('',*,*,#4474,.T.);
#4517 = ( GEOMETRIC_REPRESENTATION_CONTEXT(3) 
GLOBAL_UNCERTAINTY_ASSIGNED_CONTEXT((#4521)) 
GLOBAL_UNIT_ASSIGNED_CONTEXT((#4518,#4519,#4520)) REPRESENTATION_CONTEXT
('Context #1','3D Context with UNIT and UNCERTAINTY') );
#4518 = ( LENGTH_UNIT() NAMED_UNIT(*) SI_UNIT(.MILLI.,.METRE.) );
#4519 = ( NAMED_UNIT(*) PLANE_ANGLE_UNIT() SI_UNIT($,.RADIAN.) );
#4520 = ( NAMED_UNIT(*) SI_UNIT($,.STERADIAN.) SOLID_ANGLE_UNIT() );
#4521 = UNCERTAINTY_MEASURE_WITH_UNIT(LENGTH_MEASURE(1.E-07),#4518,
  'distance_accuracy_value','confusion accuracy');
#4522 = CONTEXT_DEPENDENT_SHAPE_REPRESENTATION(#4523,#4525);
#4523 = ( REPRESENTATION_RELATIONSHIP('','',#40,#10) 
REPRESENTATION_RELATIONSHIP_WITH_TRANSFORMATION(#4524) 
SHAPE_REPRESENTATION_RELATIONSHIP() );
#4524 = ITEM_DEFINED_TRANSFORMATION('','',#11,#15);
#4525 = PRODUCT_DEFINITION_SHAPE('Placement','Placement of an item',
  #4526);
#4526 = NEXT_ASSEMBLY_USAGE_OCCURRENCE('1','modulo','',#5,#35,$);
#4527 = PRODUCT_RELATED_PRODUCT_CATEGORY('part',$,(#37));
#4528 = SHAPE_DEFINITION_REPRESENTATION(#4529,#4535);
#4529 = PRODUCT_DEFINITION_SHAPE('','',#4530);
#4530 = PRODUCT_DEFINITION('design','',#4531,#4534);
#4531 = PRODUCT_DEFINITION_FORMATION('','',#4532);
#4532 = PRODUCT('tapa','tapa','',(#4533));
#4533 = PRODUCT_CONTEXT('',#2,'mechanical');
#4534 = PRODUCT_DEFINITION_CONTEXT('part definition',#2,'design');
#4535 = ADVANCED_BREP_SHAPE_REPRESENTATION('',(#11,#4536),#7448);
#4536 = MANIFOLD_SOLID_BREP('',#4537);
#4537 = CLOSED_SHELL('',(#4538,#4658,#5398,#5448,#5502,#6131,#6158,#6185
    ,#6212,#6239,#6246,#6273,#6349,#6398,#6447,#6474,#6501,#6548,#6575,
    #6602,#6609,#6636,#6758,#6854,#6950,#7020,#7047,#7074,#7101,#7173,
    #7200,#7227,#7279,#7331,#7358,#7385,#7417,#7424,#7430,#7436,#7442));
#4538 = ADVANCED_FACE('',(#4539),#4553,.F.);
#4539 = FACE_BOUND('',#4540,.F.);
#4540 = EDGE_LOOP('',(#4541,#4576,#4604,#4632));
#4541 = ORIENTED_EDGE('',*,*,#4542,.F.);
#4542 = EDGE_CURVE('',#4543,#4545,#4547,.T.);
#4543 = VERTEX_POINT('',#4544);
#4544 = CARTESIAN_POINT('',(-35.,-32.6381817718,37.797561338236));
#4545 = VERTEX_POINT('',#4546);
#4546 = CARTESIAN_POINT('',(-35.,12.97020561473,83.405948724768));
#4547 = SURFACE_CURVE('',#4548,(#4552,#4564),.PCURVE_S1.);
#4548 = LINE('',#4549,#4550);
#4549 = CARTESIAN_POINT('',(-35.,-34.75950211536,35.676240994676));
#4550 = VECTOR('',#4551,1.);
#4551 = DIRECTION('',(0.,0.707106781187,0.707106781187));
#4552 = PCURVE('',#4553,#4558);
#4553 = PLANE('',#4554);
#4554 = AXIS2_PLACEMENT_3D('',#4555,#4556,#4557);
#4555 = CARTESIAN_POINT('',(-35.,-33.06244584051,33.979184719829));
#4556 = DIRECTION('',(1.,0.,0.));
#4557 = DIRECTION('',(0.,-0.707106781187,0.707106781187));
#4558 = DEFINITIONAL_REPRESENTATION('',(#4559),#4563);
#4559 = LINE('',#4560,#4561);
#4560 = CARTESIAN_POINT('',(2.4,5.329070518201E-15));
#4561 = VECTOR('',#4562,1.);
#4562 = DIRECTION('',(0.,-1.));
#4563 = ( GEOMETRIC_REPRESENTATION_CONTEXT(2) 
PARAMETRIC_REPRESENTATION_CONTEXT() REPRESENTATION_CONTEXT('2D SPACE',''
  ) );
#4564 = PCURVE('',#4565,#4570);
#4565 = PLANE('',#4566);
#4566 = AXIS2_PLACEMENT_3D('',#4567,#4568,#4569);
#4567 = CARTESIAN_POINT('',(-35.,-34.75950211536,35.676240994676));
#4568 = DIRECTION('',(0.,-0.707106781187,0.707106781187));
#4569 = DIRECTION('',(1.,0.,0.));
#4570 = DEFINITIONAL_REPRESENTATION('',(#4571),#4575);
#4571 = LINE('',#4572,#4573);
#4572 = CARTESIAN_POINT('',(0.,0.));
#4573 = VECTOR('',#4574,1.);
#4574 = DIRECTION('',(0.,1.));
#4575 = ( GEOMETRIC_REPRESENTATION_CONTEXT(2) 
PARAMETRIC_REPRESENTATION_CONTEXT() REPRESENTATION_CONTEXT('2D SPACE',''
  ) );
#4576 = ORIENTED_EDGE('',*,*,#4577,.F.);
#4577 = EDGE_CURVE('',#4578,#4543,#4580,.T.);
#4578 = VERTEX_POINT('',#4579);
#4579 = CARTESIAN_POINT('',(-35.,-30.94112549695,36.100505063388));
#4580 = SURFACE_CURVE('',#4581,(#4585,#4592),.PCURVE_S1.);
#4581 = LINE('',#4582,#4583);
#4582 = CARTESIAN_POINT('',(-35.,-30.94112549695,36.100505063388));
#4583 = VECTOR('',#4584,1.);
#4584 = DIRECTION('',(0.,-0.707106781187,0.707106781187));
#4585 = PCURVE('',#4553,#4586);
#4586 = DEFINITIONAL_REPRESENTATION('',(#4587),#4591);
#4587 = LINE('',#4588,#4589);
#4588 = CARTESIAN_POINT('',(5.329070518201E-15,-3.));
#4589 = VECTOR('',#4590,1.);
#4590 = DIRECTION('',(1.,0.));
#4591 = ( GEOMETRIC_REPRESENTATION_CONTEXT(2) 
PARAMETRIC_REPRESENTATION_CONTEXT() REPRESENTATION_CONTEXT('2D SPACE',''
  ) );
#4592 = PCURVE('',#4593,#4598);
#4593 = CYLINDRICAL_SURFACE('',#4594,3.);
#4594 = AXIS2_PLACEMENT_3D('',#4595,#4596,#4597);
#4595 = CARTESIAN_POINT('',(-32.,-30.94112549695,36.100505063388));
#4596 = DIRECTION('',(0.,-0.707106781187,0.707106781187));
#4597 = DIRECTION('',(-1.,-0.,0.));
#4598 = DEFINITIONAL_REPRESENTATION('',(#4599),#4603);
#4599 = LINE('',#4600,#4601);
#4600 = CARTESIAN_POINT('',(0.,0.));
#4601 = VECTOR('',#4602,1.);
#4602 = DIRECTION('',(0.,1.));
#4603 = ( GEOMETRIC_REPRESENTATION_CONTEXT(2) 
PARAMETRIC_REPRESENTATION_CONTEXT() REPRESENTATION_CONTEXT('2D SPACE',''
  ) );
#4604 = ORIENTED_EDGE('',*,*,#4605,.T.);
#4605 = EDGE_CURVE('',#4578,#4606,#4608,.T.);
#4606 = VERTEX_POINT('',#4607);
#4607 = CARTESIAN_POINT('',(-35.,14.667261889578,81.708892449921));
#4608 = SURFACE_CURVE('',#4609,(#4613,#4620),.PCURVE_S1.);
#4609 = LINE('',#4610,#4611);
#4610 = CARTESIAN_POINT('',(-35.,-33.06244584051,33.979184719829));
#4611 = VECTOR('',#4612,1.);
#4612 = DIRECTION('',(0.,0.707106781187,0.707106781187));
#4613 = PCURVE('',#4553,#4614);
#4614 = DEFINITIONAL_REPRESENTATION('',(#4615),#4619);
#4615 = LINE('',#4616,#4617);
#4616 = CARTESIAN_POINT('',(0.,0.));
#4617 = VECTOR('',#4618,1.);
#4618 = DIRECTION('',(0.,-1.));
#4619 = ( GEOMETRIC_REPRESENTATION_CONTEXT(2) 
PARAMETRIC_REPRESENTATION_CONTEXT() REPRESENTATION_CONTEXT('2D SPACE',''
  ) );
#4620 = PCURVE('',#4621,#4626);
#4621 = PLANE('',#4622);
#4622 = AXIS2_PLACEMENT_3D('',#4623,#4624,#4625);
#4623 = CARTESIAN_POINT('',(-35.,-33.06244584051,33.979184719829));
#4624 = DIRECTION('',(0.,-0.707106781187,0.707106781187));
#4625 = DIRECTION('',(1.,0.,0.));
#4626 = DEFINITIONAL_REPRESENTATION('',(#4627),#4631);
#4627 = LINE('',#4628,#4629);
#4628 = CARTESIAN_POINT('',(0.,0.));
#4629 = VECTOR('',#4630,1.);
#4630 = DIRECTION('',(0.,1.));
#4631 = ( GEOMETRIC_REPRESENTATION_CONTEXT(2) 
PARAMETRIC_REPRESENTATION_CONTEXT() REPRESENTATION_CONTEXT('2D SPACE',''
  ) );
#4632 = ORIENTED_EDGE('',*,*,#4633,.T.);
#4633 = EDGE_CURVE('',#4606,#4545,#4634,.T.);
#4634 = SURFACE_CURVE('',#4635,(#4639,#4646),.PCURVE_S1.);
#4635 = LINE('',#4636,#4637);
#4636 = CARTESIAN_POINT('',(-35.,14.667261889578,81.708892449921));
#4637 = VECTOR('',#4638,1.);
#4638 = DIRECTION('',(0.,-0.707106781187,0.707106781187));
#4639 = PCURVE('',#4553,#4640);
#4640 = DEFINITIONAL_REPRESENTATION('',(#4641),#4645);
#4641 = LINE('',#4642,#4643);
#4642 = CARTESIAN_POINT('',(7.105427357601E-15,-67.5));
#4643 = VECTOR('',#4644,1.);
#4644 = DIRECTION('',(1.,0.));
#4645 = ( GEOMETRIC_REPRESENTATION_CONTEXT(2) 
PARAMETRIC_REPRESENTATION_CONTEXT() REPRESENTATION_CONTEXT('2D SPACE',''
  ) );
#4646 = PCURVE('',#4647,#4652);
#4647 = CYLINDRICAL_SURFACE('',#4648,3.);
#4648 = AXIS2_PLACEMENT_3D('',#4649,#4650,#4651);
#4649 = CARTESIAN_POINT('',(-32.,14.667261889578,81.708892449921));
#4650 = DIRECTION('',(0.,-0.707106781187,0.707106781187));
#4651 = DIRECTION('',(-1.,-0.,0.));
#4652 = DEFINITIONAL_REPRESENTATION('',(#4653),#4657);
#4653 = LINE('',#4654,#4655);
#4654 = CARTESIAN_POINT('',(-0.,0.));
#4655 = VECTOR('',#4656,1.);
#4656 = DIRECTION('',(-0.,1.));
#4657 = ( GEOMETRIC_REPRESENTATION_CONTEXT(2) 
PARAMETRIC_REPRESENTATION_CONTEXT() REPRESENTATION_CONTEXT('2D SPACE',''
  ) );
#4658 = ADVANCED_FACE('',(#4659,#4858,#4893,#5007,#5042,#5156,#5191,
    #5293,#5328,#5363),#4565,.T.);
#4659 = FACE_BOUND('',#4660,.T.);
#4660 = EDGE_LOOP('',(#4661,#4662,#4686,#4714,#4747,#4775,#4804,#4832));
#4661 = ORIENTED_EDGE('',*,*,#4542,.F.);
#4662 = ORIENTED_EDGE('',*,*,#4663,.T.);
#4663 = EDGE_CURVE('',#4543,#4664,#4666,.T.);
#4664 = VERTEX_POINT('',#4665);
#4665 = CARTESIAN_POINT('',(-32.,-34.75950211536,35.676240994676));
#4666 = SURFACE_CURVE('',#4667,(#4672,#4679),.PCURVE_S1.);
#4667 = CIRCLE('',#4668,3.);
#4668 = AXIS2_PLACEMENT_3D('',#4669,#4670,#4671);
#4669 = CARTESIAN_POINT('',(-32.,-32.6381817718,37.797561338236));
#4670 = DIRECTION('',(0.,-0.707106781187,0.707106781187));
#4671 = DIRECTION('',(0.,-0.707106781187,-0.707106781187));
#4672 = PCURVE('',#4565,#4673);
#4673 = DEFINITIONAL_REPRESENTATION('',(#4674),#4678);
#4674 = CIRCLE('',#4675,3.);
#4675 = AXIS2_PLACEMENT_2D('',#4676,#4677);
#4676 = CARTESIAN_POINT('',(3.,3.));
#4677 = DIRECTION('',(0.,-1.));
#4678 = ( GEOMETRIC_REPRESENTATION_CONTEXT(2) 
PARAMETRIC_REPRESENTATION_CONTEXT() REPRESENTATION_CONTEXT('2D SPACE',''
  ) );
#4679 = PCURVE('',#4593,#4680);
#4680 = DEFINITIONAL_REPRESENTATION('',(#4681),#4685);
#4681 = LINE('',#4682,#4683);
#4682 = CARTESIAN_POINT('',(-4.712388980385,2.4));
#4683 = VECTOR('',#4684,1.);
#4684 = DIRECTION('',(1.,0.));
#4685 = ( GEOMETRIC_REPRESENTATION_CONTEXT(2) 
PARAMETRIC_REPRESENTATION_CONTEXT() REPRESENTATION_CONTEXT('2D SPACE',''
  ) );
#4686 = ORIENTED_EDGE('',*,*,#4687,.T.);
#4687 = EDGE_CURVE('',#4664,#4688,#4690,.T.);
#4688 = VERTEX_POINT('',#4689);
#4689 = CARTESIAN_POINT('',(32.,-34.75950211536,35.676240994676));
#4690 = SURFACE_CURVE('',#4691,(#4695,#4702),.PCURVE_S1.);
#4691 = LINE('',#4692,#4693);
#4692 = CARTESIAN_POINT('',(-35.,-34.75950211536,35.676240994676));
#4693 = VECTOR('',#4694,1.);
#4694 = DIRECTION('',(1.,0.,0.));
#4695 = PCURVE('',#4565,#4696);
#4696 = DEFINITIONAL_REPRESENTATION('',(#4697),#4701);
#4697 = LINE('',#4698,#4699);
#4698 = CARTESIAN_POINT('',(0.,0.));
#4699 = VECTOR('',#4700,1.);
#4700 = DIRECTION('',(1.,0.));
#4701 = ( GEOMETRIC_REPRESENTATION_CONTEXT(2) 
PARAMETRIC_REPRESENTATION_CONTEXT() REPRESENTATION_CONTEXT('2D SPACE',''
  ) );
#4702 = PCURVE('',#4703,#4708);
#4703 = PLANE('',#4704);
#4704 = AXIS2_PLACEMENT_3D('',#4705,#4706,#4707);
#4705 = CARTESIAN_POINT('',(-35.,-33.06244584051,33.979184719829));
#4706 = DIRECTION('',(0.,0.707106781187,0.707106781187));
#4707 = DIRECTION('',(0.,-0.707106781187,0.707106781187));
#4708 = DEFINITIONAL_REPRESENTATION('',(#4709),#4713);
#4709 = LINE('',#4710,#4711);
#4710 = CARTESIAN_POINT('',(2.4,0.));
#4711 = VECTOR('',#4712,1.);
#4712 = DIRECTION('',(0.,1.));
#4713 = ( GEOMETRIC_REPRESENTATION_CONTEXT(2) 
PARAMETRIC_REPRESENTATION_CONTEXT() REPRESENTATION_CONTEXT('2D SPACE',''
  ) );
#4714 = ORIENTED_EDGE('',*,*,#4715,.F.);
#4715 = EDGE_CURVE('',#4716,#4688,#4718,.T.);
#4716 = VERTEX_POINT('',#4717);
#4717 = CARTESIAN_POINT('',(35.,-32.6381817718,37.797561338236));
#4718 = SURFACE_CURVE('',#4719,(#4724,#4735),.PCURVE_S1.);
#4719 = CIRCLE('',#4720,3.);
#4720 = AXIS2_PLACEMENT_3D('',#4721,#4722,#4723);
#4721 = CARTESIAN_POINT('',(32.,-32.6381817718,37.797561338236));
#4722 = DIRECTION('',(0.,0.707106781187,-0.707106781187));
#4723 = DIRECTION('',(0.,-0.707106781187,-0.707106781187));
#4724 = PCURVE('',#4565,#4725);
#4725 = DEFINITIONAL_REPRESENTATION('',(#4726),#4734);
#4726 = ( BOUNDED_CURVE() B_SPLINE_CURVE(2,(#4727,#4728,#4729,#4730,
#4731,#4732,#4733),.UNSPECIFIED.,.T.,.F.) B_SPLINE_CURVE_WITH_KNOTS((1,2
    ,2,2,2,1),(-2.094395102393,0.,2.094395102393,4.188790204786,
6.28318530718,8.377580409573),.UNSPECIFIED.) CURVE() 
GEOMETRIC_REPRESENTATION_ITEM() RATIONAL_B_SPLINE_CURVE((1.,0.5,1.,0.5,
1.,0.5,1.)) REPRESENTATION_ITEM('') );
#4727 = CARTESIAN_POINT('',(67.,4.440892098501E-16));
#4728 = CARTESIAN_POINT('',(61.803847577293,4.440892098501E-16));
#4729 = CARTESIAN_POINT('',(64.401923788647,4.5));
#4730 = CARTESIAN_POINT('',(67.,9.));
#4731 = CARTESIAN_POINT('',(69.598076211353,4.5));
#4732 = CARTESIAN_POINT('',(72.196152422707,5.329070518201E-15));
#4733 = CARTESIAN_POINT('',(67.,4.440892098501E-16));
#4734 = ( GEOMETRIC_REPRESENTATION_CONTEXT(2) 
PARAMETRIC_REPRESENTATION_CONTEXT() REPRESENTATION_CONTEXT('2D SPACE',''
  ) );
#4735 = PCURVE('',#4736,#4741);
#4736 = CYLINDRICAL_SURFACE('',#4737,3.);
#4737 = AXIS2_PLACEMENT_3D('',#4738,#4739,#4740);
#4738 = CARTESIAN_POINT('',(32.,-30.94112549695,36.100505063388));
#4739 = DIRECTION('',(0.,-0.707106781187,0.707106781187));
#4740 = DIRECTION('',(1.,0.,0.));
#4741 = DEFINITIONAL_REPRESENTATION('',(#4742),#4746);
#4742 = LINE('',#4743,#4744);
#4743 = CARTESIAN_POINT('',(4.712388980385,2.4));
#4744 = VECTOR('',#4745,1.);
#4745 = DIRECTION('',(-1.,0.));
#4746 = ( GEOMETRIC_REPRESENTATION_CONTEXT(2) 
PARAMETRIC_REPRESENTATION_CONTEXT() REPRESENTATION_CONTEXT('2D SPACE',''
  ) );
#4747 = ORIENTED_EDGE('',*,*,#4748,.T.);
#4748 = EDGE_CURVE('',#4716,#4749,#4751,.T.);
#4749 = VERTEX_POINT('',#4750);
#4750 = CARTESIAN_POINT('',(35.,12.97020561473,83.405948724768));
#4751 = SURFACE_CURVE('',#4752,(#4756,#4763),.PCURVE_S1.);
#4752 = LINE('',#4753,#4754);
#4753 = CARTESIAN_POINT('',(35.,-34.75950211536,35.676240994676));
#4754 = VECTOR('',#4755,1.);
#4755 = DIRECTION('',(0.,0.707106781187,0.707106781187));
#4756 = PCURVE('',#4565,#4757);
#4757 = DEFINITIONAL_REPRESENTATION('',(#4758),#4762);
#4758 = LINE('',#4759,#4760);
#4759 = CARTESIAN_POINT('',(70.,0.));
#4760 = VECTOR('',#4761,1.);
#4761 = DIRECTION('',(0.,1.));
#4762 = ( GEOMETRIC_REPRESENTATION_CONTEXT(2) 
PARAMETRIC_REPRESENTATION_CONTEXT() REPRESENTATION_CONTEXT('2D SPACE',''
  ) );
#4763 = PCURVE('',#4764,#4769);
#4764 = PLANE('',#4765);
#4765 = AXIS2_PLACEMENT_3D('',#4766,#4767,#4768);
#4766 = CARTESIAN_POINT('',(35.,-33.06244584051,33.979184719829));
#4767 = DIRECTION('',(1.,0.,0.));
#4768 = DIRECTION('',(0.,-0.707106781187,0.707106781187));
#4769 = DEFINITIONAL_REPRESENTATION('',(#4770),#4774);
#4770 = LINE('',#4771,#4772);
#4771 = CARTESIAN_POINT('',(2.4,5.329070518201E-15));
#4772 = VECTOR('',#4773,1.);
#4773 = DIRECTION('',(0.,-1.));
#4774 = ( GEOMETRIC_REPRESENTATION_CONTEXT(2) 
PARAMETRIC_REPRESENTATION_CONTEXT() REPRESENTATION_CONTEXT('2D SPACE',''
  ) );
#4775 = ORIENTED_EDGE('',*,*,#4776,.T.);
#4776 = EDGE_CURVE('',#4749,#4777,#4779,.T.);
#4777 = VERTEX_POINT('',#4778);
#4778 = CARTESIAN_POINT('',(32.,15.09152595829,85.527269068328));
#4779 = SURFACE_CURVE('',#4780,(#4785,#4792),.PCURVE_S1.);
#4780 = CIRCLE('',#4781,3.);
#4781 = AXIS2_PLACEMENT_3D('',#4782,#4783,#4784);
#4782 = CARTESIAN_POINT('',(32.,12.97020561473,83.405948724768));
#4783 = DIRECTION('',(0.,-0.707106781187,0.707106781187));
#4784 = DIRECTION('',(0.,-0.707106781187,-0.707106781187));
#4785 = PCURVE('',#4565,#4786);
#4786 = DEFINITIONAL_REPRESENTATION('',(#4787),#4791);
#4787 = CIRCLE('',#4788,3.);
#4788 = AXIS2_PLACEMENT_2D('',#4789,#4790);
#4789 = CARTESIAN_POINT('',(67.,67.5));
#4790 = DIRECTION('',(0.,-1.));
#4791 = ( GEOMETRIC_REPRESENTATION_CONTEXT(2) 
PARAMETRIC_REPRESENTATION_CONTEXT() REPRESENTATION_CONTEXT('2D SPACE',''
  ) );
#4792 = PCURVE('',#4793,#4798);
#4793 = CYLINDRICAL_SURFACE('',#4794,3.);
#4794 = AXIS2_PLACEMENT_3D('',#4795,#4796,#4797);
#4795 = CARTESIAN_POINT('',(32.,14.667261889578,81.708892449921));
#4796 = DIRECTION('',(0.,-0.707106781187,0.707106781187));
#4797 = DIRECTION('',(1.,0.,0.));
#4798 = DEFINITIONAL_REPRESENTATION('',(#4799),#4803);
#4799 = LINE('',#4800,#4801);
#4800 = CARTESIAN_POINT('',(-1.570796326795,2.4));
#4801 = VECTOR('',#4802,1.);
#4802 = DIRECTION('',(1.,0.));
#4803 = ( GEOMETRIC_REPRESENTATION_CONTEXT(2) 
PARAMETRIC_REPRESENTATION_CONTEXT() REPRESENTATION_CONTEXT('2D SPACE',''
  ) );
#4804 = ORIENTED_EDGE('',*,*,#4805,.F.);
#4805 = EDGE_CURVE('',#4806,#4777,#4808,.T.);
#4806 = VERTEX_POINT('',#4807);
#4807 = CARTESIAN_POINT('',(-32.,15.09152595829,85.527269068328));
#4808 = SURFACE_CURVE('',#4809,(#4813,#4820),.PCURVE_S1.);
#4809 = LINE('',#4810,#4811);
#4810 = CARTESIAN_POINT('',(-35.,15.09152595829,85.527269068328));
#4811 = VECTOR('',#4812,1.);
#4812 = DIRECTION('',(1.,0.,0.));
#4813 = PCURVE('',#4565,#4814);
#4814 = DEFINITIONAL_REPRESENTATION('',(#4815),#4819);
#4815 = LINE('',#4816,#4817);
#4816 = CARTESIAN_POINT('',(0.,70.5));
#4817 = VECTOR('',#4818,1.);
#4818 = DIRECTION('',(1.,0.));
#4819 = ( GEOMETRIC_REPRESENTATION_CONTEXT(2) 
PARAMETRIC_REPRESENTATION_CONTEXT() REPRESENTATION_CONTEXT('2D SPACE',''
  ) );
#4820 = PCURVE('',#4821,#4826);
#4821 = PLANE('',#4822);
#4822 = AXIS2_PLACEMENT_3D('',#4823,#4824,#4825);
#4823 = CARTESIAN_POINT('',(-35.,16.788582233138,83.83021279348));
#4824 = DIRECTION('',(0.,0.707106781187,0.707106781187));
#4825 = DIRECTION('',(0.,-0.707106781187,0.707106781187));
#4826 = DEFINITIONAL_REPRESENTATION('',(#4827),#4831);
#4827 = LINE('',#4828,#4829);
#4828 = CARTESIAN_POINT('',(2.4,0.));
#4829 = VECTOR('',#4830,1.);
#4830 = DIRECTION('',(0.,1.));
#4831 = ( GEOMETRIC_REPRESENTATION_CONTEXT(2) 
PARAMETRIC_REPRESENTATION_CONTEXT() REPRESENTATION_CONTEXT('2D SPACE',''
  ) );
#4832 = ORIENTED_EDGE('',*,*,#4833,.F.);
#4833 = EDGE_CURVE('',#4545,#4806,#4834,.T.);
#4834 = SURFACE_CURVE('',#4835,(#4840,#4851),.PCURVE_S1.);
#4835 = CIRCLE('',#4836,3.);
#4836 = AXIS2_PLACEMENT_3D('',#4837,#4838,#4839);
#4837 = CARTESIAN_POINT('',(-32.,12.97020561473,83.405948724768));
#4838 = DIRECTION('',(0.,0.707106781187,-0.707106781187));
#4839 = DIRECTION('',(0.,-0.707106781187,-0.707106781187));
#4840 = PCURVE('',#4565,#4841);
#4841 = DEFINITIONAL_REPRESENTATION('',(#4842),#4850);
#4842 = ( BOUNDED_CURVE() B_SPLINE_CURVE(2,(#4843,#4844,#4845,#4846,
#4847,#4848,#4849),.UNSPECIFIED.,.T.,.F.) B_SPLINE_CURVE_WITH_KNOTS((1,2
    ,2,2,2,1),(-2.094395102393,0.,2.094395102393,4.188790204786,
6.28318530718,8.377580409573),.UNSPECIFIED.) CURVE() 
GEOMETRIC_REPRESENTATION_ITEM() RATIONAL_B_SPLINE_CURVE((1.,0.5,1.,0.5,
1.,0.5,1.)) REPRESENTATION_ITEM('') );
#4843 = CARTESIAN_POINT('',(3.,64.5));
#4844 = CARTESIAN_POINT('',(-2.196152422707,64.5));
#4845 = CARTESIAN_POINT('',(0.401923788647,69.));
#4846 = CARTESIAN_POINT('',(3.,73.5));
#4847 = CARTESIAN_POINT('',(5.598076211353,69.));
#4848 = CARTESIAN_POINT('',(8.196152422707,64.5));
#4849 = CARTESIAN_POINT('',(3.,64.5));
#4850 = ( GEOMETRIC_REPRESENTATION_CONTEXT(2) 
PARAMETRIC_REPRESENTATION_CONTEXT() REPRESENTATION_CONTEXT('2D SPACE',''
  ) );
#4851 = PCURVE('',#4647,#4852);
#4852 = DEFINITIONAL_REPRESENTATION('',(#4853),#4857);
#4853 = LINE('',#4854,#4855);
#4854 = CARTESIAN_POINT('',(1.570796326795,2.4));
#4855 = VECTOR('',#4856,1.);
#4856 = DIRECTION('',(-1.,0.));
#4857 = ( GEOMETRIC_REPRESENTATION_CONTEXT(2) 
PARAMETRIC_REPRESENTATION_CONTEXT() REPRESENTATION_CONTEXT('2D SPACE',''
  ) );
#4858 = FACE_BOUND('',#4859,.T.);
#4859 = EDGE_LOOP('',(#4860));
#4860 = ORIENTED_EDGE('',*,*,#4861,.T.);
#4861 = EDGE_CURVE('',#4862,#4862,#4864,.T.);
#4862 = VERTEX_POINT('',#4863);
#4863 = CARTESIAN_POINT('',(-30.3,-32.2846283812,38.151114728829));
#4864 = SURFACE_CURVE('',#4865,(#4870,#4881),.PCURVE_S1.);
#4865 = CIRCLE('',#4866,1.2);
#4866 = AXIS2_PLACEMENT_3D('',#4867,#4868,#4869);
#4867 = CARTESIAN_POINT('',(-31.5,-32.2846283812,38.151114728829));
#4868 = DIRECTION('',(0.,0.707106781187,-0.707106781187));
#4869 = DIRECTION('',(1.,0.,0.));
#4870 = PCURVE('',#4565,#4871);
#4871 = DEFINITIONAL_REPRESENTATION('',(#4872),#4880);
#4872 = ( BOUNDED_CURVE() B_SPLINE_CURVE(2,(#4873,#4874,#4875,#4876,
#4877,#4878,#4879),.UNSPECIFIED.,.T.,.F.) B_SPLINE_CURVE_WITH_KNOTS((1,2
    ,2,2,2,1),(-2.094395102393,0.,2.094395102393,4.188790204786,
6.28318530718,8.377580409573),.UNSPECIFIED.) CURVE() 
GEOMETRIC_REPRESENTATION_ITEM() RATIONAL_B_SPLINE_CURVE((1.,0.5,1.,0.5,
1.,0.5,1.)) REPRESENTATION_ITEM('') );
#4873 = CARTESIAN_POINT('',(4.7,3.5));
#4874 = CARTESIAN_POINT('',(4.7,1.421539030917));
#4875 = CARTESIAN_POINT('',(2.9,2.460769515459));
#4876 = CARTESIAN_POINT('',(1.1,3.5));
#4877 = CARTESIAN_POINT('',(2.9,4.539230484541));
#4878 = CARTESIAN_POINT('',(4.7,5.578460969083));
#4879 = CARTESIAN_POINT('',(4.7,3.5));
#4880 = ( GEOMETRIC_REPRESENTATION_CONTEXT(2) 
PARAMETRIC_REPRESENTATION_CONTEXT() REPRESENTATION_CONTEXT('2D SPACE',''
  ) );
#4881 = PCURVE('',#4882,#4887);
#4882 = CYLINDRICAL_SURFACE('',#4883,1.2);
#4883 = AXIS2_PLACEMENT_3D('',#4884,#4885,#4886);
#4884 = CARTESIAN_POINT('',(-31.5,-29.88046532517,35.746951672795));
#4885 = DIRECTION('',(-0.,0.707106781187,-0.707106781187));
#4886 = DIRECTION('',(1.,0.,0.));
#4887 = DEFINITIONAL_REPRESENTATION('',(#4888),#4892);
#4888 = LINE('',#4889,#4890);
#4889 = CARTESIAN_POINT('',(-6.28318530718,-3.4));
#4890 = VECTOR('',#4891,1.);
#4891 = DIRECTION('',(1.,-0.));
#4892 = ( GEOMETRIC_REPRESENTATION_CONTEXT(2) 
PARAMETRIC_REPRESENTATION_CONTEXT() REPRESENTATION_CONTEXT('2D SPACE',''
  ) );
#4893 = FACE_BOUND('',#4894,.T.);
#4894 = EDGE_LOOP('',(#4895,#4925,#4953,#4981));
#4895 = ORIENTED_EDGE('',*,*,#4896,.T.);
#4896 = EDGE_CURVE('',#4897,#4899,#4901,.T.);
#4897 = VERTEX_POINT('',#4898);
#4898 = CARTESIAN_POINT('',(20.3,-31.43610024378,38.999642866253));
#4899 = VERTEX_POINT('',#4900);
#4900 = CARTESIAN_POINT('',(-20.3,-31.43610024378,38.999642866253));
#4901 = SURFACE_CURVE('',#4902,(#4906,#4913),.PCURVE_S1.);
#4902 = LINE('',#4903,#4904);
#4903 = CARTESIAN_POINT('',(-27.65,-31.43610024378,38.999642866253));
#4904 = VECTOR('',#4905,1.);
#4905 = DIRECTION('',(-1.,0.,0.));
#4906 = PCURVE('',#4565,#4907);
#4907 = DEFINITIONAL_REPRESENTATION('',(#4908),#4912);
#4908 = LINE('',#4909,#4910);
#4909 = CARTESIAN_POINT('',(7.35,4.7));
#4910 = VECTOR('',#4911,1.);
#4911 = DIRECTION('',(-1.,0.));
#4912 = ( GEOMETRIC_REPRESENTATION_CONTEXT(2) 
PARAMETRIC_REPRESENTATION_CONTEXT() REPRESENTATION_CONTEXT('2D SPACE',''
  ) );
#4913 = PCURVE('',#4914,#4919);
#4914 = PLANE('',#4915);
#4915 = AXIS2_PLACEMENT_3D('',#4916,#4917,#4918);
#4916 = CARTESIAN_POINT('',(-20.3,-31.15325753131,38.716800153779));
#4917 = DIRECTION('',(0.,0.707106781187,0.707106781187));
#4918 = DIRECTION('',(0.,-0.707106781187,0.707106781187));
#4919 = DEFINITIONAL_REPRESENTATION('',(#4920),#4924);
#4920 = LINE('',#4921,#4922);
#4921 = CARTESIAN_POINT('',(0.4,-7.35));
#4922 = VECTOR('',#4923,1.);
#4923 = DIRECTION('',(0.,-1.));
#4924 = ( GEOMETRIC_REPRESENTATION_CONTEXT(2) 
PARAMETRIC_REPRESENTATION_CONTEXT() REPRESENTATION_CONTEXT('2D SPACE',''
  ) );
#4925 = ORIENTED_EDGE('',*,*,#4926,.T.);
#4926 = EDGE_CURVE('',#4899,#4927,#4929,.T.);
#4927 = VERTEX_POINT('',#4928);
#4928 = CARTESIAN_POINT('',(-20.3,-16.86970055134,53.566042558696));
#4929 = SURFACE_CURVE('',#4930,(#4934,#4941),.PCURVE_S1.);
#4930 = LINE('',#4931,#4932);
#4931 = CARTESIAN_POINT('',(-20.3,-33.09780117957,37.337941930465));
#4932 = VECTOR('',#4933,1.);
#4933 = DIRECTION('',(0.,0.707106781187,0.707106781187));
#4934 = PCURVE('',#4565,#4935);
#4935 = DEFINITIONAL_REPRESENTATION('',(#4936),#4940);
#4936 = LINE('',#4937,#4938);
#4937 = CARTESIAN_POINT('',(14.7,2.35));
#4938 = VECTOR('',#4939,1.);
#4939 = DIRECTION('',(0.,1.));
#4940 = ( GEOMETRIC_REPRESENTATION_CONTEXT(2) 
PARAMETRIC_REPRESENTATION_CONTEXT() REPRESENTATION_CONTEXT('2D SPACE',''
  ) );
#4941 = PCURVE('',#4942,#4947);
#4942 = PLANE('',#4943);
#4943 = AXIS2_PLACEMENT_3D('',#4944,#4945,#4946);
#4944 = CARTESIAN_POINT('',(-20.3,-31.15325753131,38.716800153779));
#4945 = DIRECTION('',(1.,0.,0.));
#4946 = DIRECTION('',(0.,-0.707106781187,0.707106781187));
#4947 = DEFINITIONAL_REPRESENTATION('',(#4948),#4952);
#4948 = LINE('',#4949,#4950);
#4949 = CARTESIAN_POINT('',(0.4,2.35));
#4950 = VECTOR('',#4951,1.);
#4951 = DIRECTION('',(0.,-1.));
#4952 = ( GEOMETRIC_REPRESENTATION_CONTEXT(2) 
PARAMETRIC_REPRESENTATION_CONTEXT() REPRESENTATION_CONTEXT('2D SPACE',''
  ) );
#4953 = ORIENTED_EDGE('',*,*,#4954,.F.);
#4954 = EDGE_CURVE('',#4955,#4927,#4957,.T.);
#4955 = VERTEX_POINT('',#4956);
#4956 = CARTESIAN_POINT('',(20.3,-16.86970055134,53.566042558696));
#4957 = SURFACE_CURVE('',#4958,(#4962,#4969),.PCURVE_S1.);
#4958 = LINE('',#4959,#4960);
#4959 = CARTESIAN_POINT('',(-27.65,-16.86970055134,53.566042558696));
#4960 = VECTOR('',#4961,1.);
#4961 = DIRECTION('',(-1.,0.,0.));
#4962 = PCURVE('',#4565,#4963);
#4963 = DEFINITIONAL_REPRESENTATION('',(#4964),#4968);
#4964 = LINE('',#4965,#4966);
#4965 = CARTESIAN_POINT('',(7.35,25.3));
#4966 = VECTOR('',#4967,1.);
#4967 = DIRECTION('',(-1.,0.));
#4968 = ( GEOMETRIC_REPRESENTATION_CONTEXT(2) 
PARAMETRIC_REPRESENTATION_CONTEXT() REPRESENTATION_CONTEXT('2D SPACE',''
  ) );
#4969 = PCURVE('',#4970,#4975);
#4970 = PLANE('',#4971);
#4971 = AXIS2_PLACEMENT_3D('',#4972,#4973,#4974);
#4972 = CARTESIAN_POINT('',(-20.3,-16.58685783886,53.283199846221));
#4973 = DIRECTION('',(0.,0.707106781187,0.707106781187));
#4974 = DIRECTION('',(0.,-0.707106781187,0.707106781187));
#4975 = DEFINITIONAL_REPRESENTATION('',(#4976),#4980);
#4976 = LINE('',#4977,#4978);
#4977 = CARTESIAN_POINT('',(0.4,-7.35));
#4978 = VECTOR('',#4979,1.);
#4979 = DIRECTION('',(0.,-1.));
#4980 = ( GEOMETRIC_REPRESENTATION_CONTEXT(2) 
PARAMETRIC_REPRESENTATION_CONTEXT() REPRESENTATION_CONTEXT('2D SPACE',''
  ) );
#4981 = ORIENTED_EDGE('',*,*,#4982,.F.);
#4982 = EDGE_CURVE('',#4897,#4955,#4983,.T.);
#4983 = SURFACE_CURVE('',#4984,(#4988,#4995),.PCURVE_S1.);
#4984 = LINE('',#4985,#4986);
#4985 = CARTESIAN_POINT('',(20.3,-33.09780117957,37.337941930465));
#4986 = VECTOR('',#4987,1.);
#4987 = DIRECTION('',(0.,0.707106781187,0.707106781187));
#4988 = PCURVE('',#4565,#4989);
#4989 = DEFINITIONAL_REPRESENTATION('',(#4990),#4994);
#4990 = LINE('',#4991,#4992);
#4991 = CARTESIAN_POINT('',(55.3,2.35));
#4992 = VECTOR('',#4993,1.);
#4993 = DIRECTION('',(0.,1.));
#4994 = ( GEOMETRIC_REPRESENTATION_CONTEXT(2) 
PARAMETRIC_REPRESENTATION_CONTEXT() REPRESENTATION_CONTEXT('2D SPACE',''
  ) );
#4995 = PCURVE('',#4996,#5001);
#4996 = PLANE('',#4997);
#4997 = AXIS2_PLACEMENT_3D('',#4998,#4999,#5000);
#4998 = CARTESIAN_POINT('',(20.3,-31.15325753131,38.716800153779));
#4999 = DIRECTION('',(1.,0.,0.));
#5000 = DIRECTION('',(0.,-0.707106781187,0.707106781187));
#5001 = DEFINITIONAL_REPRESENTATION('',(#5002),#5006);
#5002 = LINE('',#5003,#5004);
#5003 = CARTESIAN_POINT('',(0.4,2.35));
#5004 = VECTOR('',#5005,1.);
#5005 = DIRECTION('',(0.,-1.));
#5006 = ( GEOMETRIC_REPRESENTATION_CONTEXT(2) 
PARAMETRIC_REPRESENTATION_CONTEXT() REPRESENTATION_CONTEXT('2D SPACE',''
  ) );
#5007 = FACE_BOUND('',#5008,.T.);
#5008 = EDGE_LOOP('',(#5009));
#5009 = ORIENTED_EDGE('',*,*,#5010,.T.);
#5010 = EDGE_CURVE('',#5011,#5011,#5013,.T.);
#5011 = VERTEX_POINT('',#5012);
#5012 = CARTESIAN_POINT('',(32.7,-32.2846283812,38.151114728829));
#5013 = SURFACE_CURVE('',#5014,(#5019,#5030),.PCURVE_S1.);
#5014 = CIRCLE('',#5015,1.2);
#5015 = AXIS2_PLACEMENT_3D('',#5016,#5017,#5018);
#5016 = CARTESIAN_POINT('',(31.5,-32.2846283812,38.151114728829));
#5017 = DIRECTION('',(0.,0.707106781187,-0.707106781187));
#5018 = DIRECTION('',(1.,0.,0.));
#5019 = PCURVE('',#4565,#5020);
#5020 = DEFINITIONAL_REPRESENTATION('',(#5021),#5029);
#5021 = ( BOUNDED_CURVE() B_SPLINE_CURVE(2,(#5022,#5023,#5024,#5025,
#5026,#5027,#5028),.UNSPECIFIED.,.T.,.F.) B_SPLINE_CURVE_WITH_KNOTS((1,2
    ,2,2,2,1),(-2.094395102393,0.,2.094395102393,4.188790204786,
6.28318530718,8.377580409573),.UNSPECIFIED.) CURVE() 
GEOMETRIC_REPRESENTATION_ITEM() RATIONAL_B_SPLINE_CURVE((1.,0.5,1.,0.5,
1.,0.5,1.)) REPRESENTATION_ITEM('') );
#5022 = CARTESIAN_POINT('',(67.7,3.5));
#5023 = CARTESIAN_POINT('',(67.7,1.421539030917));
#5024 = CARTESIAN_POINT('',(65.9,2.460769515459));
#5025 = CARTESIAN_POINT('',(64.1,3.5));
#5026 = CARTESIAN_POINT('',(65.9,4.539230484541));
#5027 = CARTESIAN_POINT('',(67.7,5.578460969083));
#5028 = CARTESIAN_POINT('',(67.7,3.5));
#5029 = ( GEOMETRIC_REPRESENTATION_CONTEXT(2) 
PARAMETRIC_REPRESENTATION_CONTEXT() REPRESENTATION_CONTEXT('2D SPACE',''
  ) );
#5030 = PCURVE('',#5031,#5036);
#5031 = CYLINDRICAL_SURFACE('',#5032,1.2);
#5032 = AXIS2_PLACEMENT_3D('',#5033,#5034,#5035);
#5033 = CARTESIAN_POINT('',(31.5,-29.88046532517,35.746951672795));
#5034 = DIRECTION('',(-0.,0.707106781187,-0.707106781187));
#5035 = DIRECTION('',(1.,0.,0.));
#5036 = DEFINITIONAL_REPRESENTATION('',(#5037),#5041);
#5037 = LINE('',#5038,#5039);
#5038 = CARTESIAN_POINT('',(-6.28318530718,-3.4));
#5039 = VECTOR('',#5040,1.);
#5040 = DIRECTION('',(1.,-0.));
#5041 = ( GEOMETRIC_REPRESENTATION_CONTEXT(2) 
PARAMETRIC_REPRESENTATION_CONTEXT() REPRESENTATION_CONTEXT('2D SPACE',''
  ) );
#5042 = FACE_BOUND('',#5043,.T.);
#5043 = EDGE_LOOP('',(#5044,#5074,#5102,#5130));
#5044 = ORIENTED_EDGE('',*,*,#5045,.T.);
#5045 = EDGE_CURVE('',#5046,#5048,#5050,.T.);
#5046 = VERTEX_POINT('',#5047);
#5047 = CARTESIAN_POINT('',(23.8,-28.1126983722,42.32304473783));
#5048 = VERTEX_POINT('',#5049);
#5049 = CARTESIAN_POINT('',(20.6,-28.1126983722,42.32304473783));
#5050 = SURFACE_CURVE('',#5051,(#5055,#5062),.PCURVE_S1.);
#5051 = LINE('',#5052,#5053);
#5052 = CARTESIAN_POINT('',(-7.2,-28.1126983722,42.32304473783));
#5053 = VECTOR('',#5054,1.);
#5054 = DIRECTION('',(-1.,0.,0.));
#5055 = PCURVE('',#4565,#5056);
#5056 = DEFINITIONAL_REPRESENTATION('',(#5057),#5061);
#5057 = LINE('',#5058,#5059);
#5058 = CARTESIAN_POINT('',(27.8,9.4));
#5059 = VECTOR('',#5060,1.);
#5060 = DIRECTION('',(-1.,0.));
#5061 = ( GEOMETRIC_REPRESENTATION_CONTEXT(2) 
PARAMETRIC_REPRESENTATION_CONTEXT() REPRESENTATION_CONTEXT('2D SPACE',''
  ) );
#5062 = PCURVE('',#5063,#5068);
#5063 = PLANE('',#5064);
#5064 = AXIS2_PLACEMENT_3D('',#5065,#5066,#5067);
#5065 = CARTESIAN_POINT('',(20.6,-25.70853531617,39.918881681796));
#5066 = DIRECTION('',(0.,0.707106781187,0.707106781187));
#5067 = DIRECTION('',(0.,-0.707106781187,0.707106781187));
#5068 = DEFINITIONAL_REPRESENTATION('',(#5069),#5073);
#5069 = LINE('',#5070,#5071);
#5070 = CARTESIAN_POINT('',(3.4,-27.8));
#5071 = VECTOR('',#5072,1.);
#5072 = DIRECTION('',(0.,-1.));
#5073 = ( GEOMETRIC_REPRESENTATION_CONTEXT(2) 
PARAMETRIC_REPRESENTATION_CONTEXT() REPRESENTATION_CONTEXT('2D SPACE',''
  ) );
#5074 = ORIENTED_EDGE('',*,*,#5075,.T.);
#5075 = EDGE_CURVE('',#5048,#5076,#5078,.T.);
#5076 = VERTEX_POINT('',#5077);
#5077 = CARTESIAN_POINT('',(20.6,-20.19310242291,50.242640687119));
#5078 = SURFACE_CURVE('',#5079,(#5083,#5090),.PCURVE_S1.);
#5079 = LINE('',#5080,#5081);
#5080 = CARTESIAN_POINT('',(20.6,-31.43610024378,38.999642866253));
#5081 = VECTOR('',#5082,1.);
#5082 = DIRECTION('',(0.,0.707106781187,0.707106781187));
#5083 = PCURVE('',#4565,#5084);
#5084 = DEFINITIONAL_REPRESENTATION('',(#5085),#5089);
#5085 = LINE('',#5086,#5087);
#5086 = CARTESIAN_POINT('',(55.6,4.7));
#5087 = VECTOR('',#5088,1.);
#5088 = DIRECTION('',(0.,1.));
#5089 = ( GEOMETRIC_REPRESENTATION_CONTEXT(2) 
PARAMETRIC_REPRESENTATION_CONTEXT() REPRESENTATION_CONTEXT('2D SPACE',''
  ) );
#5090 = PCURVE('',#5091,#5096);
#5091 = PLANE('',#5092);
#5092 = AXIS2_PLACEMENT_3D('',#5093,#5094,#5095);
#5093 = CARTESIAN_POINT('',(20.6,-25.70853531617,39.918881681796));
#5094 = DIRECTION('',(1.,0.,0.));
#5095 = DIRECTION('',(0.,-0.707106781187,0.707106781187));
#5096 = DEFINITIONAL_REPRESENTATION('',(#5097),#5101);
#5097 = LINE('',#5098,#5099);
#5098 = CARTESIAN_POINT('',(3.4,4.7));
#5099 = VECTOR('',#5100,1.);
#5100 = DIRECTION('',(0.,-1.));
#5101 = ( GEOMETRIC_REPRESENTATION_CONTEXT(2) 
PARAMETRIC_REPRESENTATION_CONTEXT() REPRESENTATION_CONTEXT('2D SPACE',''
  ) );
#5102 = ORIENTED_EDGE('',*,*,#5103,.F.);
#5103 = EDGE_CURVE('',#5104,#5076,#5106,.T.);
#5104 = VERTEX_POINT('',#5105);
#5105 = CARTESIAN_POINT('',(23.8,-20.19310242291,50.242640687119));
#5106 = SURFACE_CURVE('',#5107,(#5111,#5118),.PCURVE_S1.);
#5107 = LINE('',#5108,#5109);
#5108 = CARTESIAN_POINT('',(-7.2,-20.19310242291,50.242640687119));
#5109 = VECTOR('',#5110,1.);
#5110 = DIRECTION('',(-1.,0.,0.));
#5111 = PCURVE('',#4565,#5112);
#5112 = DEFINITIONAL_REPRESENTATION('',(#5113),#5117);
#5113 = LINE('',#5114,#5115);
#5114 = CARTESIAN_POINT('',(27.8,20.6));
#5115 = VECTOR('',#5116,1.);
#5116 = DIRECTION('',(-1.,0.));
#5117 = ( GEOMETRIC_REPRESENTATION_CONTEXT(2) 
PARAMETRIC_REPRESENTATION_CONTEXT() REPRESENTATION_CONTEXT('2D SPACE',''
  ) );
#5118 = PCURVE('',#5119,#5124);
#5119 = PLANE('',#5120);
#5120 = AXIS2_PLACEMENT_3D('',#5121,#5122,#5123);
#5121 = CARTESIAN_POINT('',(20.6,-17.78893936688,47.838477631085));
#5122 = DIRECTION('',(0.,0.707106781187,0.707106781187));
#5123 = DIRECTION('',(0.,-0.707106781187,0.707106781187));
#5124 = DEFINITIONAL_REPRESENTATION('',(#5125),#5129);
#5125 = LINE('',#5126,#5127);
#5126 = CARTESIAN_POINT('',(3.4,-27.8));
#5127 = VECTOR('',#5128,1.);
#5128 = DIRECTION('',(0.,-1.));
#5129 = ( GEOMETRIC_REPRESENTATION_CONTEXT(2) 
PARAMETRIC_REPRESENTATION_CONTEXT() REPRESENTATION_CONTEXT('2D SPACE',''
  ) );
#5130 = ORIENTED_EDGE('',*,*,#5131,.F.);
#5131 = EDGE_CURVE('',#5046,#5104,#5132,.T.);
#5132 = SURFACE_CURVE('',#5133,(#5137,#5144),.PCURVE_S1.);
#5133 = LINE('',#5134,#5135);
#5134 = CARTESIAN_POINT('',(23.8,-31.43610024378,38.999642866253));
#5135 = VECTOR('',#5136,1.);
#5136 = DIRECTION('',(0.,0.707106781187,0.707106781187));
#5137 = PCURVE('',#4565,#5138);
#5138 = DEFINITIONAL_REPRESENTATION('',(#5139),#5143);
#5139 = LINE('',#5140,#5141);
#5140 = CARTESIAN_POINT('',(58.8,4.7));
#5141 = VECTOR('',#5142,1.);
#5142 = DIRECTION('',(0.,1.));
#5143 = ( GEOMETRIC_REPRESENTATION_CONTEXT(2) 
PARAMETRIC_REPRESENTATION_CONTEXT() REPRESENTATION_CONTEXT('2D SPACE',''
  ) );
#5144 = PCURVE('',#5145,#5150);
#5145 = PLANE('',#5146);
#5146 = AXIS2_PLACEMENT_3D('',#5147,#5148,#5149);
#5147 = CARTESIAN_POINT('',(23.8,-25.70853531617,39.918881681796));
#5148 = DIRECTION('',(1.,0.,0.));
#5149 = DIRECTION('',(0.,-0.707106781187,0.707106781187));
#5150 = DEFINITIONAL_REPRESENTATION('',(#5151),#5155);
#5151 = LINE('',#5152,#5153);
#5152 = CARTESIAN_POINT('',(3.4,4.7));
#5153 = VECTOR('',#5154,1.);
#5154 = DIRECTION('',(0.,-1.));
#5155 = ( GEOMETRIC_REPRESENTATION_CONTEXT(2) 
PARAMETRIC_REPRESENTATION_CONTEXT() REPRESENTATION_CONTEXT('2D SPACE',''
  ) );
#5156 = FACE_BOUND('',#5157,.T.);
#5157 = EDGE_LOOP('',(#5158));
#5158 = ORIENTED_EDGE('',*,*,#5159,.T.);
#5159 = EDGE_CURVE('',#5160,#5160,#5162,.T.);
#5160 = VERTEX_POINT('',#5161);
#5161 = CARTESIAN_POINT('',(3.2,-11.4249783362,59.010764773832));
#5162 = SURFACE_CURVE('',#5163,(#5168,#5179),.PCURVE_S1.);
#5163 = CIRCLE('',#5164,1.2);
#5164 = AXIS2_PLACEMENT_3D('',#5165,#5166,#5167);
#5165 = CARTESIAN_POINT('',(2.,-11.4249783362,59.010764773832));
#5166 = DIRECTION('',(0.,0.707106781187,-0.707106781187));
#5167 = DIRECTION('',(1.,0.,0.));
#5168 = PCURVE('',#4565,#5169);
#5169 = DEFINITIONAL_REPRESENTATION('',(#5170),#5178);
#5170 = ( BOUNDED_CURVE() B_SPLINE_CURVE(2,(#5171,#5172,#5173,#5174,
#5175,#5176,#5177),.UNSPECIFIED.,.T.,.F.) B_SPLINE_CURVE_WITH_KNOTS((1,2
    ,2,2,2,1),(-2.094395102393,0.,2.094395102393,4.188790204786,
6.28318530718,8.377580409573),.UNSPECIFIED.) CURVE() 
GEOMETRIC_REPRESENTATION_ITEM() RATIONAL_B_SPLINE_CURVE((1.,0.5,1.,0.5,
1.,0.5,1.)) REPRESENTATION_ITEM('') );
#5171 = CARTESIAN_POINT('',(38.2,33.));
#5172 = CARTESIAN_POINT('',(38.2,30.921539030917));
#5173 = CARTESIAN_POINT('',(36.4,31.960769515459));
#5174 = CARTESIAN_POINT('',(34.6,33.));
#5175 = CARTESIAN_POINT('',(36.4,34.039230484541));
#5176 = CARTESIAN_POINT('',(38.2,35.078460969083));
#5177 = CARTESIAN_POINT('',(38.2,33.));
#5178 = ( GEOMETRIC_REPRESENTATION_CONTEXT(2) 
PARAMETRIC_REPRESENTATION_CONTEXT() REPRESENTATION_CONTEXT('2D SPACE',''
  ) );
#5179 = PCURVE('',#5180,#5185);
#5180 = CYLINDRICAL_SURFACE('',#5181,1.2);
#5181 = AXIS2_PLACEMENT_3D('',#5182,#5183,#5184);
#5182 = CARTESIAN_POINT('',(2.,-9.020815280171,56.606601717798));
#5183 = DIRECTION('',(-0.,0.707106781187,-0.707106781187));
#5184 = DIRECTION('',(1.,0.,0.));
#5185 = DEFINITIONAL_REPRESENTATION('',(#5186),#5190);
#5186 = LINE('',#5187,#5188);
#5187 = CARTESIAN_POINT('',(-6.28318530718,-3.4));
#5188 = VECTOR('',#5189,1.);
#5189 = DIRECTION('',(1.,-0.));
#5190 = ( GEOMETRIC_REPRESENTATION_CONTEXT(2) 
PARAMETRIC_REPRESENTATION_CONTEXT() REPRESENTATION_CONTEXT('2D SPACE',''
  ) );
#5191 = FACE_BOUND('',#5192,.T.);
#5192 = EDGE_LOOP('',(#5193,#5220,#5245,#5270));
#5193 = ORIENTED_EDGE('',*,*,#5194,.T.);
#5194 = EDGE_CURVE('',#5195,#5197,#5199,.T.);
#5195 = VERTEX_POINT('',#5196);
#5196 = CARTESIAN_POINT('',(-0.82559602649,11.831342242647,
    82.267085352685));
#5197 = VERTEX_POINT('',#5198);
#5198 = CARTESIAN_POINT('',(-0.82559602649,-14.33783682032,
    56.097906289717));
#5199 = SURFACE_CURVE('',#5200,(#5203,#5209),.PCURVE_S1.);
#5200 = B_SPLINE_CURVE_WITH_KNOTS('',1,(#5201,#5202),.UNSPECIFIED.,.F.,
  .F.,(2,2),(0.,1.),.PIECEWISE_BEZIER_KNOTS.);
#5201 = CARTESIAN_POINT('',(-0.82559602649,11.831342242647,
    82.267085352685));
#5202 = CARTESIAN_POINT('',(-0.82559602649,-14.33783682032,
    56.097906289717));
#5203 = PCURVE('',#4565,#5204);
#5204 = DEFINITIONAL_REPRESENTATION('',(#5205),#5208);
#5205 = B_SPLINE_CURVE_WITH_KNOTS('',1,(#5206,#5207),.UNSPECIFIED.,.F.,
  .F.,(2,2),(0.,1.),.PIECEWISE_BEZIER_KNOTS.);
#5206 = CARTESIAN_POINT('',(34.17440397351,65.88940397351));
#5207 = CARTESIAN_POINT('',(34.17440397351,28.88059602649));
#5208 = ( GEOMETRIC_REPRESENTATION_CONTEXT(2) 
PARAMETRIC_REPRESENTATION_CONTEXT() REPRESENTATION_CONTEXT('2D SPACE',''
  ) );
#5209 = PCURVE('',#5210,#5215);
#5210 = B_SPLINE_SURFACE_WITH_KNOTS('',1,1,(
    (#5211,#5212)
    ,(#5213,#5214
    )),.UNSPECIFIED.,.F.,.F.,.F.,(2,2),(2,2),(0.,37.03),(0.,1.),
  .PIECEWISE_BEZIER_KNOTS.);
#5211 = CARTESIAN_POINT('',(-2.415,-12.15329832082,56.161124445651));
#5212 = CARTESIAN_POINT('',(-0.815,-14.35240041031,56.097484835344));
#5213 = CARTESIAN_POINT('',(-2.415,11.768124086713,80.082546853192));
#5214 = CARTESIAN_POINT('',(-0.815,11.83176369702,82.281648942682));
#5215 = DEFINITIONAL_REPRESENTATION('',(#5216),#5219);
#5216 = B_SPLINE_CURVE_WITH_KNOTS('',1,(#5217,#5218),.UNSPECIFIED.,.F.,
  .F.,(2,2),(0.,1.),.PIECEWISE_BEZIER_KNOTS.);
#5217 = CARTESIAN_POINT('',(37.03,0.993377483444));
#5218 = CARTESIAN_POINT('',(0.,0.993377483444));
#5219 = ( GEOMETRIC_REPRESENTATION_CONTEXT(2) 
PARAMETRIC_REPRESENTATION_CONTEXT() REPRESENTATION_CONTEXT('2D SPACE',''
  ) );
#5220 = ORIENTED_EDGE('',*,*,#5221,.T.);
#5221 = EDGE_CURVE('',#5197,#5222,#5224,.T.);
#5222 = VERTEX_POINT('',#5223);
#5223 = CARTESIAN_POINT('',(-33.17440397351,-14.33783682032,
    56.097906289717));
#5224 = SURFACE_CURVE('',#5225,(#5228,#5234),.PCURVE_S1.);
#5225 = B_SPLINE_CURVE_WITH_KNOTS('',1,(#5226,#5227),.UNSPECIFIED.,.F.,
  .F.,(2,2),(0.,1.),.PIECEWISE_BEZIER_KNOTS.);
#5226 = CARTESIAN_POINT('',(-0.82559602649,-14.33783682032,
    56.097906289717));
#5227 = CARTESIAN_POINT('',(-33.17440397351,-14.33783682032,
    56.097906289717));
#5228 = PCURVE('',#4565,#5229);
#5229 = DEFINITIONAL_REPRESENTATION('',(#5230),#5233);
#5230 = B_SPLINE_CURVE_WITH_KNOTS('',1,(#5231,#5232),.UNSPECIFIED.,.F.,
  .F.,(2,2),(0.,1.),.PIECEWISE_BEZIER_KNOTS.);
#5231 = CARTESIAN_POINT('',(34.17440397351,28.88059602649));
#5232 = CARTESIAN_POINT('',(1.82559602649,28.88059602649));
#5233 = ( GEOMETRIC_REPRESENTATION_CONTEXT(2) 
PARAMETRIC_REPRESENTATION_CONTEXT() REPRESENTATION_CONTEXT('2D SPACE',''
  ) );
#5234 = PCURVE('',#5235,#5240);
#5235 = B_SPLINE_SURFACE_WITH_KNOTS('',1,1,(
    (#5236,#5237)
    ,(#5238,#5239
    )),.UNSPECIFIED.,.F.,.F.,.F.,(2,2),(2,2),(0.,32.37),(0.,1.),
  .PIECEWISE_BEZIER_KNOTS.);
#5236 = CARTESIAN_POINT('',(-31.585,-12.15329832082,56.161124445651));
#5237 = CARTESIAN_POINT('',(-33.185,-14.35240041031,56.097484835344));
#5238 = CARTESIAN_POINT('',(-2.415,-12.15329832082,56.161124445651));
#5239 = CARTESIAN_POINT('',(-0.815,-14.35240041031,56.097484835344));
#5240 = DEFINITIONAL_REPRESENTATION('',(#5241),#5244);
#5241 = B_SPLINE_CURVE_WITH_KNOTS('',1,(#5242,#5243),.UNSPECIFIED.,.F.,
  .F.,(2,2),(0.,1.),.PIECEWISE_BEZIER_KNOTS.);
#5242 = CARTESIAN_POINT('',(32.37,0.993377483444));
#5243 = CARTESIAN_POINT('',(0.,0.993377483444));
#5244 = ( GEOMETRIC_REPRESENTATION_CONTEXT(2) 
PARAMETRIC_REPRESENTATION_CONTEXT() REPRESENTATION_CONTEXT('2D SPACE',''
  ) );
#5245 = ORIENTED_EDGE('',*,*,#5246,.T.);
#5246 = EDGE_CURVE('',#5222,#5247,#5249,.T.);
#5247 = VERTEX_POINT('',#5248);
#5248 = CARTESIAN_POINT('',(-33.17440397351,11.831342242647,
    82.267085352685));
#5249 = SURFACE_CURVE('',#5250,(#5253,#5259),.PCURVE_S1.);
#5250 = B_SPLINE_CURVE_WITH_KNOTS('',1,(#5251,#5252),.UNSPECIFIED.,.F.,
  .F.,(2,2),(0.,1.),.PIECEWISE_BEZIER_KNOTS.);
#5251 = CARTESIAN_POINT('',(-33.17440397351,-14.33783682032,
    56.097906289717));
#5252 = CARTESIAN_POINT('',(-33.17440397351,11.831342242647,
    82.267085352685));
#5253 = PCURVE('',#4565,#5254);
#5254 = DEFINITIONAL_REPRESENTATION('',(#5255),#5258);
#5255 = B_SPLINE_CURVE_WITH_KNOTS('',1,(#5256,#5257),.UNSPECIFIED.,.F.,
  .F.,(2,2),(0.,1.),.PIECEWISE_BEZIER_KNOTS.);
#5256 = CARTESIAN_POINT('',(1.82559602649,28.88059602649));
#5257 = CARTESIAN_POINT('',(1.82559602649,65.88940397351));
#5258 = ( GEOMETRIC_REPRESENTATION_CONTEXT(2) 
PARAMETRIC_REPRESENTATION_CONTEXT() REPRESENTATION_CONTEXT('2D SPACE',''
  ) );
#5259 = PCURVE('',#5260,#5265);
#5260 = B_SPLINE_SURFACE_WITH_KNOTS('',1,1,(
    (#5261,#5262)
    ,(#5263,#5264
    )),.UNSPECIFIED.,.F.,.F.,.F.,(2,2),(2,2),(0.,37.03),(0.,1.),
  .PIECEWISE_BEZIER_KNOTS.);
#5261 = CARTESIAN_POINT('',(-31.585,11.768124086713,80.082546853192));
#5262 = CARTESIAN_POINT('',(-33.185,11.83176369702,82.281648942682));
#5263 = CARTESIAN_POINT('',(-31.585,-12.15329832082,56.161124445651));
#5264 = CARTESIAN_POINT('',(-33.185,-14.35240041031,56.097484835344));
#5265 = DEFINITIONAL_REPRESENTATION('',(#5266),#5269);
#5266 = B_SPLINE_CURVE_WITH_KNOTS('',1,(#5267,#5268),.UNSPECIFIED.,.F.,
  .F.,(2,2),(0.,1.),.PIECEWISE_BEZIER_KNOTS.);
#5267 = CARTESIAN_POINT('',(37.03,0.993377483444));
#5268 = CARTESIAN_POINT('',(0.,0.993377483444));
#5269 = ( GEOMETRIC_REPRESENTATION_CONTEXT(2) 
PARAMETRIC_REPRESENTATION_CONTEXT() REPRESENTATION_CONTEXT('2D SPACE',''
  ) );
#5270 = ORIENTED_EDGE('',*,*,#5271,.T.);
#5271 = EDGE_CURVE('',#5247,#5195,#5272,.T.);
#5272 = SURFACE_CURVE('',#5273,(#5276,#5282),.PCURVE_S1.);
#5273 = B_SPLINE_CURVE_WITH_KNOTS('',1,(#5274,#5275),.UNSPECIFIED.,.F.,
  .F.,(2,2),(0.,1.),.PIECEWISE_BEZIER_KNOTS.);
#5274 = CARTESIAN_POINT('',(-33.17440397351,11.831342242647,
    82.267085352685));
#5275 = CARTESIAN_POINT('',(-0.82559602649,11.831342242647,
    82.267085352685));
#5276 = PCURVE('',#4565,#5277);
#5277 = DEFINITIONAL_REPRESENTATION('',(#5278),#5281);
#5278 = B_SPLINE_CURVE_WITH_KNOTS('',1,(#5279,#5280),.UNSPECIFIED.,.F.,
  .F.,(2,2),(0.,1.),.PIECEWISE_BEZIER_KNOTS.);
#5279 = CARTESIAN_POINT('',(1.82559602649,65.88940397351));
#5280 = CARTESIAN_POINT('',(34.17440397351,65.88940397351));
#5281 = ( GEOMETRIC_REPRESENTATION_CONTEXT(2) 
PARAMETRIC_REPRESENTATION_CONTEXT() REPRESENTATION_CONTEXT('2D SPACE',''
  ) );
#5282 = PCURVE('',#5283,#5288);
#5283 = B_SPLINE_SURFACE_WITH_KNOTS('',1,1,(
    (#5284,#5285)
    ,(#5286,#5287
    )),.UNSPECIFIED.,.F.,.F.,.F.,(2,2),(2,2),(0.,32.37),(0.,1.),
  .PIECEWISE_BEZIER_KNOTS.);
#5284 = CARTESIAN_POINT('',(-2.415,11.768124086713,80.082546853192));
#5285 = CARTESIAN_POINT('',(-0.815,11.83176369702,82.281648942682));
#5286 = CARTESIAN_POINT('',(-31.585,11.768124086713,80.082546853192));
#5287 = CARTESIAN_POINT('',(-33.185,11.83176369702,82.281648942682));
#5288 = DEFINITIONAL_REPRESENTATION('',(#5289),#5292);
#5289 = B_SPLINE_CURVE_WITH_KNOTS('',1,(#5290,#5291),.UNSPECIFIED.,.F.,
  .F.,(2,2),(0.,1.),.PIECEWISE_BEZIER_KNOTS.);
#5290 = CARTESIAN_POINT('',(32.37,0.993377483444));
#5291 = CARTESIAN_POINT('',(0.,0.993377483444));
#5292 = ( GEOMETRIC_REPRESENTATION_CONTEXT(2) 
PARAMETRIC_REPRESENTATION_CONTEXT() REPRESENTATION_CONTEXT('2D SPACE',''
  ) );
#5293 = FACE_BOUND('',#5294,.T.);
#5294 = EDGE_LOOP('',(#5295));
#5295 = ORIENTED_EDGE('',*,*,#5296,.T.);
#5296 = EDGE_CURVE('',#5297,#5297,#5299,.T.);
#5297 = VERTEX_POINT('',#5298);
#5298 = CARTESIAN_POINT('',(-29.8,13.323759005324,83.759502115362));
#5299 = SURFACE_CURVE('',#5300,(#5305,#5316),.PCURVE_S1.);
#5300 = CIRCLE('',#5301,1.2);
#5301 = AXIS2_PLACEMENT_3D('',#5302,#5303,#5304);
#5302 = CARTESIAN_POINT('',(-31.,13.323759005324,83.759502115362));
#5303 = DIRECTION('',(0.,0.707106781187,-0.707106781187));
#5304 = DIRECTION('',(1.,0.,0.));
#5305 = PCURVE('',#4565,#5306);
#5306 = DEFINITIONAL_REPRESENTATION('',(#5307),#5315);
#5307 = ( BOUNDED_CURVE() B_SPLINE_CURVE(2,(#5308,#5309,#5310,#5311,
#5312,#5313,#5314),.UNSPECIFIED.,.T.,.F.) B_SPLINE_CURVE_WITH_KNOTS((1,2
    ,2,2,2,1),(-2.094395102393,0.,2.094395102393,4.188790204786,
6.28318530718,8.377580409573),.UNSPECIFIED.) CURVE() 
GEOMETRIC_REPRESENTATION_ITEM() RATIONAL_B_SPLINE_CURVE((1.,0.5,1.,0.5,
1.,0.5,1.)) REPRESENTATION_ITEM('') );
#5308 = CARTESIAN_POINT('',(5.2,68.));
#5309 = CARTESIAN_POINT('',(5.2,65.921539030917));
#5310 = CARTESIAN_POINT('',(3.4,66.960769515459));
#5311 = CARTESIAN_POINT('',(1.6,68.));
#5312 = CARTESIAN_POINT('',(3.4,69.039230484541));
#5313 = CARTESIAN_POINT('',(5.2,70.078460969083));
#5314 = CARTESIAN_POINT('',(5.2,68.));
#5315 = ( GEOMETRIC_REPRESENTATION_CONTEXT(2) 
PARAMETRIC_REPRESENTATION_CONTEXT() REPRESENTATION_CONTEXT('2D SPACE',''
  ) );
#5316 = PCURVE('',#5317,#5322);
#5317 = CYLINDRICAL_SURFACE('',#5318,1.2);
#5318 = AXIS2_PLACEMENT_3D('',#5319,#5320,#5321);
#5319 = CARTESIAN_POINT('',(-31.,15.727922061358,81.355339059327));
#5320 = DIRECTION('',(-0.,0.707106781187,-0.707106781187));
#5321 = DIRECTION('',(1.,0.,0.));
#5322 = DEFINITIONAL_REPRESENTATION('',(#5323),#5327);
#5323 = LINE('',#5324,#5325);
#5324 = CARTESIAN_POINT('',(-6.28318530718,-3.4));
#5325 = VECTOR('',#5326,1.);
#5326 = DIRECTION('',(1.,-0.));
#5327 = ( GEOMETRIC_REPRESENTATION_CONTEXT(2) 
PARAMETRIC_REPRESENTATION_CONTEXT() REPRESENTATION_CONTEXT('2D SPACE',''
  ) );
#5328 = FACE_BOUND('',#5329,.T.);
#5329 = EDGE_LOOP('',(#5330));
#5330 = ORIENTED_EDGE('',*,*,#5331,.T.);
#5331 = EDGE_CURVE('',#5332,#5332,#5334,.T.);
#5332 = VERTEX_POINT('',#5333);
#5333 = CARTESIAN_POINT('',(3.2,13.323759005324,83.759502115362));
#5334 = SURFACE_CURVE('',#5335,(#5340,#5351),.PCURVE_S1.);
#5335 = CIRCLE('',#5336,1.2);
#5336 = AXIS2_PLACEMENT_3D('',#5337,#5338,#5339);
#5337 = CARTESIAN_POINT('',(2.,13.323759005324,83.759502115362));
#5338 = DIRECTION('',(0.,0.707106781187,-0.707106781187));
#5339 = DIRECTION('',(1.,0.,0.));
#5340 = PCURVE('',#4565,#5341);
#5341 = DEFINITIONAL_REPRESENTATION('',(#5342),#5350);
#5342 = ( BOUNDED_CURVE() B_SPLINE_CURVE(2,(#5343,#5344,#5345,#5346,
#5347,#5348,#5349),.UNSPECIFIED.,.T.,.F.) B_SPLINE_CURVE_WITH_KNOTS((1,2
    ,2,2,2,1),(-2.094395102393,0.,2.094395102393,4.188790204786,
6.28318530718,8.377580409573),.UNSPECIFIED.) CURVE() 
GEOMETRIC_REPRESENTATION_ITEM() RATIONAL_B_SPLINE_CURVE((1.,0.5,1.,0.5,
1.,0.5,1.)) REPRESENTATION_ITEM('') );
#5343 = CARTESIAN_POINT('',(38.2,68.));
#5344 = CARTESIAN_POINT('',(38.2,65.921539030917));
#5345 = CARTESIAN_POINT('',(36.4,66.960769515459));
#5346 = CARTESIAN_POINT('',(34.6,68.));
#5347 = CARTESIAN_POINT('',(36.4,69.039230484541));
#5348 = CARTESIAN_POINT('',(38.2,70.078460969083));
#5349 = CARTESIAN_POINT('',(38.2,68.));
#5350 = ( GEOMETRIC_REPRESENTATION_CONTEXT(2) 
PARAMETRIC_REPRESENTATION_CONTEXT() REPRESENTATION_CONTEXT('2D SPACE',''
  ) );
#5351 = PCURVE('',#5352,#5357);
#5352 = CYLINDRICAL_SURFACE('',#5353,1.2);
#5353 = AXIS2_PLACEMENT_3D('',#5354,#5355,#5356);
#5354 = CARTESIAN_POINT('',(2.,15.727922061358,81.355339059327));
#5355 = DIRECTION('',(-0.,0.707106781187,-0.707106781187));
#5356 = DIRECTION('',(1.,0.,0.));
#5357 = DEFINITIONAL_REPRESENTATION('',(#5358),#5362);
#5358 = LINE('',#5359,#5360);
#5359 = CARTESIAN_POINT('',(-6.28318530718,-3.4));
#5360 = VECTOR('',#5361,1.);
#5361 = DIRECTION('',(1.,-0.));
#5362 = ( GEOMETRIC_REPRESENTATION_CONTEXT(2) 
PARAMETRIC_REPRESENTATION_CONTEXT() REPRESENTATION_CONTEXT('2D SPACE',''
  ) );
#5363 = FACE_BOUND('',#5364,.T.);
#5364 = EDGE_LOOP('',(#5365));
#5365 = ORIENTED_EDGE('',*,*,#5366,.T.);
#5366 = EDGE_CURVE('',#5367,#5367,#5369,.T.);
#5367 = VERTEX_POINT('',#5368);
#5368 = CARTESIAN_POINT('',(32.2,13.323759005324,83.759502115362));
#5369 = SURFACE_CURVE('',#5370,(#5375,#5386),.PCURVE_S1.);
#5370 = CIRCLE('',#5371,1.2);
#5371 = AXIS2_PLACEMENT_3D('',#5372,#5373,#5374);
#5372 = CARTESIAN_POINT('',(31.,13.323759005324,83.759502115362));
#5373 = DIRECTION('',(0.,0.707106781187,-0.707106781187));
#5374 = DIRECTION('',(1.,0.,0.));
#5375 = PCURVE('',#4565,#5376);
#5376 = DEFINITIONAL_REPRESENTATION('',(#5377),#5385);
#5377 = ( BOUNDED_CURVE() B_SPLINE_CURVE(2,(#5378,#5379,#5380,#5381,
#5382,#5383,#5384),.UNSPECIFIED.,.T.,.F.) B_SPLINE_CURVE_WITH_KNOTS((1,2
    ,2,2,2,1),(-2.094395102393,0.,2.094395102393,4.188790204786,
6.28318530718,8.377580409573),.UNSPECIFIED.) CURVE() 
GEOMETRIC_REPRESENTATION_ITEM() RATIONAL_B_SPLINE_CURVE((1.,0.5,1.,0.5,
1.,0.5,1.)) REPRESENTATION_ITEM('') );
#5378 = CARTESIAN_POINT('',(67.2,68.));
#5379 = CARTESIAN_POINT('',(67.2,65.921539030917));
#5380 = CARTESIAN_POINT('',(65.4,66.960769515459));
#5381 = CARTESIAN_POINT('',(63.6,68.));
#5382 = CARTESIAN_POINT('',(65.4,69.039230484541));
#5383 = CARTESIAN_POINT('',(67.2,70.078460969083));
#5384 = CARTESIAN_POINT('',(67.2,68.));
#5385 = ( GEOMETRIC_REPRESENTATION_CONTEXT(2) 
PARAMETRIC_REPRESENTATION_CONTEXT() REPRESENTATION_CONTEXT('2D SPACE',''
  ) );
#5386 = PCURVE('',#5387,#5392);
#5387 = CYLINDRICAL_SURFACE('',#5388,1.2);
#5388 = AXIS2_PLACEMENT_3D('',#5389,#5390,#5391);
#5389 = CARTESIAN_POINT('',(31.,15.727922061358,81.355339059327));
#5390 = DIRECTION('',(-0.,0.707106781187,-0.707106781187));
#5391 = DIRECTION('',(1.,0.,0.));
#5392 = DEFINITIONAL_REPRESENTATION('',(#5393),#5397);
#5393 = LINE('',#5394,#5395);
#5394 = CARTESIAN_POINT('',(-6.28318530718,-3.4));
#5395 = VECTOR('',#5396,1.);
#5396 = DIRECTION('',(1.,-0.));
#5397 = ( GEOMETRIC_REPRESENTATION_CONTEXT(2) 
PARAMETRIC_REPRESENTATION_CONTEXT() REPRESENTATION_CONTEXT('2D SPACE',''
  ) );
#5398 = ADVANCED_FACE('',(#5399),#4593,.T.);
#5399 = FACE_BOUND('',#5400,.T.);
#5400 = EDGE_LOOP('',(#5401,#5425,#5446,#5447));
#5401 = ORIENTED_EDGE('',*,*,#5402,.T.);
#5402 = EDGE_CURVE('',#4578,#5403,#5405,.T.);
#5403 = VERTEX_POINT('',#5404);
#5404 = CARTESIAN_POINT('',(-32.,-33.06244584051,33.979184719829));
#5405 = SURFACE_CURVE('',#5406,(#5411,#5418),.PCURVE_S1.);
#5406 = CIRCLE('',#5407,3.);
#5407 = AXIS2_PLACEMENT_3D('',#5408,#5409,#5410);
#5408 = CARTESIAN_POINT('',(-32.,-30.94112549695,36.100505063388));
#5409 = DIRECTION('',(0.,-0.707106781187,0.707106781187));
#5410 = DIRECTION('',(0.,-0.707106781187,-0.707106781187));
#5411 = PCURVE('',#4593,#5412);
#5412 = DEFINITIONAL_REPRESENTATION('',(#5413),#5417);
#5413 = LINE('',#5414,#5415);
#5414 = CARTESIAN_POINT('',(-4.712388980385,0.));
#5415 = VECTOR('',#5416,1.);
#5416 = DIRECTION('',(1.,0.));
#5417 = ( GEOMETRIC_REPRESENTATION_CONTEXT(2) 
PARAMETRIC_REPRESENTATION_CONTEXT() REPRESENTATION_CONTEXT('2D SPACE',''
  ) );
#5418 = PCURVE('',#4621,#5419);
#5419 = DEFINITIONAL_REPRESENTATION('',(#5420),#5424);
#5420 = CIRCLE('',#5421,3.);
#5421 = AXIS2_PLACEMENT_2D('',#5422,#5423);
#5422 = CARTESIAN_POINT('',(3.,3.));
#5423 = DIRECTION('',(0.,-1.));
#5424 = ( GEOMETRIC_REPRESENTATION_CONTEXT(2) 
PARAMETRIC_REPRESENTATION_CONTEXT() REPRESENTATION_CONTEXT('2D SPACE',''
  ) );
#5425 = ORIENTED_EDGE('',*,*,#5426,.T.);
#5426 = EDGE_CURVE('',#5403,#4664,#5427,.T.);
#5427 = SURFACE_CURVE('',#5428,(#5432,#5439),.PCURVE_S1.);
#5428 = LINE('',#5429,#5430);
#5429 = CARTESIAN_POINT('',(-32.,-33.06244584051,33.979184719829));
#5430 = VECTOR('',#5431,1.);
#5431 = DIRECTION('',(0.,-0.707106781187,0.707106781187));
#5432 = PCURVE('',#4593,#5433);
#5433 = DEFINITIONAL_REPRESENTATION('',(#5434),#5438);
#5434 = LINE('',#5435,#5436);
#5435 = CARTESIAN_POINT('',(1.570796326795,0.));
#5436 = VECTOR('',#5437,1.);
#5437 = DIRECTION('',(0.,1.));
#5438 = ( GEOMETRIC_REPRESENTATION_CONTEXT(2) 
PARAMETRIC_REPRESENTATION_CONTEXT() REPRESENTATION_CONTEXT('2D SPACE',''
  ) );
#5439 = PCURVE('',#4703,#5440);
#5440 = DEFINITIONAL_REPRESENTATION('',(#5441),#5445);
#5441 = LINE('',#5442,#5443);
#5442 = CARTESIAN_POINT('',(0.,3.));
#5443 = VECTOR('',#5444,1.);
#5444 = DIRECTION('',(1.,0.));
#5445 = ( GEOMETRIC_REPRESENTATION_CONTEXT(2) 
PARAMETRIC_REPRESENTATION_CONTEXT() REPRESENTATION_CONTEXT('2D SPACE',''
  ) );
#5446 = ORIENTED_EDGE('',*,*,#4663,.F.);
#5447 = ORIENTED_EDGE('',*,*,#4577,.F.);
#5448 = ADVANCED_FACE('',(#5449),#4647,.T.);
#5449 = FACE_BOUND('',#5450,.F.);
#5450 = EDGE_LOOP('',(#5451,#5479,#5500,#5501));
#5451 = ORIENTED_EDGE('',*,*,#5452,.T.);
#5452 = EDGE_CURVE('',#4606,#5453,#5455,.T.);
#5453 = VERTEX_POINT('',#5454);
#5454 = CARTESIAN_POINT('',(-32.,16.788582233138,83.83021279348));
#5455 = SURFACE_CURVE('',#5456,(#5461,#5468),.PCURVE_S1.);
#5456 = CIRCLE('',#5457,3.);
#5457 = AXIS2_PLACEMENT_3D('',#5458,#5459,#5460);
#5458 = CARTESIAN_POINT('',(-32.,14.667261889578,81.708892449921));
#5459 = DIRECTION('',(0.,0.707106781187,-0.707106781187));
#5460 = DIRECTION('',(0.,-0.707106781187,-0.707106781187));
#5461 = PCURVE('',#4647,#5462);
#5462 = DEFINITIONAL_REPRESENTATION('',(#5463),#5467);
#5463 = LINE('',#5464,#5465);
#5464 = CARTESIAN_POINT('',(1.570796326795,-0.));
#5465 = VECTOR('',#5466,1.);
#5466 = DIRECTION('',(-1.,0.));
#5467 = ( GEOMETRIC_REPRESENTATION_CONTEXT(2) 
PARAMETRIC_REPRESENTATION_CONTEXT() REPRESENTATION_CONTEXT('2D SPACE',''
  ) );
#5468 = PCURVE('',#4621,#5469);
#5469 = DEFINITIONAL_REPRESENTATION('',(#5470),#5478);
#5470 = ( BOUNDED_CURVE() B_SPLINE_CURVE(2,(#5471,#5472,#5473,#5474,
#5475,#5476,#5477),.UNSPECIFIED.,.T.,.F.) B_SPLINE_CURVE_WITH_KNOTS((1,2
    ,2,2,2,1),(-2.094395102393,0.,2.094395102393,4.188790204786,
6.28318530718,8.377580409573),.UNSPECIFIED.) CURVE() 
GEOMETRIC_REPRESENTATION_ITEM() RATIONAL_B_SPLINE_CURVE((1.,0.5,1.,0.5,
1.,0.5,1.)) REPRESENTATION_ITEM('') );
#5471 = CARTESIAN_POINT('',(3.,64.5));
#5472 = CARTESIAN_POINT('',(-2.196152422707,64.5));
#5473 = CARTESIAN_POINT('',(0.401923788647,69.));
#5474 = CARTESIAN_POINT('',(3.,73.5));
#5475 = CARTESIAN_POINT('',(5.598076211353,69.));
#5476 = CARTESIAN_POINT('',(8.196152422707,64.5));
#5477 = CARTESIAN_POINT('',(3.,64.5));
#5478 = ( GEOMETRIC_REPRESENTATION_CONTEXT(2) 
PARAMETRIC_REPRESENTATION_CONTEXT() REPRESENTATION_CONTEXT('2D SPACE',''
  ) );
#5479 = ORIENTED_EDGE('',*,*,#5480,.T.);
#5480 = EDGE_CURVE('',#5453,#4806,#5481,.T.);
#5481 = SURFACE_CURVE('',#5482,(#5486,#5493),.PCURVE_S1.);
#5482 = LINE('',#5483,#5484);
#5483 = CARTESIAN_POINT('',(-32.,16.788582233138,83.83021279348));
#5484 = VECTOR('',#5485,1.);
#5485 = DIRECTION('',(0.,-0.707106781187,0.707106781187));
#5486 = PCURVE('',#4647,#5487);
#5487 = DEFINITIONAL_REPRESENTATION('',(#5488),#5492);
#5488 = LINE('',#5489,#5490);
#5489 = CARTESIAN_POINT('',(-1.570796326795,0.));
#5490 = VECTOR('',#5491,1.);
#5491 = DIRECTION('',(-0.,1.));
#5492 = ( GEOMETRIC_REPRESENTATION_CONTEXT(2) 
PARAMETRIC_REPRESENTATION_CONTEXT() REPRESENTATION_CONTEXT('2D SPACE',''
  ) );
#5493 = PCURVE('',#4821,#5494);
#5494 = DEFINITIONAL_REPRESENTATION('',(#5495),#5499);
#5495 = LINE('',#5496,#5497);
#5496 = CARTESIAN_POINT('',(0.,3.));
#5497 = VECTOR('',#5498,1.);
#5498 = DIRECTION('',(1.,0.));
#5499 = ( GEOMETRIC_REPRESENTATION_CONTEXT(2) 
PARAMETRIC_REPRESENTATION_CONTEXT() REPRESENTATION_CONTEXT('2D SPACE',''
  ) );
#5500 = ORIENTED_EDGE('',*,*,#4833,.F.);
#5501 = ORIENTED_EDGE('',*,*,#4633,.F.);
#5502 = ADVANCED_FACE('',(#5503,#5627,#5657,#5687,#5781,#5811,#6041,
    #6071,#6101),#4621,.F.);
#5503 = FACE_BOUND('',#5504,.F.);
#5504 = EDGE_LOOP('',(#5505,#5506,#5507,#5530,#5558,#5581,#5605,#5626));
#5505 = ORIENTED_EDGE('',*,*,#4605,.F.);
#5506 = ORIENTED_EDGE('',*,*,#5402,.T.);
#5507 = ORIENTED_EDGE('',*,*,#5508,.T.);
#5508 = EDGE_CURVE('',#5403,#5509,#5511,.T.);
#5509 = VERTEX_POINT('',#5510);
#5510 = CARTESIAN_POINT('',(32.,-33.06244584051,33.979184719829));
#5511 = SURFACE_CURVE('',#5512,(#5516,#5523),.PCURVE_S1.);
#5512 = LINE('',#5513,#5514);
#5513 = CARTESIAN_POINT('',(-35.,-33.06244584051,33.979184719829));
#5514 = VECTOR('',#5515,1.);
#5515 = DIRECTION('',(1.,0.,0.));
#5516 = PCURVE('',#4621,#5517);
#5517 = DEFINITIONAL_REPRESENTATION('',(#5518),#5522);
#5518 = LINE('',#5519,#5520);
#5519 = CARTESIAN_POINT('',(0.,0.));
#5520 = VECTOR('',#5521,1.);
#5521 = DIRECTION('',(1.,0.));
#5522 = ( GEOMETRIC_REPRESENTATION_CONTEXT(2) 
PARAMETRIC_REPRESENTATION_CONTEXT() REPRESENTATION_CONTEXT('2D SPACE',''
  ) );
#5523 = PCURVE('',#4703,#5524);
#5524 = DEFINITIONAL_REPRESENTATION('',(#5525),#5529);
#5525 = LINE('',#5526,#5527);
#5526 = CARTESIAN_POINT('',(0.,0.));
#5527 = VECTOR('',#5528,1.);
#5528 = DIRECTION('',(0.,1.));
#5529 = ( GEOMETRIC_REPRESENTATION_CONTEXT(2) 
PARAMETRIC_REPRESENTATION_CONTEXT() REPRESENTATION_CONTEXT('2D SPACE',''
  ) );
#5530 = ORIENTED_EDGE('',*,*,#5531,.F.);
#5531 = EDGE_CURVE('',#5532,#5509,#5534,.T.);
#5532 = VERTEX_POINT('',#5533);
#5533 = CARTESIAN_POINT('',(35.,-30.94112549695,36.100505063388));
#5534 = SURFACE_CURVE('',#5535,(#5540,#5551),.PCURVE_S1.);
#5535 = CIRCLE('',#5536,3.);
#5536 = AXIS2_PLACEMENT_3D('',#5537,#5538,#5539);
#5537 = CARTESIAN_POINT('',(32.,-30.94112549695,36.100505063388));
#5538 = DIRECTION('',(0.,0.707106781187,-0.707106781187));
#5539 = DIRECTION('',(0.,-0.707106781187,-0.707106781187));
#5540 = PCURVE('',#4621,#5541);
#5541 = DEFINITIONAL_REPRESENTATION('',(#5542),#5550);
#5542 = ( BOUNDED_CURVE() B_SPLINE_CURVE(2,(#5543,#5544,#5545,#5546,
#5547,#5548,#5549),.UNSPECIFIED.,.T.,.F.) B_SPLINE_CURVE_WITH_KNOTS((1,2
    ,2,2,2,1),(-2.094395102393,0.,2.094395102393,4.188790204786,
6.28318530718,8.377580409573),.UNSPECIFIED.) CURVE() 
GEOMETRIC_REPRESENTATION_ITEM() RATIONAL_B_SPLINE_CURVE((1.,0.5,1.,0.5,
1.,0.5,1.)) REPRESENTATION_ITEM('') );
#5543 = CARTESIAN_POINT('',(67.,-5.329070518201E-15));
#5544 = CARTESIAN_POINT('',(61.803847577293,-5.329070518201E-15));
#5545 = CARTESIAN_POINT('',(64.401923788647,4.5));
#5546 = CARTESIAN_POINT('',(67.,9.));
#5547 = CARTESIAN_POINT('',(69.598076211353,4.5));
#5548 = CARTESIAN_POINT('',(72.196152422707,-4.440892098501E-16));
#5549 = CARTESIAN_POINT('',(67.,-5.329070518201E-15));
#5550 = ( GEOMETRIC_REPRESENTATION_CONTEXT(2) 
PARAMETRIC_REPRESENTATION_CONTEXT() REPRESENTATION_CONTEXT('2D SPACE',''
  ) );
#5551 = PCURVE('',#4736,#5552);
#5552 = DEFINITIONAL_REPRESENTATION('',(#5553),#5557);
#5553 = LINE('',#5554,#5555);
#5554 = CARTESIAN_POINT('',(4.712388980385,-0.));
#5555 = VECTOR('',#5556,1.);
#5556 = DIRECTION('',(-1.,0.));
#5557 = ( GEOMETRIC_REPRESENTATION_CONTEXT(2) 
PARAMETRIC_REPRESENTATION_CONTEXT() REPRESENTATION_CONTEXT('2D SPACE',''
  ) );
#5558 = ORIENTED_EDGE('',*,*,#5559,.T.);
#5559 = EDGE_CURVE('',#5532,#5560,#5562,.T.);
#5560 = VERTEX_POINT('',#5561);
#5561 = CARTESIAN_POINT('',(35.,14.667261889578,81.708892449921));
#5562 = SURFACE_CURVE('',#5563,(#5567,#5574),.PCURVE_S1.);
#5563 = LINE('',#5564,#5565);
#5564 = CARTESIAN_POINT('',(35.,-33.06244584051,33.979184719829));
#5565 = VECTOR('',#5566,1.);
#5566 = DIRECTION('',(0.,0.707106781187,0.707106781187));
#5567 = PCURVE('',#4621,#5568);
#5568 = DEFINITIONAL_REPRESENTATION('',(#5569),#5573);
#5569 = LINE('',#5570,#5571);
#5570 = CARTESIAN_POINT('',(70.,0.));
#5571 = VECTOR('',#5572,1.);
#5572 = DIRECTION('',(0.,1.));
#5573 = ( GEOMETRIC_REPRESENTATION_CONTEXT(2) 
PARAMETRIC_REPRESENTATION_CONTEXT() REPRESENTATION_CONTEXT('2D SPACE',''
  ) );
#5574 = PCURVE('',#4764,#5575);
#5575 = DEFINITIONAL_REPRESENTATION('',(#5576),#5580);
#5576 = LINE('',#5577,#5578);
#5577 = CARTESIAN_POINT('',(0.,0.));
#5578 = VECTOR('',#5579,1.);
#5579 = DIRECTION('',(0.,-1.));
#5580 = ( GEOMETRIC_REPRESENTATION_CONTEXT(2) 
PARAMETRIC_REPRESENTATION_CONTEXT() REPRESENTATION_CONTEXT('2D SPACE',''
  ) );
#5581 = ORIENTED_EDGE('',*,*,#5582,.T.);
#5582 = EDGE_CURVE('',#5560,#5583,#5585,.T.);
#5583 = VERTEX_POINT('',#5584);
#5584 = CARTESIAN_POINT('',(32.,16.788582233138,83.83021279348));
#5585 = SURFACE_CURVE('',#5586,(#5591,#5598),.PCURVE_S1.);
#5586 = CIRCLE('',#5587,3.);
#5587 = AXIS2_PLACEMENT_3D('',#5588,#5589,#5590);
#5588 = CARTESIAN_POINT('',(32.,14.667261889578,81.708892449921));
#5589 = DIRECTION('',(0.,-0.707106781187,0.707106781187));
#5590 = DIRECTION('',(0.,-0.707106781187,-0.707106781187));
#5591 = PCURVE('',#4621,#5592);
#5592 = DEFINITIONAL_REPRESENTATION('',(#5593),#5597);
#5593 = CIRCLE('',#5594,3.);
#5594 = AXIS2_PLACEMENT_2D('',#5595,#5596);
#5595 = CARTESIAN_POINT('',(67.,67.5));
#5596 = DIRECTION('',(0.,-1.));
#5597 = ( GEOMETRIC_REPRESENTATION_CONTEXT(2) 
PARAMETRIC_REPRESENTATION_CONTEXT() REPRESENTATION_CONTEXT('2D SPACE',''
  ) );
#5598 = PCURVE('',#4793,#5599);
#5599 = DEFINITIONAL_REPRESENTATION('',(#5600),#5604);
#5600 = LINE('',#5601,#5602);
#5601 = CARTESIAN_POINT('',(-1.570796326795,0.));
#5602 = VECTOR('',#5603,1.);
#5603 = DIRECTION('',(1.,0.));
#5604 = ( GEOMETRIC_REPRESENTATION_CONTEXT(2) 
PARAMETRIC_REPRESENTATION_CONTEXT() REPRESENTATION_CONTEXT('2D SPACE',''
  ) );
#5605 = ORIENTED_EDGE('',*,*,#5606,.F.);
#5606 = EDGE_CURVE('',#5453,#5583,#5607,.T.);
#5607 = SURFACE_CURVE('',#5608,(#5612,#5619),.PCURVE_S1.);
#5608 = LINE('',#5609,#5610);
#5609 = CARTESIAN_POINT('',(-35.,16.788582233138,83.83021279348));
#5610 = VECTOR('',#5611,1.);
#5611 = DIRECTION('',(1.,0.,0.));
#5612 = PCURVE('',#4621,#5613);
#5613 = DEFINITIONAL_REPRESENTATION('',(#5614),#5618);
#5614 = LINE('',#5615,#5616);
#5615 = CARTESIAN_POINT('',(0.,70.5));
#5616 = VECTOR('',#5617,1.);
#5617 = DIRECTION('',(1.,0.));
#5618 = ( GEOMETRIC_REPRESENTATION_CONTEXT(2) 
PARAMETRIC_REPRESENTATION_CONTEXT() REPRESENTATION_CONTEXT('2D SPACE',''
  ) );
#5619 = PCURVE('',#4821,#5620);
#5620 = DEFINITIONAL_REPRESENTATION('',(#5621),#5625);
#5621 = LINE('',#5622,#5623);
#5622 = CARTESIAN_POINT('',(0.,0.));
#5623 = VECTOR('',#5624,1.);
#5624 = DIRECTION('',(0.,1.));
#5625 = ( GEOMETRIC_REPRESENTATION_CONTEXT(2) 
PARAMETRIC_REPRESENTATION_CONTEXT() REPRESENTATION_CONTEXT('2D SPACE',''
  ) );
#5626 = ORIENTED_EDGE('',*,*,#5452,.F.);
#5627 = FACE_BOUND('',#5628,.F.);
#5628 = EDGE_LOOP('',(#5629));
#5629 = ORIENTED_EDGE('',*,*,#5630,.T.);
#5630 = EDGE_CURVE('',#5631,#5631,#5633,.T.);
#5631 = VERTEX_POINT('',#5632);
#5632 = CARTESIAN_POINT('',(-30.3,-30.58757210636,36.454058453982));
#5633 = SURFACE_CURVE('',#5634,(#5639,#5650),.PCURVE_S1.);
#5634 = CIRCLE('',#5635,1.2);
#5635 = AXIS2_PLACEMENT_3D('',#5636,#5637,#5638);
#5636 = CARTESIAN_POINT('',(-31.5,-30.58757210636,36.454058453982));
#5637 = DIRECTION('',(0.,0.707106781187,-0.707106781187));
#5638 = DIRECTION('',(1.,0.,0.));
#5639 = PCURVE('',#4621,#5640);
#5640 = DEFINITIONAL_REPRESENTATION('',(#5641),#5649);
#5641 = ( BOUNDED_CURVE() B_SPLINE_CURVE(2,(#5642,#5643,#5644,#5645,
#5646,#5647,#5648),.UNSPECIFIED.,.T.,.F.) B_SPLINE_CURVE_WITH_KNOTS((1,2
    ,2,2,2,1),(-2.094395102393,0.,2.094395102393,4.188790204786,
6.28318530718,8.377580409573),.UNSPECIFIED.) CURVE() 
GEOMETRIC_REPRESENTATION_ITEM() RATIONAL_B_SPLINE_CURVE((1.,0.5,1.,0.5,
1.,0.5,1.)) REPRESENTATION_ITEM('') );
#5642 = CARTESIAN_POINT('',(4.7,3.5));
#5643 = CARTESIAN_POINT('',(4.7,1.421539030917));
#5644 = CARTESIAN_POINT('',(2.9,2.460769515459));
#5645 = CARTESIAN_POINT('',(1.1,3.5));
#5646 = CARTESIAN_POINT('',(2.9,4.539230484541));
#5647 = CARTESIAN_POINT('',(4.7,5.578460969083));
#5648 = CARTESIAN_POINT('',(4.7,3.5));
#5649 = ( GEOMETRIC_REPRESENTATION_CONTEXT(2) 
PARAMETRIC_REPRESENTATION_CONTEXT() REPRESENTATION_CONTEXT('2D SPACE',''
  ) );
#5650 = PCURVE('',#4882,#5651);
#5651 = DEFINITIONAL_REPRESENTATION('',(#5652),#5656);
#5652 = LINE('',#5653,#5654);
#5653 = CARTESIAN_POINT('',(-6.28318530718,-1.));
#5654 = VECTOR('',#5655,1.);
#5655 = DIRECTION('',(1.,-0.));
#5656 = ( GEOMETRIC_REPRESENTATION_CONTEXT(2) 
PARAMETRIC_REPRESENTATION_CONTEXT() REPRESENTATION_CONTEXT('2D SPACE',''
  ) );
#5657 = FACE_BOUND('',#5658,.F.);
#5658 = EDGE_LOOP('',(#5659));
#5659 = ORIENTED_EDGE('',*,*,#5660,.T.);
#5660 = EDGE_CURVE('',#5661,#5661,#5663,.T.);
#5661 = VERTEX_POINT('',#5662);
#5662 = CARTESIAN_POINT('',(32.7,-30.58757210636,36.454058453982));
#5663 = SURFACE_CURVE('',#5664,(#5669,#5680),.PCURVE_S1.);
#5664 = CIRCLE('',#5665,1.2);
#5665 = AXIS2_PLACEMENT_3D('',#5666,#5667,#5668);
#5666 = CARTESIAN_POINT('',(31.5,-30.58757210636,36.454058453982));
#5667 = DIRECTION('',(0.,0.707106781187,-0.707106781187));
#5668 = DIRECTION('',(1.,0.,0.));
#5669 = PCURVE('',#4621,#5670);
#5670 = DEFINITIONAL_REPRESENTATION('',(#5671),#5679);
#5671 = ( BOUNDED_CURVE() B_SPLINE_CURVE(2,(#5672,#5673,#5674,#5675,
#5676,#5677,#5678),.UNSPECIFIED.,.T.,.F.) B_SPLINE_CURVE_WITH_KNOTS((1,2
    ,2,2,2,1),(-2.094395102393,0.,2.094395102393,4.188790204786,
6.28318530718,8.377580409573),.UNSPECIFIED.) CURVE() 
GEOMETRIC_REPRESENTATION_ITEM() RATIONAL_B_SPLINE_CURVE((1.,0.5,1.,0.5,
1.,0.5,1.)) REPRESENTATION_ITEM('') );
#5672 = CARTESIAN_POINT('',(67.7,3.5));
#5673 = CARTESIAN_POINT('',(67.7,1.421539030917));
#5674 = CARTESIAN_POINT('',(65.9,2.460769515459));
#5675 = CARTESIAN_POINT('',(64.1,3.5));
#5676 = CARTESIAN_POINT('',(65.9,4.539230484541));
#5677 = CARTESIAN_POINT('',(67.7,5.578460969083));
#5678 = CARTESIAN_POINT('',(67.7,3.5));
#5679 = ( GEOMETRIC_REPRESENTATION_CONTEXT(2) 
PARAMETRIC_REPRESENTATION_CONTEXT() REPRESENTATION_CONTEXT('2D SPACE',''
  ) );
#5680 = PCURVE('',#5031,#5681);
#5681 = DEFINITIONAL_REPRESENTATION('',(#5682),#5686);
#5682 = LINE('',#5683,#5684);
#5683 = CARTESIAN_POINT('',(-6.28318530718,-1.));
#5684 = VECTOR('',#5685,1.);
#5685 = DIRECTION('',(1.,-0.));
#5686 = ( GEOMETRIC_REPRESENTATION_CONTEXT(2) 
PARAMETRIC_REPRESENTATION_CONTEXT() REPRESENTATION_CONTEXT('2D SPACE',''
  ) );
#5687 = FACE_BOUND('',#5688,.F.);
#5688 = EDGE_LOOP('',(#5689,#5714,#5737,#5760));
#5689 = ORIENTED_EDGE('',*,*,#5690,.T.);
#5690 = EDGE_CURVE('',#5691,#5693,#5695,.T.);
#5691 = VERTEX_POINT('',#5692);
#5692 = CARTESIAN_POINT('',(23.8,-26.41564209736,40.625988462982));
#5693 = VERTEX_POINT('',#5694);
#5694 = CARTESIAN_POINT('',(20.6,-26.41564209736,40.625988462982));
#5695 = SURFACE_CURVE('',#5696,(#5700,#5707),.PCURVE_S1.);
#5696 = LINE('',#5697,#5698);
#5697 = CARTESIAN_POINT('',(-7.2,-26.41564209736,40.625988462982));
#5698 = VECTOR('',#5699,1.);
#5699 = DIRECTION('',(-1.,0.,0.));
#5700 = PCURVE('',#4621,#5701);
#5701 = DEFINITIONAL_REPRESENTATION('',(#5702),#5706);
#5702 = LINE('',#5703,#5704);
#5703 = CARTESIAN_POINT('',(27.8,9.4));
#5704 = VECTOR('',#5705,1.);
#5705 = DIRECTION('',(-1.,0.));
#5706 = ( GEOMETRIC_REPRESENTATION_CONTEXT(2) 
PARAMETRIC_REPRESENTATION_CONTEXT() REPRESENTATION_CONTEXT('2D SPACE',''
  ) );
#5707 = PCURVE('',#5063,#5708);
#5708 = DEFINITIONAL_REPRESENTATION('',(#5709),#5713);
#5709 = LINE('',#5710,#5711);
#5710 = CARTESIAN_POINT('',(1.,-27.8));
#5711 = VECTOR('',#5712,1.);
#5712 = DIRECTION('',(0.,-1.));
#5713 = ( GEOMETRIC_REPRESENTATION_CONTEXT(2) 
PARAMETRIC_REPRESENTATION_CONTEXT() REPRESENTATION_CONTEXT('2D SPACE',''
  ) );
#5714 = ORIENTED_EDGE('',*,*,#5715,.T.);
#5715 = EDGE_CURVE('',#5693,#5716,#5718,.T.);
#5716 = VERTEX_POINT('',#5717);
#5717 = CARTESIAN_POINT('',(20.6,-18.49604614807,48.545584412272));
#5718 = SURFACE_CURVE('',#5719,(#5723,#5730),.PCURVE_S1.);
#5719 = LINE('',#5720,#5721);
#5720 = CARTESIAN_POINT('',(20.6,-29.73904396893,37.302586591405));
#5721 = VECTOR('',#5722,1.);
#5722 = DIRECTION('',(0.,0.707106781187,0.707106781187));
#5723 = PCURVE('',#4621,#5724);
#5724 = DEFINITIONAL_REPRESENTATION('',(#5725),#5729);
#5725 = LINE('',#5726,#5727);
#5726 = CARTESIAN_POINT('',(55.6,4.7));
#5727 = VECTOR('',#5728,1.);
#5728 = DIRECTION('',(0.,1.));
#5729 = ( GEOMETRIC_REPRESENTATION_CONTEXT(2) 
PARAMETRIC_REPRESENTATION_CONTEXT() REPRESENTATION_CONTEXT('2D SPACE',''
  ) );
#5730 = PCURVE('',#5091,#5731);
#5731 = DEFINITIONAL_REPRESENTATION('',(#5732),#5736);
#5732 = LINE('',#5733,#5734);
#5733 = CARTESIAN_POINT('',(1.,4.7));
#5734 = VECTOR('',#5735,1.);
#5735 = DIRECTION('',(0.,-1.));
#5736 = ( GEOMETRIC_REPRESENTATION_CONTEXT(2) 
PARAMETRIC_REPRESENTATION_CONTEXT() REPRESENTATION_CONTEXT('2D SPACE',''
  ) );
#5737 = ORIENTED_EDGE('',*,*,#5738,.F.);
#5738 = EDGE_CURVE('',#5739,#5716,#5741,.T.);
#5739 = VERTEX_POINT('',#5740);
#5740 = CARTESIAN_POINT('',(23.8,-18.49604614807,48.545584412272));
#5741 = SURFACE_CURVE('',#5742,(#5746,#5753),.PCURVE_S1.);
#5742 = LINE('',#5743,#5744);
#5743 = CARTESIAN_POINT('',(-7.2,-18.49604614807,48.545584412272));
#5744 = VECTOR('',#5745,1.);
#5745 = DIRECTION('',(-1.,0.,0.));
#5746 = PCURVE('',#4621,#5747);
#5747 = DEFINITIONAL_REPRESENTATION('',(#5748),#5752);
#5748 = LINE('',#5749,#5750);
#5749 = CARTESIAN_POINT('',(27.8,20.6));
#5750 = VECTOR('',#5751,1.);
#5751 = DIRECTION('',(-1.,0.));
#5752 = ( GEOMETRIC_REPRESENTATION_CONTEXT(2) 
PARAMETRIC_REPRESENTATION_CONTEXT() REPRESENTATION_CONTEXT('2D SPACE',''
  ) );
#5753 = PCURVE('',#5119,#5754);
#5754 = DEFINITIONAL_REPRESENTATION('',(#5755),#5759);
#5755 = LINE('',#5756,#5757);
#5756 = CARTESIAN_POINT('',(1.,-27.8));
#5757 = VECTOR('',#5758,1.);
#5758 = DIRECTION('',(0.,-1.));
#5759 = ( GEOMETRIC_REPRESENTATION_CONTEXT(2) 
PARAMETRIC_REPRESENTATION_CONTEXT() REPRESENTATION_CONTEXT('2D SPACE',''
  ) );
#5760 = ORIENTED_EDGE('',*,*,#5761,.F.);
#5761 = EDGE_CURVE('',#5691,#5739,#5762,.T.);
#5762 = SURFACE_CURVE('',#5763,(#5767,#5774),.PCURVE_S1.);
#5763 = LINE('',#5764,#5765);
#5764 = CARTESIAN_POINT('',(23.8,-29.73904396893,37.302586591405));
#5765 = VECTOR('',#5766,1.);
#5766 = DIRECTION('',(0.,0.707106781187,0.707106781187));
#5767 = PCURVE('',#4621,#5768);
#5768 = DEFINITIONAL_REPRESENTATION('',(#5769),#5773);
#5769 = LINE('',#5770,#5771);
#5770 = CARTESIAN_POINT('',(58.8,4.7));
#5771 = VECTOR('',#5772,1.);
#5772 = DIRECTION('',(0.,1.));
#5773 = ( GEOMETRIC_REPRESENTATION_CONTEXT(2) 
PARAMETRIC_REPRESENTATION_CONTEXT() REPRESENTATION_CONTEXT('2D SPACE',''
  ) );
#5774 = PCURVE('',#5145,#5775);
#5775 = DEFINITIONAL_REPRESENTATION('',(#5776),#5780);
#5776 = LINE('',#5777,#5778);
#5777 = CARTESIAN_POINT('',(1.,4.7));
#5778 = VECTOR('',#5779,1.);
#5779 = DIRECTION('',(0.,-1.));
#5780 = ( GEOMETRIC_REPRESENTATION_CONTEXT(2) 
PARAMETRIC_REPRESENTATION_CONTEXT() REPRESENTATION_CONTEXT('2D SPACE',''
  ) );
#5781 = FACE_BOUND('',#5782,.F.);
#5782 = EDGE_LOOP('',(#5783));
#5783 = ORIENTED_EDGE('',*,*,#5784,.T.);
#5784 = EDGE_CURVE('',#5785,#5785,#5787,.T.);
#5785 = VERTEX_POINT('',#5786);
#5786 = CARTESIAN_POINT('',(3.2,-9.727922061358,57.313708498985));
#5787 = SURFACE_CURVE('',#5788,(#5793,#5804),.PCURVE_S1.);
#5788 = CIRCLE('',#5789,1.2);
#5789 = AXIS2_PLACEMENT_3D('',#5790,#5791,#5792);
#5790 = CARTESIAN_POINT('',(2.,-9.727922061358,57.313708498985));
#5791 = DIRECTION('',(0.,0.707106781187,-0.707106781187));
#5792 = DIRECTION('',(1.,0.,0.));
#5793 = PCURVE('',#4621,#5794);
#5794 = DEFINITIONAL_REPRESENTATION('',(#5795),#5803);
#5795 = ( BOUNDED_CURVE() B_SPLINE_CURVE(2,(#5796,#5797,#5798,#5799,
#5800,#5801,#5802),.UNSPECIFIED.,.T.,.F.) B_SPLINE_CURVE_WITH_KNOTS((1,2
    ,2,2,2,1),(-2.094395102393,0.,2.094395102393,4.188790204786,
6.28318530718,8.377580409573),.UNSPECIFIED.) CURVE() 
GEOMETRIC_REPRESENTATION_ITEM() RATIONAL_B_SPLINE_CURVE((1.,0.5,1.,0.5,
1.,0.5,1.)) REPRESENTATION_ITEM('') );
#5796 = CARTESIAN_POINT('',(38.2,33.));
#5797 = CARTESIAN_POINT('',(38.2,30.921539030917));
#5798 = CARTESIAN_POINT('',(36.4,31.960769515459));
#5799 = CARTESIAN_POINT('',(34.6,33.));
#5800 = CARTESIAN_POINT('',(36.4,34.039230484541));
#5801 = CARTESIAN_POINT('',(38.2,35.078460969083));
#5802 = CARTESIAN_POINT('',(38.2,33.));
#5803 = ( GEOMETRIC_REPRESENTATION_CONTEXT(2) 
PARAMETRIC_REPRESENTATION_CONTEXT() REPRESENTATION_CONTEXT('2D SPACE',''
  ) );
#5804 = PCURVE('',#5180,#5805);
#5805 = DEFINITIONAL_REPRESENTATION('',(#5806),#5810);
#5806 = LINE('',#5807,#5808);
#5807 = CARTESIAN_POINT('',(-6.28318530718,-1.));
#5808 = VECTOR('',#5809,1.);
#5809 = DIRECTION('',(1.,-0.));
#5810 = ( GEOMETRIC_REPRESENTATION_CONTEXT(2) 
PARAMETRIC_REPRESENTATION_CONTEXT() REPRESENTATION_CONTEXT('2D SPACE',''
  ) );
#5811 = FACE_BOUND('',#5812,.F.);
#5812 = EDGE_LOOP('',(#5813,#5844,#5872,#5901,#5929,#5958,#5986,#6015));
#5813 = ORIENTED_EDGE('',*,*,#5814,.F.);
#5814 = EDGE_CURVE('',#5815,#5817,#5819,.T.);
#5815 = VERTEX_POINT('',#5816);
#5816 = CARTESIAN_POINT('',(-7.015,-11.51690221776,55.524728342583));
#5817 = VERTEX_POINT('',#5818);
#5818 = CARTESIAN_POINT('',(-2.415,-8.264211024302,58.777419536041));
#5819 = SURFACE_CURVE('',#5820,(#5825,#5832),.PCURVE_S1.);
#5820 = CIRCLE('',#5821,4.6);
#5821 = AXIS2_PLACEMENT_3D('',#5822,#5823,#5824);
#5822 = CARTESIAN_POINT('',(-7.015,-8.264211024302,58.777419536041));
#5823 = DIRECTION('',(0.,-0.707106781187,0.707106781187));
#5824 = DIRECTION('',(0.,-0.707106781187,-0.707106781187));
#5825 = PCURVE('',#4621,#5826);
#5826 = DEFINITIONAL_REPRESENTATION('',(#5827),#5831);
#5827 = CIRCLE('',#5828,4.6);
#5828 = AXIS2_PLACEMENT_2D('',#5829,#5830);
#5829 = CARTESIAN_POINT('',(27.985,35.07));
#5830 = DIRECTION('',(0.,-1.));
#5831 = ( GEOMETRIC_REPRESENTATION_CONTEXT(2) 
PARAMETRIC_REPRESENTATION_CONTEXT() REPRESENTATION_CONTEXT('2D SPACE',''
  ) );
#5832 = PCURVE('',#5833,#5838);
#5833 = CYLINDRICAL_SURFACE('',#5834,4.6);
#5834 = AXIS2_PLACEMENT_3D('',#5835,#5836,#5837);
#5835 = CARTESIAN_POINT('',(-7.015,-7.910657633708,58.423866145448));
#5836 = DIRECTION('',(0.,-0.707106781187,0.707106781187));
#5837 = DIRECTION('',(0.,-0.707106781187,-0.707106781187));
#5838 = DEFINITIONAL_REPRESENTATION('',(#5839),#5843);
#5839 = LINE('',#5840,#5841);
#5840 = CARTESIAN_POINT('',(0.,0.5));
#5841 = VECTOR('',#5842,1.);
#5842 = DIRECTION('',(1.,0.));
#5843 = ( GEOMETRIC_REPRESENTATION_CONTEXT(2) 
PARAMETRIC_REPRESENTATION_CONTEXT() REPRESENTATION_CONTEXT('2D SPACE',''
  ) );
#5844 = ORIENTED_EDGE('',*,*,#5845,.T.);
#5845 = EDGE_CURVE('',#5815,#5846,#5848,.T.);
#5846 = VERTEX_POINT('',#5847);
#5847 = CARTESIAN_POINT('',(-26.985,-11.51690221776,55.524728342583));
#5848 = SURFACE_CURVE('',#5849,(#5853,#5860),.PCURVE_S1.);
#5849 = LINE('',#5850,#5851);
#5850 = CARTESIAN_POINT('',(-33.2925,-11.51690221776,55.524728342583));
#5851 = VECTOR('',#5852,1.);
#5852 = DIRECTION('',(-1.,0.,0.));
#5853 = PCURVE('',#4621,#5854);
#5854 = DEFINITIONAL_REPRESENTATION('',(#5855),#5859);
#5855 = LINE('',#5856,#5857);
#5856 = CARTESIAN_POINT('',(1.7075,30.47));
#5857 = VECTOR('',#5858,1.);
#5858 = DIRECTION('',(-1.,0.));
#5859 = ( GEOMETRIC_REPRESENTATION_CONTEXT(2) 
PARAMETRIC_REPRESENTATION_CONTEXT() REPRESENTATION_CONTEXT('2D SPACE',''
  ) );
#5860 = PCURVE('',#5861,#5866);
#5861 = PLANE('',#5862);
#5862 = AXIS2_PLACEMENT_3D('',#5863,#5864,#5865);
#5863 = CARTESIAN_POINT('',(-31.585,-11.16334882716,55.17117495199));
#5864 = DIRECTION('',(0.,0.707106781187,0.707106781187));
#5865 = DIRECTION('',(1.,0.,0.));
#5866 = DEFINITIONAL_REPRESENTATION('',(#5867),#5871);
#5867 = LINE('',#5868,#5869);
#5868 = CARTESIAN_POINT('',(-1.7075,-0.5));
#5869 = VECTOR('',#5870,1.);
#5870 = DIRECTION('',(-1.,0.));
#5871 = ( GEOMETRIC_REPRESENTATION_CONTEXT(2) 
PARAMETRIC_REPRESENTATION_CONTEXT() REPRESENTATION_CONTEXT('2D SPACE',''
  ) );
#5872 = ORIENTED_EDGE('',*,*,#5873,.F.);
#5873 = EDGE_CURVE('',#5874,#5846,#5876,.T.);
#5874 = VERTEX_POINT('',#5875);
#5875 = CARTESIAN_POINT('',(-31.585,-8.264211024302,58.777419536041));
#5876 = SURFACE_CURVE('',#5877,(#5882,#5889),.PCURVE_S1.);
#5877 = CIRCLE('',#5878,4.6);
#5878 = AXIS2_PLACEMENT_3D('',#5879,#5880,#5881);
#5879 = CARTESIAN_POINT('',(-26.985,-8.264211024302,58.777419536041));
#5880 = DIRECTION('',(0.,-0.707106781187,0.707106781187));
#5881 = DIRECTION('',(0.,-0.707106781187,-0.707106781187));
#5882 = PCURVE('',#4621,#5883);
#5883 = DEFINITIONAL_REPRESENTATION('',(#5884),#5888);
#5884 = CIRCLE('',#5885,4.6);
#5885 = AXIS2_PLACEMENT_2D('',#5886,#5887);
#5886 = CARTESIAN_POINT('',(8.015,35.07));
#5887 = DIRECTION('',(0.,-1.));
#5888 = ( GEOMETRIC_REPRESENTATION_CONTEXT(2) 
PARAMETRIC_REPRESENTATION_CONTEXT() REPRESENTATION_CONTEXT('2D SPACE',''
  ) );
#5889 = PCURVE('',#5890,#5895);
#5890 = CYLINDRICAL_SURFACE('',#5891,4.6);
#5891 = AXIS2_PLACEMENT_3D('',#5892,#5893,#5894);
#5892 = CARTESIAN_POINT('',(-26.985,-7.910657633708,58.423866145448));
#5893 = DIRECTION('',(0.,-0.707106781187,0.707106781187));
#5894 = DIRECTION('',(0.,-0.707106781187,-0.707106781187));
#5895 = DEFINITIONAL_REPRESENTATION('',(#5896),#5900);
#5896 = LINE('',#5897,#5898);
#5897 = CARTESIAN_POINT('',(-6.28318530718,0.5));
#5898 = VECTOR('',#5899,1.);
#5899 = DIRECTION('',(1.,-0.));
#5900 = ( GEOMETRIC_REPRESENTATION_CONTEXT(2) 
PARAMETRIC_REPRESENTATION_CONTEXT() REPRESENTATION_CONTEXT('2D SPACE',''
  ) );
#5901 = ORIENTED_EDGE('',*,*,#5902,.T.);
#5902 = EDGE_CURVE('',#5874,#5903,#5905,.T.);
#5903 = VERTEX_POINT('',#5904);
#5904 = CARTESIAN_POINT('',(-31.585,9.151828996323,76.193459556666));
#5905 = SURFACE_CURVE('',#5906,(#5910,#5917),.PCURVE_S1.);
#5906 = LINE('',#5907,#5908);
#5907 = CARTESIAN_POINT('',(-31.585,-10.32896282536,56.712667734976));
#5908 = VECTOR('',#5909,1.);
#5909 = DIRECTION('',(0.,0.707106781187,0.707106781187));
#5910 = PCURVE('',#4621,#5911);
#5911 = DEFINITIONAL_REPRESENTATION('',(#5912),#5916);
#5912 = LINE('',#5913,#5914);
#5913 = CARTESIAN_POINT('',(3.415,32.15));
#5914 = VECTOR('',#5915,1.);
#5915 = DIRECTION('',(0.,1.));
#5916 = ( GEOMETRIC_REPRESENTATION_CONTEXT(2) 
PARAMETRIC_REPRESENTATION_CONTEXT() REPRESENTATION_CONTEXT('2D SPACE',''
  ) );
#5917 = PCURVE('',#5918,#5923);
#5918 = PLANE('',#5919);
#5919 = AXIS2_PLACEMENT_3D('',#5920,#5921,#5922);
#5920 = CARTESIAN_POINT('',(-31.585,12.758073580374,79.09259735953));
#5921 = DIRECTION('',(1.,0.,0.));
#5922 = DIRECTION('',(0.,-0.707106781187,-0.707106781187));
#5923 = DEFINITIONAL_REPRESENTATION('',(#5924),#5928);
#5924 = LINE('',#5925,#5926);
#5925 = CARTESIAN_POINT('',(32.15,-0.5));
#5926 = VECTOR('',#5927,1.);
#5927 = DIRECTION('',(-1.,0.));
#5928 = ( GEOMETRIC_REPRESENTATION_CONTEXT(2) 
PARAMETRIC_REPRESENTATION_CONTEXT() REPRESENTATION_CONTEXT('2D SPACE',''
  ) );
#5929 = ORIENTED_EDGE('',*,*,#5930,.F.);
#5930 = EDGE_CURVE('',#5931,#5903,#5933,.T.);
#5931 = VERTEX_POINT('',#5932);
#5932 = CARTESIAN_POINT('',(-26.985,12.404520189781,79.446150750124));
#5933 = SURFACE_CURVE('',#5934,(#5939,#5946),.PCURVE_S1.);
#5934 = CIRCLE('',#5935,4.6);
#5935 = AXIS2_PLACEMENT_3D('',#5936,#5937,#5938);
#5936 = CARTESIAN_POINT('',(-26.985,9.151828996323,76.193459556666));
#5937 = DIRECTION('',(0.,-0.707106781187,0.707106781187));
#5938 = DIRECTION('',(0.,0.707106781187,0.707106781187));
#5939 = PCURVE('',#4621,#5940);
#5940 = DEFINITIONAL_REPRESENTATION('',(#5941),#5945);
#5941 = CIRCLE('',#5942,4.6);
#5942 = AXIS2_PLACEMENT_2D('',#5943,#5944);
#5943 = CARTESIAN_POINT('',(8.015,59.7));
#5944 = DIRECTION('',(0.,1.));
#5945 = ( GEOMETRIC_REPRESENTATION_CONTEXT(2) 
PARAMETRIC_REPRESENTATION_CONTEXT() REPRESENTATION_CONTEXT('2D SPACE',''
  ) );
#5946 = PCURVE('',#5947,#5952);
#5947 = CYLINDRICAL_SURFACE('',#5948,4.6);
#5948 = AXIS2_PLACEMENT_3D('',#5949,#5950,#5951);
#5949 = CARTESIAN_POINT('',(-26.985,9.505382386916,75.839906166072));
#5950 = DIRECTION('',(0.,-0.707106781187,0.707106781187));
#5951 = DIRECTION('',(0.,0.707106781187,0.707106781187));
#5952 = DEFINITIONAL_REPRESENTATION('',(#5953),#5957);
#5953 = LINE('',#5954,#5955);
#5954 = CARTESIAN_POINT('',(0.,0.5));
#5955 = VECTOR('',#5956,1.);
#5956 = DIRECTION('',(1.,0.));
#5957 = ( GEOMETRIC_REPRESENTATION_CONTEXT(2) 
PARAMETRIC_REPRESENTATION_CONTEXT() REPRESENTATION_CONTEXT('2D SPACE',''
  ) );
#5958 = ORIENTED_EDGE('',*,*,#5959,.T.);
#5959 = EDGE_CURVE('',#5931,#5960,#5962,.T.);
#5960 = VERTEX_POINT('',#5961);
#5961 = CARTESIAN_POINT('',(-7.015,12.404520189781,79.446150750124));
#5962 = SURFACE_CURVE('',#5963,(#5967,#5974),.PCURVE_S1.);
#5963 = LINE('',#5964,#5965);
#5964 = CARTESIAN_POINT('',(-18.7075,12.404520189781,79.446150750124));
#5965 = VECTOR('',#5966,1.);
#5966 = DIRECTION('',(1.,0.,0.));
#5967 = PCURVE('',#4621,#5968);
#5968 = DEFINITIONAL_REPRESENTATION('',(#5969),#5973);
#5969 = LINE('',#5970,#5971);
#5970 = CARTESIAN_POINT('',(16.2925,64.3));
#5971 = VECTOR('',#5972,1.);
#5972 = DIRECTION('',(1.,0.));
#5973 = ( GEOMETRIC_REPRESENTATION_CONTEXT(2) 
PARAMETRIC_REPRESENTATION_CONTEXT() REPRESENTATION_CONTEXT('2D SPACE',''
  ) );
#5974 = PCURVE('',#5975,#5980);
#5975 = PLANE('',#5976);
#5976 = AXIS2_PLACEMENT_3D('',#5977,#5978,#5979);
#5977 = CARTESIAN_POINT('',(-2.415,12.758073580374,79.09259735953));
#5978 = DIRECTION('',(0.,-0.707106781187,-0.707106781187));
#5979 = DIRECTION('',(-1.,0.,0.));
#5980 = DEFINITIONAL_REPRESENTATION('',(#5981),#5985);
#5981 = LINE('',#5982,#5983);
#5982 = CARTESIAN_POINT('',(16.2925,-0.5));
#5983 = VECTOR('',#5984,1.);
#5984 = DIRECTION('',(-1.,0.));
#5985 = ( GEOMETRIC_REPRESENTATION_CONTEXT(2) 
PARAMETRIC_REPRESENTATION_CONTEXT() REPRESENTATION_CONTEXT('2D SPACE',''
  ) );
#5986 = ORIENTED_EDGE('',*,*,#5987,.F.);
#5987 = EDGE_CURVE('',#5988,#5960,#5990,.T.);
#5988 = VERTEX_POINT('',#5989);
#5989 = CARTESIAN_POINT('',(-2.415,9.151828996323,76.193459556666));
#5990 = SURFACE_CURVE('',#5991,(#5996,#6003),.PCURVE_S1.);
#5991 = CIRCLE('',#5992,4.6);
#5992 = AXIS2_PLACEMENT_3D('',#5993,#5994,#5995);
#5993 = CARTESIAN_POINT('',(-7.015,9.151828996323,76.193459556666));
#5994 = DIRECTION('',(0.,-0.707106781187,0.707106781187));
#5995 = DIRECTION('',(1.,0.,0.));
#5996 = PCURVE('',#4621,#5997);
#5997 = DEFINITIONAL_REPRESENTATION('',(#5998),#6002);
#5998 = CIRCLE('',#5999,4.6);
#5999 = AXIS2_PLACEMENT_2D('',#6000,#6001);
#6000 = CARTESIAN_POINT('',(27.985,59.7));
#6001 = DIRECTION('',(1.,0.));
#6002 = ( GEOMETRIC_REPRESENTATION_CONTEXT(2) 
PARAMETRIC_REPRESENTATION_CONTEXT() REPRESENTATION_CONTEXT('2D SPACE',''
  ) );
#6003 = PCURVE('',#6004,#6009);
#6004 = CYLINDRICAL_SURFACE('',#6005,4.6);
#6005 = AXIS2_PLACEMENT_3D('',#6006,#6007,#6008);
#6006 = CARTESIAN_POINT('',(-7.015,9.505382386916,75.839906166072));
#6007 = DIRECTION('',(0.,-0.707106781187,0.707106781187));
#6008 = DIRECTION('',(1.,0.,0.));
#6009 = DEFINITIONAL_REPRESENTATION('',(#6010),#6014);
#6010 = LINE('',#6011,#6012);
#6011 = CARTESIAN_POINT('',(0.,0.5));
#6012 = VECTOR('',#6013,1.);
#6013 = DIRECTION('',(1.,0.));
#6014 = ( GEOMETRIC_REPRESENTATION_CONTEXT(2) 
PARAMETRIC_REPRESENTATION_CONTEXT() REPRESENTATION_CONTEXT('2D SPACE',''
  ) );
#6015 = ORIENTED_EDGE('',*,*,#6016,.T.);
#6016 = EDGE_CURVE('',#5988,#5817,#6017,.T.);
#6017 = SURFACE_CURVE('',#6018,(#6022,#6029),.PCURVE_S1.);
#6018 = LINE('',#6019,#6020);
#6019 = CARTESIAN_POINT('',(-2.415,-22.28967402913,44.751956531206));
#6020 = VECTOR('',#6021,1.);
#6021 = DIRECTION('',(0.,-0.707106781187,-0.707106781187));
#6022 = PCURVE('',#4621,#6023);
#6023 = DEFINITIONAL_REPRESENTATION('',(#6024),#6028);
#6024 = LINE('',#6025,#6026);
#6025 = CARTESIAN_POINT('',(32.585,15.235));
#6026 = VECTOR('',#6027,1.);
#6027 = DIRECTION('',(0.,-1.));
#6028 = ( GEOMETRIC_REPRESENTATION_CONTEXT(2) 
PARAMETRIC_REPRESENTATION_CONTEXT() REPRESENTATION_CONTEXT('2D SPACE',''
  ) );
#6029 = PCURVE('',#6030,#6035);
#6030 = PLANE('',#6031);
#6031 = AXIS2_PLACEMENT_3D('',#6032,#6033,#6034);
#6032 = CARTESIAN_POINT('',(-2.415,-11.16334882716,55.17117495199));
#6033 = DIRECTION('',(-1.,0.,0.));
#6034 = DIRECTION('',(0.,0.707106781187,0.707106781187));
#6035 = DEFINITIONAL_REPRESENTATION('',(#6036),#6040);
#6036 = LINE('',#6037,#6038);
#6037 = CARTESIAN_POINT('',(-15.235,-0.5));
#6038 = VECTOR('',#6039,1.);
#6039 = DIRECTION('',(-1.,0.));
#6040 = ( GEOMETRIC_REPRESENTATION_CONTEXT(2) 
PARAMETRIC_REPRESENTATION_CONTEXT() REPRESENTATION_CONTEXT('2D SPACE',''
  ) );
#6041 = FACE_BOUND('',#6042,.F.);
#6042 = EDGE_LOOP('',(#6043));
#6043 = ORIENTED_EDGE('',*,*,#6044,.T.);
#6044 = EDGE_CURVE('',#6045,#6045,#6047,.T.);
#6045 = VERTEX_POINT('',#6046);
#6046 = CARTESIAN_POINT('',(-29.8,15.020815280171,82.062445840514));
#6047 = SURFACE_CURVE('',#6048,(#6053,#6064),.PCURVE_S1.);
#6048 = CIRCLE('',#6049,1.2);
#6049 = AXIS2_PLACEMENT_3D('',#6050,#6051,#6052);
#6050 = CARTESIAN_POINT('',(-31.,15.020815280171,82.062445840514));
#6051 = DIRECTION('',(0.,0.707106781187,-0.707106781187));
#6052 = DIRECTION('',(1.,0.,0.));
#6053 = PCURVE('',#4621,#6054);
#6054 = DEFINITIONAL_REPRESENTATION('',(#6055),#6063);
#6055 = ( BOUNDED_CURVE() B_SPLINE_CURVE(2,(#6056,#6057,#6058,#6059,
#6060,#6061,#6062),.UNSPECIFIED.,.T.,.F.) B_SPLINE_CURVE_WITH_KNOTS((1,2
    ,2,2,2,1),(-2.094395102393,0.,2.094395102393,4.188790204786,
6.28318530718,8.377580409573),.UNSPECIFIED.) CURVE() 
GEOMETRIC_REPRESENTATION_ITEM() RATIONAL_B_SPLINE_CURVE((1.,0.5,1.,0.5,
1.,0.5,1.)) REPRESENTATION_ITEM('') );
#6056 = CARTESIAN_POINT('',(5.2,68.));
#6057 = CARTESIAN_POINT('',(5.2,65.921539030917));
#6058 = CARTESIAN_POINT('',(3.4,66.960769515459));
#6059 = CARTESIAN_POINT('',(1.6,68.));
#6060 = CARTESIAN_POINT('',(3.4,69.039230484541));
#6061 = CARTESIAN_POINT('',(5.2,70.078460969083));
#6062 = CARTESIAN_POINT('',(5.2,68.));
#6063 = ( GEOMETRIC_REPRESENTATION_CONTEXT(2) 
PARAMETRIC_REPRESENTATION_CONTEXT() REPRESENTATION_CONTEXT('2D SPACE',''
  ) );
#6064 = PCURVE('',#5317,#6065);
#6065 = DEFINITIONAL_REPRESENTATION('',(#6066),#6070);
#6066 = LINE('',#6067,#6068);
#6067 = CARTESIAN_POINT('',(-6.28318530718,-1.));
#6068 = VECTOR('',#6069,1.);
#6069 = DIRECTION('',(1.,-0.));
#6070 = ( GEOMETRIC_REPRESENTATION_CONTEXT(2) 
PARAMETRIC_REPRESENTATION_CONTEXT() REPRESENTATION_CONTEXT('2D SPACE',''
  ) );
#6071 = FACE_BOUND('',#6072,.F.);
#6072 = EDGE_LOOP('',(#6073));
#6073 = ORIENTED_EDGE('',*,*,#6074,.T.);
#6074 = EDGE_CURVE('',#6075,#6075,#6077,.T.);
#6075 = VERTEX_POINT('',#6076);
#6076 = CARTESIAN_POINT('',(3.2,15.020815280171,82.062445840514));
#6077 = SURFACE_CURVE('',#6078,(#6083,#6094),.PCURVE_S1.);
#6078 = CIRCLE('',#6079,1.2);
#6079 = AXIS2_PLACEMENT_3D('',#6080,#6081,#6082);
#6080 = CARTESIAN_POINT('',(2.,15.020815280171,82.062445840514));
#6081 = DIRECTION('',(0.,0.707106781187,-0.707106781187));
#6082 = DIRECTION('',(1.,0.,0.));
#6083 = PCURVE('',#4621,#6084);
#6084 = DEFINITIONAL_REPRESENTATION('',(#6085),#6093);
#6085 = ( BOUNDED_CURVE() B_SPLINE_CURVE(2,(#6086,#6087,#6088,#6089,
#6090,#6091,#6092),.UNSPECIFIED.,.T.,.F.) B_SPLINE_CURVE_WITH_KNOTS((1,2
    ,2,2,2,1),(-2.094395102393,0.,2.094395102393,4.188790204786,
6.28318530718,8.377580409573),.UNSPECIFIED.) CURVE() 
GEOMETRIC_REPRESENTATION_ITEM() RATIONAL_B_SPLINE_CURVE((1.,0.5,1.,0.5,
1.,0.5,1.)) REPRESENTATION_ITEM('') );
#6086 = CARTESIAN_POINT('',(38.2,68.));
#6087 = CARTESIAN_POINT('',(38.2,65.921539030917));
#6088 = CARTESIAN_POINT('',(36.4,66.960769515459));
#6089 = CARTESIAN_POINT('',(34.6,68.));
#6090 = CARTESIAN_POINT('',(36.4,69.039230484541));
#6091 = CARTESIAN_POINT('',(38.2,70.078460969083));
#6092 = CARTESIAN_POINT('',(38.2,68.));
#6093 = ( GEOMETRIC_REPRESENTATION_CONTEXT(2) 
PARAMETRIC_REPRESENTATION_CONTEXT() REPRESENTATION_CONTEXT('2D SPACE',''
  ) );
#6094 = PCURVE('',#5352,#6095);
#6095 = DEFINITIONAL_REPRESENTATION('',(#6096),#6100);
#6096 = LINE('',#6097,#6098);
#6097 = CARTESIAN_POINT('',(-6.28318530718,-1.));
#6098 = VECTOR('',#6099,1.);
#6099 = DIRECTION('',(1.,-0.));
#6100 = ( GEOMETRIC_REPRESENTATION_CONTEXT(2) 
PARAMETRIC_REPRESENTATION_CONTEXT() REPRESENTATION_CONTEXT('2D SPACE',''
  ) );
#6101 = FACE_BOUND('',#6102,.F.);
#6102 = EDGE_LOOP('',(#6103));
#6103 = ORIENTED_EDGE('',*,*,#6104,.T.);
#6104 = EDGE_CURVE('',#6105,#6105,#6107,.T.);
#6105 = VERTEX_POINT('',#6106);
#6106 = CARTESIAN_POINT('',(32.2,15.020815280171,82.062445840514));
#6107 = SURFACE_CURVE('',#6108,(#6113,#6124),.PCURVE_S1.);
#6108 = CIRCLE('',#6109,1.2);
#6109 = AXIS2_PLACEMENT_3D('',#6110,#6111,#6112);
#6110 = CARTESIAN_POINT('',(31.,15.020815280171,82.062445840514));
#6111 = DIRECTION('',(0.,0.707106781187,-0.707106781187));
#6112 = DIRECTION('',(1.,0.,0.));
#6113 = PCURVE('',#4621,#6114);
#6114 = DEFINITIONAL_REPRESENTATION('',(#6115),#6123);
#6115 = ( BOUNDED_CURVE() B_SPLINE_CURVE(2,(#6116,#6117,#6118,#6119,
#6120,#6121,#6122),.UNSPECIFIED.,.T.,.F.) B_SPLINE_CURVE_WITH_KNOTS((1,2
    ,2,2,2,1),(-2.094395102393,0.,2.094395102393,4.188790204786,
6.28318530718,8.377580409573),.UNSPECIFIED.) CURVE() 
GEOMETRIC_REPRESENTATION_ITEM() RATIONAL_B_SPLINE_CURVE((1.,0.5,1.,0.5,
1.,0.5,1.)) REPRESENTATION_ITEM('') );
#6116 = CARTESIAN_POINT('',(67.2,68.));
#6117 = CARTESIAN_POINT('',(67.2,65.921539030917));
#6118 = CARTESIAN_POINT('',(65.4,66.960769515459));
#6119 = CARTESIAN_POINT('',(63.6,68.));
#6120 = CARTESIAN_POINT('',(65.4,69.039230484541));
#6121 = CARTESIAN_POINT('',(67.2,70.078460969083));
#6122 = CARTESIAN_POINT('',(67.2,68.));
#6123 = ( GEOMETRIC_REPRESENTATION_CONTEXT(2) 
PARAMETRIC_REPRESENTATION_CONTEXT() REPRESENTATION_CONTEXT('2D SPACE',''
  ) );
#6124 = PCURVE('',#5387,#6125);
#6125 = DEFINITIONAL_REPRESENTATION('',(#6126),#6130);
#6126 = LINE('',#6127,#6128);
#6127 = CARTESIAN_POINT('',(-6.28318530718,-1.));
#6128 = VECTOR('',#6129,1.);
#6129 = DIRECTION('',(1.,-0.));
#6130 = ( GEOMETRIC_REPRESENTATION_CONTEXT(2) 
PARAMETRIC_REPRESENTATION_CONTEXT() REPRESENTATION_CONTEXT('2D SPACE',''
  ) );
#6131 = ADVANCED_FACE('',(#6132),#4703,.F.);
#6132 = FACE_BOUND('',#6133,.F.);
#6133 = EDGE_LOOP('',(#6134,#6135,#6136,#6137));
#6134 = ORIENTED_EDGE('',*,*,#5508,.F.);
#6135 = ORIENTED_EDGE('',*,*,#5426,.T.);
#6136 = ORIENTED_EDGE('',*,*,#4687,.T.);
#6137 = ORIENTED_EDGE('',*,*,#6138,.F.);
#6138 = EDGE_CURVE('',#5509,#4688,#6139,.T.);
#6139 = SURFACE_CURVE('',#6140,(#6144,#6151),.PCURVE_S1.);
#6140 = LINE('',#6141,#6142);
#6141 = CARTESIAN_POINT('',(32.,-33.06244584051,33.979184719829));
#6142 = VECTOR('',#6143,1.);
#6143 = DIRECTION('',(0.,-0.707106781187,0.707106781187));
#6144 = PCURVE('',#4703,#6145);
#6145 = DEFINITIONAL_REPRESENTATION('',(#6146),#6150);
#6146 = LINE('',#6147,#6148);
#6147 = CARTESIAN_POINT('',(0.,67.));
#6148 = VECTOR('',#6149,1.);
#6149 = DIRECTION('',(1.,0.));
#6150 = ( GEOMETRIC_REPRESENTATION_CONTEXT(2) 
PARAMETRIC_REPRESENTATION_CONTEXT() REPRESENTATION_CONTEXT('2D SPACE',''
  ) );
#6151 = PCURVE('',#4736,#6152);
#6152 = DEFINITIONAL_REPRESENTATION('',(#6153),#6157);
#6153 = LINE('',#6154,#6155);
#6154 = CARTESIAN_POINT('',(-1.570796326795,0.));
#6155 = VECTOR('',#6156,1.);
#6156 = DIRECTION('',(-0.,1.));
#6157 = ( GEOMETRIC_REPRESENTATION_CONTEXT(2) 
PARAMETRIC_REPRESENTATION_CONTEXT() REPRESENTATION_CONTEXT('2D SPACE',''
  ) );
#6158 = ADVANCED_FACE('',(#6159),#4821,.T.);
#6159 = FACE_BOUND('',#6160,.T.);
#6160 = EDGE_LOOP('',(#6161,#6162,#6163,#6164));
#6161 = ORIENTED_EDGE('',*,*,#5606,.F.);
#6162 = ORIENTED_EDGE('',*,*,#5480,.T.);
#6163 = ORIENTED_EDGE('',*,*,#4805,.T.);
#6164 = ORIENTED_EDGE('',*,*,#6165,.F.);
#6165 = EDGE_CURVE('',#5583,#4777,#6166,.T.);
#6166 = SURFACE_CURVE('',#6167,(#6171,#6178),.PCURVE_S1.);
#6167 = LINE('',#6168,#6169);
#6168 = CARTESIAN_POINT('',(32.,16.788582233138,83.83021279348));
#6169 = VECTOR('',#6170,1.);
#6170 = DIRECTION('',(0.,-0.707106781187,0.707106781187));
#6171 = PCURVE('',#4821,#6172);
#6172 = DEFINITIONAL_REPRESENTATION('',(#6173),#6177);
#6173 = LINE('',#6174,#6175);
#6174 = CARTESIAN_POINT('',(0.,67.));
#6175 = VECTOR('',#6176,1.);
#6176 = DIRECTION('',(1.,0.));
#6177 = ( GEOMETRIC_REPRESENTATION_CONTEXT(2) 
PARAMETRIC_REPRESENTATION_CONTEXT() REPRESENTATION_CONTEXT('2D SPACE',''
  ) );
#6178 = PCURVE('',#4793,#6179);
#6179 = DEFINITIONAL_REPRESENTATION('',(#6180),#6184);
#6180 = LINE('',#6181,#6182);
#6181 = CARTESIAN_POINT('',(1.570796326795,0.));
#6182 = VECTOR('',#6183,1.);
#6183 = DIRECTION('',(0.,1.));
#6184 = ( GEOMETRIC_REPRESENTATION_CONTEXT(2) 
PARAMETRIC_REPRESENTATION_CONTEXT() REPRESENTATION_CONTEXT('2D SPACE',''
  ) );
#6185 = ADVANCED_FACE('',(#6186),#4736,.T.);
#6186 = FACE_BOUND('',#6187,.F.);
#6187 = EDGE_LOOP('',(#6188,#6189,#6190,#6191));
#6188 = ORIENTED_EDGE('',*,*,#5531,.T.);
#6189 = ORIENTED_EDGE('',*,*,#6138,.T.);
#6190 = ORIENTED_EDGE('',*,*,#4715,.F.);
#6191 = ORIENTED_EDGE('',*,*,#6192,.F.);
#6192 = EDGE_CURVE('',#5532,#4716,#6193,.T.);
#6193 = SURFACE_CURVE('',#6194,(#6198,#6205),.PCURVE_S1.);
#6194 = LINE('',#6195,#6196);
#6195 = CARTESIAN_POINT('',(35.,-30.94112549695,36.100505063388));
#6196 = VECTOR('',#6197,1.);
#6197 = DIRECTION('',(0.,-0.707106781187,0.707106781187));
#6198 = PCURVE('',#4736,#6199);
#6199 = DEFINITIONAL_REPRESENTATION('',(#6200),#6204);
#6200 = LINE('',#6201,#6202);
#6201 = CARTESIAN_POINT('',(-0.,0.));
#6202 = VECTOR('',#6203,1.);
#6203 = DIRECTION('',(-0.,1.));
#6204 = ( GEOMETRIC_REPRESENTATION_CONTEXT(2) 
PARAMETRIC_REPRESENTATION_CONTEXT() REPRESENTATION_CONTEXT('2D SPACE',''
  ) );
#6205 = PCURVE('',#4764,#6206);
#6206 = DEFINITIONAL_REPRESENTATION('',(#6207),#6211);
#6207 = LINE('',#6208,#6209);
#6208 = CARTESIAN_POINT('',(5.329070518201E-15,-3.));
#6209 = VECTOR('',#6210,1.);
#6210 = DIRECTION('',(1.,0.));
#6211 = ( GEOMETRIC_REPRESENTATION_CONTEXT(2) 
PARAMETRIC_REPRESENTATION_CONTEXT() REPRESENTATION_CONTEXT('2D SPACE',''
  ) );
#6212 = ADVANCED_FACE('',(#6213),#4793,.T.);
#6213 = FACE_BOUND('',#6214,.T.);
#6214 = EDGE_LOOP('',(#6215,#6216,#6217,#6218));
#6215 = ORIENTED_EDGE('',*,*,#5582,.T.);
#6216 = ORIENTED_EDGE('',*,*,#6165,.T.);
#6217 = ORIENTED_EDGE('',*,*,#4776,.F.);
#6218 = ORIENTED_EDGE('',*,*,#6219,.F.);
#6219 = EDGE_CURVE('',#5560,#4749,#6220,.T.);
#6220 = SURFACE_CURVE('',#6221,(#6225,#6232),.PCURVE_S1.);
#6221 = LINE('',#6222,#6223);
#6222 = CARTESIAN_POINT('',(35.,14.667261889578,81.708892449921));
#6223 = VECTOR('',#6224,1.);
#6224 = DIRECTION('',(0.,-0.707106781187,0.707106781187));
#6225 = PCURVE('',#4793,#6226);
#6226 = DEFINITIONAL_REPRESENTATION('',(#6227),#6231);
#6227 = LINE('',#6228,#6229);
#6228 = CARTESIAN_POINT('',(0.,0.));
#6229 = VECTOR('',#6230,1.);
#6230 = DIRECTION('',(0.,1.));
#6231 = ( GEOMETRIC_REPRESENTATION_CONTEXT(2) 
PARAMETRIC_REPRESENTATION_CONTEXT() REPRESENTATION_CONTEXT('2D SPACE',''
  ) );
#6232 = PCURVE('',#4764,#6233);
#6233 = DEFINITIONAL_REPRESENTATION('',(#6234),#6238);
#6234 = LINE('',#6235,#6236);
#6235 = CARTESIAN_POINT('',(7.105427357601E-15,-67.5));
#6236 = VECTOR('',#6237,1.);
#6237 = DIRECTION('',(1.,0.));
#6238 = ( GEOMETRIC_REPRESENTATION_CONTEXT(2) 
PARAMETRIC_REPRESENTATION_CONTEXT() REPRESENTATION_CONTEXT('2D SPACE',''
  ) );
#6239 = ADVANCED_FACE('',(#6240),#4764,.T.);
#6240 = FACE_BOUND('',#6241,.T.);
#6241 = EDGE_LOOP('',(#6242,#6243,#6244,#6245));
#6242 = ORIENTED_EDGE('',*,*,#4748,.F.);
#6243 = ORIENTED_EDGE('',*,*,#6192,.F.);
#6244 = ORIENTED_EDGE('',*,*,#5559,.T.);
#6245 = ORIENTED_EDGE('',*,*,#6219,.T.);
#6246 = ADVANCED_FACE('',(#6247),#4882,.F.);
#6247 = FACE_BOUND('',#6248,.T.);
#6248 = EDGE_LOOP('',(#6249,#6250,#6271,#6272));
#6249 = ORIENTED_EDGE('',*,*,#5630,.T.);
#6250 = ORIENTED_EDGE('',*,*,#6251,.T.);
#6251 = EDGE_CURVE('',#5631,#4862,#6252,.T.);
#6252 = SEAM_CURVE('',#6253,(#6257,#6264),.PCURVE_S1.);
#6253 = LINE('',#6254,#6255);
#6254 = CARTESIAN_POINT('',(-30.3,-29.88046532517,35.746951672795));
#6255 = VECTOR('',#6256,1.);
#6256 = DIRECTION('',(0.,-0.707106781187,0.707106781187));
#6257 = PCURVE('',#4882,#6258);
#6258 = DEFINITIONAL_REPRESENTATION('',(#6259),#6263);
#6259 = LINE('',#6260,#6261);
#6260 = CARTESIAN_POINT('',(-6.28318530718,0.));
#6261 = VECTOR('',#6262,1.);
#6262 = DIRECTION('',(-0.,-1.));
#6263 = ( GEOMETRIC_REPRESENTATION_CONTEXT(2) 
PARAMETRIC_REPRESENTATION_CONTEXT() REPRESENTATION_CONTEXT('2D SPACE',''
  ) );
#6264 = PCURVE('',#4882,#6265);
#6265 = DEFINITIONAL_REPRESENTATION('',(#6266),#6270);
#6266 = LINE('',#6267,#6268);
#6267 = CARTESIAN_POINT('',(-0.,0.));
#6268 = VECTOR('',#6269,1.);
#6269 = DIRECTION('',(-0.,-1.));
#6270 = ( GEOMETRIC_REPRESENTATION_CONTEXT(2) 
PARAMETRIC_REPRESENTATION_CONTEXT() REPRESENTATION_CONTEXT('2D SPACE',''
  ) );
#6271 = ORIENTED_EDGE('',*,*,#4861,.F.);
#6272 = ORIENTED_EDGE('',*,*,#6251,.F.);
#6273 = ADVANCED_FACE('',(#6274),#4914,.T.);
#6274 = FACE_BOUND('',#6275,.T.);
#6275 = EDGE_LOOP('',(#6276,#6299,#6327,#6348));
#6276 = ORIENTED_EDGE('',*,*,#6277,.F.);
#6277 = EDGE_CURVE('',#6278,#4897,#6280,.T.);
#6278 = VERTEX_POINT('',#6279);
#6279 = CARTESIAN_POINT('',(20.3,-31.15325753131,38.716800153779));
#6280 = SURFACE_CURVE('',#6281,(#6285,#6292),.PCURVE_S1.);
#6281 = LINE('',#6282,#6283);
#6282 = CARTESIAN_POINT('',(20.3,-31.15325753131,38.716800153779));
#6283 = VECTOR('',#6284,1.);
#6284 = DIRECTION('',(0.,-0.707106781187,0.707106781187));
#6285 = PCURVE('',#4914,#6286);
#6286 = DEFINITIONAL_REPRESENTATION('',(#6287),#6291);
#6287 = LINE('',#6288,#6289);
#6288 = CARTESIAN_POINT('',(0.,40.6));
#6289 = VECTOR('',#6290,1.);
#6290 = DIRECTION('',(1.,0.));
#6291 = ( GEOMETRIC_REPRESENTATION_CONTEXT(2) 
PARAMETRIC_REPRESENTATION_CONTEXT() REPRESENTATION_CONTEXT('2D SPACE',''
  ) );
#6292 = PCURVE('',#4996,#6293);
#6293 = DEFINITIONAL_REPRESENTATION('',(#6294),#6298);
#6294 = LINE('',#6295,#6296);
#6295 = CARTESIAN_POINT('',(0.,0.));
#6296 = VECTOR('',#6297,1.);
#6297 = DIRECTION('',(1.,0.));
#6298 = ( GEOMETRIC_REPRESENTATION_CONTEXT(2) 
PARAMETRIC_REPRESENTATION_CONTEXT() REPRESENTATION_CONTEXT('2D SPACE',''
  ) );
#6299 = ORIENTED_EDGE('',*,*,#6300,.F.);
#6300 = EDGE_CURVE('',#6301,#6278,#6303,.T.);
#6301 = VERTEX_POINT('',#6302);
#6302 = CARTESIAN_POINT('',(-20.3,-31.15325753131,38.716800153779));
#6303 = SURFACE_CURVE('',#6304,(#6308,#6315),.PCURVE_S1.);
#6304 = LINE('',#6305,#6306);
#6305 = CARTESIAN_POINT('',(-20.3,-31.15325753131,38.716800153779));
#6306 = VECTOR('',#6307,1.);
#6307 = DIRECTION('',(1.,0.,0.));
#6308 = PCURVE('',#4914,#6309);
#6309 = DEFINITIONAL_REPRESENTATION('',(#6310),#6314);
#6310 = LINE('',#6311,#6312);
#6311 = CARTESIAN_POINT('',(0.,0.));
#6312 = VECTOR('',#6313,1.);
#6313 = DIRECTION('',(0.,1.));
#6314 = ( GEOMETRIC_REPRESENTATION_CONTEXT(2) 
PARAMETRIC_REPRESENTATION_CONTEXT() REPRESENTATION_CONTEXT('2D SPACE',''
  ) );
#6315 = PCURVE('',#6316,#6321);
#6316 = PLANE('',#6317);
#6317 = AXIS2_PLACEMENT_3D('',#6318,#6319,#6320);
#6318 = CARTESIAN_POINT('',(-20.3,-31.15325753131,38.716800153779));
#6319 = DIRECTION('',(0.,-0.707106781187,0.707106781187));
#6320 = DIRECTION('',(1.,0.,0.));
#6321 = DEFINITIONAL_REPRESENTATION('',(#6322),#6326);
#6322 = LINE('',#6323,#6324);
#6323 = CARTESIAN_POINT('',(0.,0.));
#6324 = VECTOR('',#6325,1.);
#6325 = DIRECTION('',(1.,0.));
#6326 = ( GEOMETRIC_REPRESENTATION_CONTEXT(2) 
PARAMETRIC_REPRESENTATION_CONTEXT() REPRESENTATION_CONTEXT('2D SPACE',''
  ) );
#6327 = ORIENTED_EDGE('',*,*,#6328,.T.);
#6328 = EDGE_CURVE('',#6301,#4899,#6329,.T.);
#6329 = SURFACE_CURVE('',#6330,(#6334,#6341),.PCURVE_S1.);
#6330 = LINE('',#6331,#6332);
#6331 = CARTESIAN_POINT('',(-20.3,-31.15325753131,38.716800153779));
#6332 = VECTOR('',#6333,1.);
#6333 = DIRECTION('',(0.,-0.707106781187,0.707106781187));
#6334 = PCURVE('',#4914,#6335);
#6335 = DEFINITIONAL_REPRESENTATION('',(#6336),#6340);
#6336 = LINE('',#6337,#6338);
#6337 = CARTESIAN_POINT('',(0.,0.));
#6338 = VECTOR('',#6339,1.);
#6339 = DIRECTION('',(1.,0.));
#6340 = ( GEOMETRIC_REPRESENTATION_CONTEXT(2) 
PARAMETRIC_REPRESENTATION_CONTEXT() REPRESENTATION_CONTEXT('2D SPACE',''
  ) );
#6341 = PCURVE('',#4942,#6342);
#6342 = DEFINITIONAL_REPRESENTATION('',(#6343),#6347);
#6343 = LINE('',#6344,#6345);
#6344 = CARTESIAN_POINT('',(0.,0.));
#6345 = VECTOR('',#6346,1.);
#6346 = DIRECTION('',(1.,0.));
#6347 = ( GEOMETRIC_REPRESENTATION_CONTEXT(2) 
PARAMETRIC_REPRESENTATION_CONTEXT() REPRESENTATION_CONTEXT('2D SPACE',''
  ) );
#6348 = ORIENTED_EDGE('',*,*,#4896,.F.);
#6349 = ADVANCED_FACE('',(#6350),#4996,.F.);
#6350 = FACE_BOUND('',#6351,.F.);
#6351 = EDGE_LOOP('',(#6352,#6353,#6376,#6397));
#6352 = ORIENTED_EDGE('',*,*,#6277,.F.);
#6353 = ORIENTED_EDGE('',*,*,#6354,.T.);
#6354 = EDGE_CURVE('',#6278,#6355,#6357,.T.);
#6355 = VERTEX_POINT('',#6356);
#6356 = CARTESIAN_POINT('',(20.3,-16.58685783886,53.283199846221));
#6357 = SURFACE_CURVE('',#6358,(#6362,#6369),.PCURVE_S1.);
#6358 = LINE('',#6359,#6360);
#6359 = CARTESIAN_POINT('',(20.3,-31.15325753131,38.716800153779));
#6360 = VECTOR('',#6361,1.);
#6361 = DIRECTION('',(0.,0.707106781187,0.707106781187));
#6362 = PCURVE('',#4996,#6363);
#6363 = DEFINITIONAL_REPRESENTATION('',(#6364),#6368);
#6364 = LINE('',#6365,#6366);
#6365 = CARTESIAN_POINT('',(0.,0.));
#6366 = VECTOR('',#6367,1.);
#6367 = DIRECTION('',(0.,-1.));
#6368 = ( GEOMETRIC_REPRESENTATION_CONTEXT(2) 
PARAMETRIC_REPRESENTATION_CONTEXT() REPRESENTATION_CONTEXT('2D SPACE',''
  ) );
#6369 = PCURVE('',#6316,#6370);
#6370 = DEFINITIONAL_REPRESENTATION('',(#6371),#6375);
#6371 = LINE('',#6372,#6373);
#6372 = CARTESIAN_POINT('',(40.6,0.));
#6373 = VECTOR('',#6374,1.);
#6374 = DIRECTION('',(0.,1.));
#6375 = ( GEOMETRIC_REPRESENTATION_CONTEXT(2) 
PARAMETRIC_REPRESENTATION_CONTEXT() REPRESENTATION_CONTEXT('2D SPACE',''
  ) );
#6376 = ORIENTED_EDGE('',*,*,#6377,.T.);
#6377 = EDGE_CURVE('',#6355,#4955,#6378,.T.);
#6378 = SURFACE_CURVE('',#6379,(#6383,#6390),.PCURVE_S1.);
#6379 = LINE('',#6380,#6381);
#6380 = CARTESIAN_POINT('',(20.3,-16.58685783886,53.283199846221));
#6381 = VECTOR('',#6382,1.);
#6382 = DIRECTION('',(0.,-0.707106781187,0.707106781187));
#6383 = PCURVE('',#4996,#6384);
#6384 = DEFINITIONAL_REPRESENTATION('',(#6385),#6389);
#6385 = LINE('',#6386,#6387);
#6386 = CARTESIAN_POINT('',(1.7763568394E-15,-20.6));
#6387 = VECTOR('',#6388,1.);
#6388 = DIRECTION('',(1.,0.));
#6389 = ( GEOMETRIC_REPRESENTATION_CONTEXT(2) 
PARAMETRIC_REPRESENTATION_CONTEXT() REPRESENTATION_CONTEXT('2D SPACE',''
  ) );
#6390 = PCURVE('',#4970,#6391);
#6391 = DEFINITIONAL_REPRESENTATION('',(#6392),#6396);
#6392 = LINE('',#6393,#6394);
#6393 = CARTESIAN_POINT('',(0.,40.6));
#6394 = VECTOR('',#6395,1.);
#6395 = DIRECTION('',(1.,0.));
#6396 = ( GEOMETRIC_REPRESENTATION_CONTEXT(2) 
PARAMETRIC_REPRESENTATION_CONTEXT() REPRESENTATION_CONTEXT('2D SPACE',''
  ) );
#6397 = ORIENTED_EDGE('',*,*,#4982,.F.);
#6398 = ADVANCED_FACE('',(#6399),#4942,.T.);
#6399 = FACE_BOUND('',#6400,.T.);
#6400 = EDGE_LOOP('',(#6401,#6402,#6425,#6446));
#6401 = ORIENTED_EDGE('',*,*,#6328,.F.);
#6402 = ORIENTED_EDGE('',*,*,#6403,.T.);
#6403 = EDGE_CURVE('',#6301,#6404,#6406,.T.);
#6404 = VERTEX_POINT('',#6405);
#6405 = CARTESIAN_POINT('',(-20.3,-16.58685783886,53.283199846221));
#6406 = SURFACE_CURVE('',#6407,(#6411,#6418),.PCURVE_S1.);
#6407 = LINE('',#6408,#6409);
#6408 = CARTESIAN_POINT('',(-20.3,-31.15325753131,38.716800153779));
#6409 = VECTOR('',#6410,1.);
#6410 = DIRECTION('',(0.,0.707106781187,0.707106781187));
#6411 = PCURVE('',#4942,#6412);
#6412 = DEFINITIONAL_REPRESENTATION('',(#6413),#6417);
#6413 = LINE('',#6414,#6415);
#6414 = CARTESIAN_POINT('',(0.,0.));
#6415 = VECTOR('',#6416,1.);
#6416 = DIRECTION('',(0.,-1.));
#6417 = ( GEOMETRIC_REPRESENTATION_CONTEXT(2) 
PARAMETRIC_REPRESENTATION_CONTEXT() REPRESENTATION_CONTEXT('2D SPACE',''
  ) );
#6418 = PCURVE('',#6316,#6419);
#6419 = DEFINITIONAL_REPRESENTATION('',(#6420),#6424);
#6420 = LINE('',#6421,#6422);
#6421 = CARTESIAN_POINT('',(0.,0.));
#6422 = VECTOR('',#6423,1.);
#6423 = DIRECTION('',(0.,1.));
#6424 = ( GEOMETRIC_REPRESENTATION_CONTEXT(2) 
PARAMETRIC_REPRESENTATION_CONTEXT() REPRESENTATION_CONTEXT('2D SPACE',''
  ) );
#6425 = ORIENTED_EDGE('',*,*,#6426,.T.);
#6426 = EDGE_CURVE('',#6404,#4927,#6427,.T.);
#6427 = SURFACE_CURVE('',#6428,(#6432,#6439),.PCURVE_S1.);
#6428 = LINE('',#6429,#6430);
#6429 = CARTESIAN_POINT('',(-20.3,-16.58685783886,53.283199846221));
#6430 = VECTOR('',#6431,1.);
#6431 = DIRECTION('',(0.,-0.707106781187,0.707106781187));
#6432 = PCURVE('',#4942,#6433);
#6433 = DEFINITIONAL_REPRESENTATION('',(#6434),#6438);
#6434 = LINE('',#6435,#6436);
#6435 = CARTESIAN_POINT('',(1.7763568394E-15,-20.6));
#6436 = VECTOR('',#6437,1.);
#6437 = DIRECTION('',(1.,0.));
#6438 = ( GEOMETRIC_REPRESENTATION_CONTEXT(2) 
PARAMETRIC_REPRESENTATION_CONTEXT() REPRESENTATION_CONTEXT('2D SPACE',''
  ) );
#6439 = PCURVE('',#4970,#6440);
#6440 = DEFINITIONAL_REPRESENTATION('',(#6441),#6445);
#6441 = LINE('',#6442,#6443);
#6442 = CARTESIAN_POINT('',(0.,0.));
#6443 = VECTOR('',#6444,1.);
#6444 = DIRECTION('',(1.,0.));
#6445 = ( GEOMETRIC_REPRESENTATION_CONTEXT(2) 
PARAMETRIC_REPRESENTATION_CONTEXT() REPRESENTATION_CONTEXT('2D SPACE',''
  ) );
#6446 = ORIENTED_EDGE('',*,*,#4926,.F.);
#6447 = ADVANCED_FACE('',(#6448),#4970,.F.);
#6448 = FACE_BOUND('',#6449,.F.);
#6449 = EDGE_LOOP('',(#6450,#6451,#6472,#6473));
#6450 = ORIENTED_EDGE('',*,*,#6377,.F.);
#6451 = ORIENTED_EDGE('',*,*,#6452,.F.);
#6452 = EDGE_CURVE('',#6404,#6355,#6453,.T.);
#6453 = SURFACE_CURVE('',#6454,(#6458,#6465),.PCURVE_S1.);
#6454 = LINE('',#6455,#6456);
#6455 = CARTESIAN_POINT('',(-20.3,-16.58685783886,53.283199846221));
#6456 = VECTOR('',#6457,1.);
#6457 = DIRECTION('',(1.,0.,0.));
#6458 = PCURVE('',#4970,#6459);
#6459 = DEFINITIONAL_REPRESENTATION('',(#6460),#6464);
#6460 = LINE('',#6461,#6462);
#6461 = CARTESIAN_POINT('',(0.,0.));
#6462 = VECTOR('',#6463,1.);
#6463 = DIRECTION('',(0.,1.));
#6464 = ( GEOMETRIC_REPRESENTATION_CONTEXT(2) 
PARAMETRIC_REPRESENTATION_CONTEXT() REPRESENTATION_CONTEXT('2D SPACE',''
  ) );
#6465 = PCURVE('',#6316,#6466);
#6466 = DEFINITIONAL_REPRESENTATION('',(#6467),#6471);
#6467 = LINE('',#6468,#6469);
#6468 = CARTESIAN_POINT('',(0.,20.6));
#6469 = VECTOR('',#6470,1.);
#6470 = DIRECTION('',(1.,0.));
#6471 = ( GEOMETRIC_REPRESENTATION_CONTEXT(2) 
PARAMETRIC_REPRESENTATION_CONTEXT() REPRESENTATION_CONTEXT('2D SPACE',''
  ) );
#6472 = ORIENTED_EDGE('',*,*,#6426,.T.);
#6473 = ORIENTED_EDGE('',*,*,#4954,.F.);
#6474 = ADVANCED_FACE('',(#6475),#5031,.F.);
#6475 = FACE_BOUND('',#6476,.T.);
#6476 = EDGE_LOOP('',(#6477,#6478,#6499,#6500));
#6477 = ORIENTED_EDGE('',*,*,#5660,.T.);
#6478 = ORIENTED_EDGE('',*,*,#6479,.T.);
#6479 = EDGE_CURVE('',#5661,#5011,#6480,.T.);
#6480 = SEAM_CURVE('',#6481,(#6485,#6492),.PCURVE_S1.);
#6481 = LINE('',#6482,#6483);
#6482 = CARTESIAN_POINT('',(32.7,-29.88046532517,35.746951672795));
#6483 = VECTOR('',#6484,1.);
#6484 = DIRECTION('',(0.,-0.707106781187,0.707106781187));
#6485 = PCURVE('',#5031,#6486);
#6486 = DEFINITIONAL_REPRESENTATION('',(#6487),#6491);
#6487 = LINE('',#6488,#6489);
#6488 = CARTESIAN_POINT('',(-6.28318530718,0.));
#6489 = VECTOR('',#6490,1.);
#6490 = DIRECTION('',(-0.,-1.));
#6491 = ( GEOMETRIC_REPRESENTATION_CONTEXT(2) 
PARAMETRIC_REPRESENTATION_CONTEXT() REPRESENTATION_CONTEXT('2D SPACE',''
  ) );
#6492 = PCURVE('',#5031,#6493);
#6493 = DEFINITIONAL_REPRESENTATION('',(#6494),#6498);
#6494 = LINE('',#6495,#6496);
#6495 = CARTESIAN_POINT('',(-0.,0.));
#6496 = VECTOR('',#6497,1.);
#6497 = DIRECTION('',(-0.,-1.));
#6498 = ( GEOMETRIC_REPRESENTATION_CONTEXT(2) 
PARAMETRIC_REPRESENTATION_CONTEXT() REPRESENTATION_CONTEXT('2D SPACE',''
  ) );
#6499 = ORIENTED_EDGE('',*,*,#5010,.F.);
#6500 = ORIENTED_EDGE('',*,*,#6479,.F.);
#6501 = ADVANCED_FACE('',(#6502),#5063,.T.);
#6502 = FACE_BOUND('',#6503,.T.);
#6503 = EDGE_LOOP('',(#6504,#6525,#6526,#6547));
#6504 = ORIENTED_EDGE('',*,*,#6505,.F.);
#6505 = EDGE_CURVE('',#5691,#5046,#6506,.T.);
#6506 = SURFACE_CURVE('',#6507,(#6511,#6518),.PCURVE_S1.);
#6507 = LINE('',#6508,#6509);
#6508 = CARTESIAN_POINT('',(23.8,-25.70853531617,39.918881681796));
#6509 = VECTOR('',#6510,1.);
#6510 = DIRECTION('',(0.,-0.707106781187,0.707106781187));
#6511 = PCURVE('',#5063,#6512);
#6512 = DEFINITIONAL_REPRESENTATION('',(#6513),#6517);
#6513 = LINE('',#6514,#6515);
#6514 = CARTESIAN_POINT('',(0.,3.2));
#6515 = VECTOR('',#6516,1.);
#6516 = DIRECTION('',(1.,0.));
#6517 = ( GEOMETRIC_REPRESENTATION_CONTEXT(2) 
PARAMETRIC_REPRESENTATION_CONTEXT() REPRESENTATION_CONTEXT('2D SPACE',''
  ) );
#6518 = PCURVE('',#5145,#6519);
#6519 = DEFINITIONAL_REPRESENTATION('',(#6520),#6524);
#6520 = LINE('',#6521,#6522);
#6521 = CARTESIAN_POINT('',(0.,0.));
#6522 = VECTOR('',#6523,1.);
#6523 = DIRECTION('',(1.,0.));
#6524 = ( GEOMETRIC_REPRESENTATION_CONTEXT(2) 
PARAMETRIC_REPRESENTATION_CONTEXT() REPRESENTATION_CONTEXT('2D SPACE',''
  ) );
#6525 = ORIENTED_EDGE('',*,*,#5690,.T.);
#6526 = ORIENTED_EDGE('',*,*,#6527,.T.);
#6527 = EDGE_CURVE('',#5693,#5048,#6528,.T.);
#6528 = SURFACE_CURVE('',#6529,(#6533,#6540),.PCURVE_S1.);
#6529 = LINE('',#6530,#6531);
#6530 = CARTESIAN_POINT('',(20.6,-25.70853531617,39.918881681796));
#6531 = VECTOR('',#6532,1.);
#6532 = DIRECTION('',(0.,-0.707106781187,0.707106781187));
#6533 = PCURVE('',#5063,#6534);
#6534 = DEFINITIONAL_REPRESENTATION('',(#6535),#6539);
#6535 = LINE('',#6536,#6537);
#6536 = CARTESIAN_POINT('',(0.,0.));
#6537 = VECTOR('',#6538,1.);
#6538 = DIRECTION('',(1.,0.));
#6539 = ( GEOMETRIC_REPRESENTATION_CONTEXT(2) 
PARAMETRIC_REPRESENTATION_CONTEXT() REPRESENTATION_CONTEXT('2D SPACE',''
  ) );
#6540 = PCURVE('',#5091,#6541);
#6541 = DEFINITIONAL_REPRESENTATION('',(#6542),#6546);
#6542 = LINE('',#6543,#6544);
#6543 = CARTESIAN_POINT('',(0.,0.));
#6544 = VECTOR('',#6545,1.);
#6545 = DIRECTION('',(1.,0.));
#6546 = ( GEOMETRIC_REPRESENTATION_CONTEXT(2) 
PARAMETRIC_REPRESENTATION_CONTEXT() REPRESENTATION_CONTEXT('2D SPACE',''
  ) );
#6547 = ORIENTED_EDGE('',*,*,#5045,.F.);
#6548 = ADVANCED_FACE('',(#6549),#5145,.F.);
#6549 = FACE_BOUND('',#6550,.F.);
#6550 = EDGE_LOOP('',(#6551,#6552,#6553,#6574));
#6551 = ORIENTED_EDGE('',*,*,#6505,.F.);
#6552 = ORIENTED_EDGE('',*,*,#5761,.T.);
#6553 = ORIENTED_EDGE('',*,*,#6554,.T.);
#6554 = EDGE_CURVE('',#5739,#5104,#6555,.T.);
#6555 = SURFACE_CURVE('',#6556,(#6560,#6567),.PCURVE_S1.);
#6556 = LINE('',#6557,#6558);
#6557 = CARTESIAN_POINT('',(23.8,-17.78893936688,47.838477631085));
#6558 = VECTOR('',#6559,1.);
#6559 = DIRECTION('',(0.,-0.707106781187,0.707106781187));
#6560 = PCURVE('',#5145,#6561);
#6561 = DEFINITIONAL_REPRESENTATION('',(#6562),#6566);
#6562 = LINE('',#6563,#6564);
#6563 = CARTESIAN_POINT('',(5.329070518201E-15,-11.2));
#6564 = VECTOR('',#6565,1.);
#6565 = DIRECTION('',(1.,0.));
#6566 = ( GEOMETRIC_REPRESENTATION_CONTEXT(2) 
PARAMETRIC_REPRESENTATION_CONTEXT() REPRESENTATION_CONTEXT('2D SPACE',''
  ) );
#6567 = PCURVE('',#5119,#6568);
#6568 = DEFINITIONAL_REPRESENTATION('',(#6569),#6573);
#6569 = LINE('',#6570,#6571);
#6570 = CARTESIAN_POINT('',(0.,3.2));
#6571 = VECTOR('',#6572,1.);
#6572 = DIRECTION('',(1.,0.));
#6573 = ( GEOMETRIC_REPRESENTATION_CONTEXT(2) 
PARAMETRIC_REPRESENTATION_CONTEXT() REPRESENTATION_CONTEXT('2D SPACE',''
  ) );
#6574 = ORIENTED_EDGE('',*,*,#5131,.F.);
#6575 = ADVANCED_FACE('',(#6576),#5091,.T.);
#6576 = FACE_BOUND('',#6577,.T.);
#6577 = EDGE_LOOP('',(#6578,#6579,#6580,#6601));
#6578 = ORIENTED_EDGE('',*,*,#6527,.F.);
#6579 = ORIENTED_EDGE('',*,*,#5715,.T.);
#6580 = ORIENTED_EDGE('',*,*,#6581,.T.);
#6581 = EDGE_CURVE('',#5716,#5076,#6582,.T.);
#6582 = SURFACE_CURVE('',#6583,(#6587,#6594),.PCURVE_S1.);
#6583 = LINE('',#6584,#6585);
#6584 = CARTESIAN_POINT('',(20.6,-17.78893936688,47.838477631085));
#6585 = VECTOR('',#6586,1.);
#6586 = DIRECTION('',(0.,-0.707106781187,0.707106781187));
#6587 = PCURVE('',#5091,#6588);
#6588 = DEFINITIONAL_REPRESENTATION('',(#6589),#6593);
#6589 = LINE('',#6590,#6591);
#6590 = CARTESIAN_POINT('',(5.329070518201E-15,-11.2));
#6591 = VECTOR('',#6592,1.);
#6592 = DIRECTION('',(1.,0.));
#6593 = ( GEOMETRIC_REPRESENTATION_CONTEXT(2) 
PARAMETRIC_REPRESENTATION_CONTEXT() REPRESENTATION_CONTEXT('2D SPACE',''
  ) );
#6594 = PCURVE('',#5119,#6595);
#6595 = DEFINITIONAL_REPRESENTATION('',(#6596),#6600);
#6596 = LINE('',#6597,#6598);
#6597 = CARTESIAN_POINT('',(0.,0.));
#6598 = VECTOR('',#6599,1.);
#6599 = DIRECTION('',(1.,0.));
#6600 = ( GEOMETRIC_REPRESENTATION_CONTEXT(2) 
PARAMETRIC_REPRESENTATION_CONTEXT() REPRESENTATION_CONTEXT('2D SPACE',''
  ) );
#6601 = ORIENTED_EDGE('',*,*,#5075,.F.);
#6602 = ADVANCED_FACE('',(#6603),#5119,.F.);
#6603 = FACE_BOUND('',#6604,.F.);
#6604 = EDGE_LOOP('',(#6605,#6606,#6607,#6608));
#6605 = ORIENTED_EDGE('',*,*,#6554,.F.);
#6606 = ORIENTED_EDGE('',*,*,#5738,.T.);
#6607 = ORIENTED_EDGE('',*,*,#6581,.T.);
#6608 = ORIENTED_EDGE('',*,*,#5103,.F.);
#6609 = ADVANCED_FACE('',(#6610),#5180,.F.);
#6610 = FACE_BOUND('',#6611,.T.);
#6611 = EDGE_LOOP('',(#6612,#6613,#6634,#6635));
#6612 = ORIENTED_EDGE('',*,*,#5784,.T.);
#6613 = ORIENTED_EDGE('',*,*,#6614,.T.);
#6614 = EDGE_CURVE('',#5785,#5160,#6615,.T.);
#6615 = SEAM_CURVE('',#6616,(#6620,#6627),.PCURVE_S1.);
#6616 = LINE('',#6617,#6618);
#6617 = CARTESIAN_POINT('',(3.2,-9.020815280171,56.606601717798));
#6618 = VECTOR('',#6619,1.);
#6619 = DIRECTION('',(0.,-0.707106781187,0.707106781187));
#6620 = PCURVE('',#5180,#6621);
#6621 = DEFINITIONAL_REPRESENTATION('',(#6622),#6626);
#6622 = LINE('',#6623,#6624);
#6623 = CARTESIAN_POINT('',(-6.28318530718,0.));
#6624 = VECTOR('',#6625,1.);
#6625 = DIRECTION('',(-0.,-1.));
#6626 = ( GEOMETRIC_REPRESENTATION_CONTEXT(2) 
PARAMETRIC_REPRESENTATION_CONTEXT() REPRESENTATION_CONTEXT('2D SPACE',''
  ) );
#6627 = PCURVE('',#5180,#6628);
#6628 = DEFINITIONAL_REPRESENTATION('',(#6629),#6633);
#6629 = LINE('',#6630,#6631);
#6630 = CARTESIAN_POINT('',(-0.,0.));
#6631 = VECTOR('',#6632,1.);
#6632 = DIRECTION('',(-0.,-1.));
#6633 = ( GEOMETRIC_REPRESENTATION_CONTEXT(2) 
PARAMETRIC_REPRESENTATION_CONTEXT() REPRESENTATION_CONTEXT('2D SPACE',''
  ) );
#6634 = ORIENTED_EDGE('',*,*,#5159,.F.);
#6635 = ORIENTED_EDGE('',*,*,#6614,.F.);
#6636 = ADVANCED_FACE('',(#6637),#5210,.F.);
#6637 = FACE_BOUND('',#6638,.F.);
#6638 = EDGE_LOOP('',(#6639,#6661,#6688,#6710,#6737,#6757));
#6639 = ORIENTED_EDGE('',*,*,#6640,.F.);
#6640 = EDGE_CURVE('',#6641,#5197,#6643,.T.);
#6641 = VERTEX_POINT('',#6642);
#6642 = CARTESIAN_POINT('',(-2.415,-12.15329832082,56.161124445651));
#6643 = SURFACE_CURVE('',#6644,(#6647,#6654),.PCURVE_S1.);
#6644 = B_SPLINE_CURVE_WITH_KNOTS('',1,(#6645,#6646),.UNSPECIFIED.,.F.,
  .F.,(2,2),(0.,1.),.PIECEWISE_BEZIER_KNOTS.);
#6645 = CARTESIAN_POINT('',(-2.415,-12.15329832082,56.161124445651));
#6646 = CARTESIAN_POINT('',(-0.815,-14.35240041031,56.097484835344));
#6647 = PCURVE('',#5210,#6648);
#6648 = DEFINITIONAL_REPRESENTATION('',(#6649),#6653);
#6649 = LINE('',#6650,#6651);
#6650 = CARTESIAN_POINT('',(0.,0.));
#6651 = VECTOR('',#6652,1.);
#6652 = DIRECTION('',(0.,1.));
#6653 = ( GEOMETRIC_REPRESENTATION_CONTEXT(2) 
PARAMETRIC_REPRESENTATION_CONTEXT() REPRESENTATION_CONTEXT('2D SPACE',''
  ) );
#6654 = PCURVE('',#5235,#6655);
#6655 = DEFINITIONAL_REPRESENTATION('',(#6656),#6660);
#6656 = LINE('',#6657,#6658);
#6657 = CARTESIAN_POINT('',(32.37,0.));
#6658 = VECTOR('',#6659,1.);
#6659 = DIRECTION('',(0.,1.));
#6660 = ( GEOMETRIC_REPRESENTATION_CONTEXT(2) 
PARAMETRIC_REPRESENTATION_CONTEXT() REPRESENTATION_CONTEXT('2D SPACE',''
  ) );
#6661 = ORIENTED_EDGE('',*,*,#6662,.T.);
#6662 = EDGE_CURVE('',#6641,#6663,#6665,.T.);
#6663 = VERTEX_POINT('',#6664);
#6664 = CARTESIAN_POINT('',(-2.415,-8.90060712737,59.413815639109));
#6665 = SURFACE_CURVE('',#6666,(#6670,#6676),.PCURVE_S1.);
#6666 = LINE('',#6667,#6668);
#6667 = CARTESIAN_POINT('',(-2.415,-12.15329832082,56.161124445651));
#6668 = VECTOR('',#6669,1.);
#6669 = DIRECTION('',(0.,0.707106781187,0.707106781187));
#6670 = PCURVE('',#5210,#6671);
#6671 = DEFINITIONAL_REPRESENTATION('',(#6672),#6675);
#6672 = B_SPLINE_CURVE_WITH_KNOTS('',1,(#6673,#6674),.UNSPECIFIED.,.F.,
  .F.,(2,2),(0.,33.83),.PIECEWISE_BEZIER_KNOTS.);
#6673 = CARTESIAN_POINT('',(0.,0.));
#6674 = CARTESIAN_POINT('',(37.03,0.));
#6675 = ( GEOMETRIC_REPRESENTATION_CONTEXT(2) 
PARAMETRIC_REPRESENTATION_CONTEXT() REPRESENTATION_CONTEXT('2D SPACE',''
  ) );
#6676 = PCURVE('',#6677,#6682);
#6677 = PLANE('',#6678);
#6678 = AXIS2_PLACEMENT_3D('',#6679,#6680,#6681);
#6679 = CARTESIAN_POINT('',(-31.585,-12.15329832082,56.161124445651));
#6680 = DIRECTION('',(0.,0.707106781187,-0.707106781187));
#6681 = DIRECTION('',(0.6530193309,0.53552112632,0.53552112632));
#6682 = DEFINITIONAL_REPRESENTATION('',(#6683),#6687);
#6683 = LINE('',#6684,#6685);
#6684 = CARTESIAN_POINT('',(19.048573882365,22.091643964361));
#6685 = VECTOR('',#6686,1.);
#6686 = DIRECTION('',(0.757341239779,-0.6530193309));
#6687 = ( GEOMETRIC_REPRESENTATION_CONTEXT(2) 
PARAMETRIC_REPRESENTATION_CONTEXT() REPRESENTATION_CONTEXT('2D SPACE',''
  ) );
#6688 = ORIENTED_EDGE('',*,*,#6689,.T.);
#6689 = EDGE_CURVE('',#6663,#6690,#6692,.T.);
#6690 = VERTEX_POINT('',#6691);
#6691 = CARTESIAN_POINT('',(-2.415,8.515432893255,76.829855659733));
#6692 = SURFACE_CURVE('',#6693,(#6697,#6703),.PCURVE_S1.);
#6693 = LINE('',#6694,#6695);
#6694 = CARTESIAN_POINT('',(-2.415,-12.15329832082,56.161124445651));
#6695 = VECTOR('',#6696,1.);
#6696 = DIRECTION('',(0.,0.707106781187,0.707106781187));
#6697 = PCURVE('',#5210,#6698);
#6698 = DEFINITIONAL_REPRESENTATION('',(#6699),#6702);
#6699 = B_SPLINE_CURVE_WITH_KNOTS('',1,(#6700,#6701),.UNSPECIFIED.,.F.,
  .F.,(2,2),(0.,33.83),.PIECEWISE_BEZIER_KNOTS.);
#6700 = CARTESIAN_POINT('',(0.,0.));
#6701 = CARTESIAN_POINT('',(37.03,0.));
#6702 = ( GEOMETRIC_REPRESENTATION_CONTEXT(2) 
PARAMETRIC_REPRESENTATION_CONTEXT() REPRESENTATION_CONTEXT('2D SPACE',''
  ) );
#6703 = PCURVE('',#6030,#6704);
#6704 = DEFINITIONAL_REPRESENTATION('',(#6705),#6709);
#6705 = LINE('',#6706,#6707);
#6706 = CARTESIAN_POINT('',(-2.6645352591E-15,-1.4));
#6707 = VECTOR('',#6708,1.);
#6708 = DIRECTION('',(1.,0.));
#6709 = ( GEOMETRIC_REPRESENTATION_CONTEXT(2) 
PARAMETRIC_REPRESENTATION_CONTEXT() REPRESENTATION_CONTEXT('2D SPACE',''
  ) );
#6710 = ORIENTED_EDGE('',*,*,#6711,.T.);
#6711 = EDGE_CURVE('',#6690,#6712,#6714,.T.);
#6712 = VERTEX_POINT('',#6713);
#6713 = CARTESIAN_POINT('',(-2.415,11.768124086713,80.082546853192));
#6714 = SURFACE_CURVE('',#6715,(#6719,#6725),.PCURVE_S1.);
#6715 = LINE('',#6716,#6717);
#6716 = CARTESIAN_POINT('',(-2.415,-12.15329832082,56.161124445651));
#6717 = VECTOR('',#6718,1.);
#6718 = DIRECTION('',(0.,0.707106781187,0.707106781187));
#6719 = PCURVE('',#5210,#6720);
#6720 = DEFINITIONAL_REPRESENTATION('',(#6721),#6724);
#6721 = B_SPLINE_CURVE_WITH_KNOTS('',1,(#6722,#6723),.UNSPECIFIED.,.F.,
  .F.,(2,2),(0.,33.83),.PIECEWISE_BEZIER_KNOTS.);
#6722 = CARTESIAN_POINT('',(0.,0.));
#6723 = CARTESIAN_POINT('',(37.03,0.));
#6724 = ( GEOMETRIC_REPRESENTATION_CONTEXT(2) 
PARAMETRIC_REPRESENTATION_CONTEXT() REPRESENTATION_CONTEXT('2D SPACE',''
  ) );
#6725 = PCURVE('',#6726,#6731);
#6726 = PLANE('',#6727);
#6727 = AXIS2_PLACEMENT_3D('',#6728,#6729,#6730);
#6728 = CARTESIAN_POINT('',(-31.585,-12.15329832082,56.161124445651));
#6729 = DIRECTION('',(0.,0.707106781187,-0.707106781187));
#6730 = DIRECTION('',(0.6530193309,0.53552112632,0.53552112632));
#6731 = DEFINITIONAL_REPRESENTATION('',(#6732),#6736);
#6732 = LINE('',#6733,#6734);
#6733 = CARTESIAN_POINT('',(19.048573882365,22.091643964361));
#6734 = VECTOR('',#6735,1.);
#6735 = DIRECTION('',(0.757341239779,-0.6530193309));
#6736 = ( GEOMETRIC_REPRESENTATION_CONTEXT(2) 
PARAMETRIC_REPRESENTATION_CONTEXT() REPRESENTATION_CONTEXT('2D SPACE',''
  ) );
#6737 = ORIENTED_EDGE('',*,*,#6738,.T.);
#6738 = EDGE_CURVE('',#6712,#5195,#6739,.T.);
#6739 = SURFACE_CURVE('',#6740,(#6743,#6750),.PCURVE_S1.);
#6740 = B_SPLINE_CURVE_WITH_KNOTS('',1,(#6741,#6742),.UNSPECIFIED.,.F.,
  .F.,(2,2),(0.,1.),.PIECEWISE_BEZIER_KNOTS.);
#6741 = CARTESIAN_POINT('',(-2.415,11.768124086713,80.082546853192));
#6742 = CARTESIAN_POINT('',(-0.815,11.83176369702,82.281648942682));
#6743 = PCURVE('',#5210,#6744);
#6744 = DEFINITIONAL_REPRESENTATION('',(#6745),#6749);
#6745 = LINE('',#6746,#6747);
#6746 = CARTESIAN_POINT('',(37.03,0.));
#6747 = VECTOR('',#6748,1.);
#6748 = DIRECTION('',(0.,1.));
#6749 = ( GEOMETRIC_REPRESENTATION_CONTEXT(2) 
PARAMETRIC_REPRESENTATION_CONTEXT() REPRESENTATION_CONTEXT('2D SPACE',''
  ) );
#6750 = PCURVE('',#5283,#6751);
#6751 = DEFINITIONAL_REPRESENTATION('',(#6752),#6756);
#6752 = LINE('',#6753,#6754);
#6753 = CARTESIAN_POINT('',(0.,0.));
#6754 = VECTOR('',#6755,1.);
#6755 = DIRECTION('',(0.,1.));
#6756 = ( GEOMETRIC_REPRESENTATION_CONTEXT(2) 
PARAMETRIC_REPRESENTATION_CONTEXT() REPRESENTATION_CONTEXT('2D SPACE',''
  ) );
#6757 = ORIENTED_EDGE('',*,*,#5194,.T.);
#6758 = ADVANCED_FACE('',(#6759),#5283,.F.);
#6759 = FACE_BOUND('',#6760,.F.);
#6760 = EDGE_LOOP('',(#6761,#6762,#6784,#6806,#6833,#6853));
#6761 = ORIENTED_EDGE('',*,*,#6738,.F.);
#6762 = ORIENTED_EDGE('',*,*,#6763,.T.);
#6763 = EDGE_CURVE('',#6712,#6764,#6766,.T.);
#6764 = VERTEX_POINT('',#6765);
#6765 = CARTESIAN_POINT('',(-7.015,11.768124086713,80.082546853192));
#6766 = SURFACE_CURVE('',#6767,(#6771,#6777),.PCURVE_S1.);
#6767 = LINE('',#6768,#6769);
#6768 = CARTESIAN_POINT('',(-2.415,11.768124086713,80.082546853192));
#6769 = VECTOR('',#6770,1.);
#6770 = DIRECTION('',(-1.,0.,0.));
#6771 = PCURVE('',#5283,#6772);
#6772 = DEFINITIONAL_REPRESENTATION('',(#6773),#6776);
#6773 = B_SPLINE_CURVE_WITH_KNOTS('',1,(#6774,#6775),.UNSPECIFIED.,.F.,
  .F.,(2,2),(0.,29.17),.PIECEWISE_BEZIER_KNOTS.);
#6774 = CARTESIAN_POINT('',(0.,0.));
#6775 = CARTESIAN_POINT('',(32.37,0.));
#6776 = ( GEOMETRIC_REPRESENTATION_CONTEXT(2) 
PARAMETRIC_REPRESENTATION_CONTEXT() REPRESENTATION_CONTEXT('2D SPACE',''
  ) );
#6777 = PCURVE('',#6726,#6778);
#6778 = DEFINITIONAL_REPRESENTATION('',(#6779),#6783);
#6779 = LINE('',#6780,#6781);
#6780 = CARTESIAN_POINT('',(44.669428024097,1.06581410364E-14));
#6781 = VECTOR('',#6782,1.);
#6782 = DIRECTION('',(-0.6530193309,-0.757341239779));
#6783 = ( GEOMETRIC_REPRESENTATION_CONTEXT(2) 
PARAMETRIC_REPRESENTATION_CONTEXT() REPRESENTATION_CONTEXT('2D SPACE',''
  ) );
#6784 = ORIENTED_EDGE('',*,*,#6785,.T.);
#6785 = EDGE_CURVE('',#6764,#6786,#6788,.T.);
#6786 = VERTEX_POINT('',#6787);
#6787 = CARTESIAN_POINT('',(-26.985,11.768124086713,80.082546853192));
#6788 = SURFACE_CURVE('',#6789,(#6793,#6799),.PCURVE_S1.);
#6789 = LINE('',#6790,#6791);
#6790 = CARTESIAN_POINT('',(-2.415,11.768124086713,80.082546853192));
#6791 = VECTOR('',#6792,1.);
#6792 = DIRECTION('',(-1.,0.,0.));
#6793 = PCURVE('',#5283,#6794);
#6794 = DEFINITIONAL_REPRESENTATION('',(#6795),#6798);
#6795 = B_SPLINE_CURVE_WITH_KNOTS('',1,(#6796,#6797),.UNSPECIFIED.,.F.,
  .F.,(2,2),(0.,29.17),.PIECEWISE_BEZIER_KNOTS.);
#6796 = CARTESIAN_POINT('',(0.,0.));
#6797 = CARTESIAN_POINT('',(32.37,0.));
#6798 = ( GEOMETRIC_REPRESENTATION_CONTEXT(2) 
PARAMETRIC_REPRESENTATION_CONTEXT() REPRESENTATION_CONTEXT('2D SPACE',''
  ) );
#6799 = PCURVE('',#5975,#6800);
#6800 = DEFINITIONAL_REPRESENTATION('',(#6801),#6805);
#6801 = LINE('',#6802,#6803);
#6802 = CARTESIAN_POINT('',(0.,-1.4));
#6803 = VECTOR('',#6804,1.);
#6804 = DIRECTION('',(1.,0.));
#6805 = ( GEOMETRIC_REPRESENTATION_CONTEXT(2) 
PARAMETRIC_REPRESENTATION_CONTEXT() REPRESENTATION_CONTEXT('2D SPACE',''
  ) );
#6806 = ORIENTED_EDGE('',*,*,#6807,.T.);
#6807 = EDGE_CURVE('',#6786,#6808,#6810,.T.);
#6808 = VERTEX_POINT('',#6809);
#6809 = CARTESIAN_POINT('',(-31.585,11.768124086713,80.082546853192));
#6810 = SURFACE_CURVE('',#6811,(#6815,#6821),.PCURVE_S1.);
#6811 = LINE('',#6812,#6813);
#6812 = CARTESIAN_POINT('',(-2.415,11.768124086713,80.082546853192));
#6813 = VECTOR('',#6814,1.);
#6814 = DIRECTION('',(-1.,0.,0.));
#6815 = PCURVE('',#5283,#6816);
#6816 = DEFINITIONAL_REPRESENTATION('',(#6817),#6820);
#6817 = B_SPLINE_CURVE_WITH_KNOTS('',1,(#6818,#6819),.UNSPECIFIED.,.F.,
  .F.,(2,2),(0.,29.17),.PIECEWISE_BEZIER_KNOTS.);
#6818 = CARTESIAN_POINT('',(0.,0.));
#6819 = CARTESIAN_POINT('',(32.37,0.));
#6820 = ( GEOMETRIC_REPRESENTATION_CONTEXT(2) 
PARAMETRIC_REPRESENTATION_CONTEXT() REPRESENTATION_CONTEXT('2D SPACE',''
  ) );
#6821 = PCURVE('',#6822,#6827);
#6822 = PLANE('',#6823);
#6823 = AXIS2_PLACEMENT_3D('',#6824,#6825,#6826);
#6824 = CARTESIAN_POINT('',(-31.585,-12.15329832082,56.161124445651));
#6825 = DIRECTION('',(0.,0.707106781187,-0.707106781187));
#6826 = DIRECTION('',(0.6530193309,0.53552112632,0.53552112632));
#6827 = DEFINITIONAL_REPRESENTATION('',(#6828),#6832);
#6828 = LINE('',#6829,#6830);
#6829 = CARTESIAN_POINT('',(44.669428024097,1.06581410364E-14));
#6830 = VECTOR('',#6831,1.);
#6831 = DIRECTION('',(-0.6530193309,-0.757341239779));
#6832 = ( GEOMETRIC_REPRESENTATION_CONTEXT(2) 
PARAMETRIC_REPRESENTATION_CONTEXT() REPRESENTATION_CONTEXT('2D SPACE',''
  ) );
#6833 = ORIENTED_EDGE('',*,*,#6834,.T.);
#6834 = EDGE_CURVE('',#6808,#5247,#6835,.T.);
#6835 = SURFACE_CURVE('',#6836,(#6839,#6846),.PCURVE_S1.);
#6836 = B_SPLINE_CURVE_WITH_KNOTS('',1,(#6837,#6838),.UNSPECIFIED.,.F.,
  .F.,(2,2),(0.,1.),.PIECEWISE_BEZIER_KNOTS.);
#6837 = CARTESIAN_POINT('',(-31.585,11.768124086713,80.082546853192));
#6838 = CARTESIAN_POINT('',(-33.185,11.83176369702,82.281648942682));
#6839 = PCURVE('',#5283,#6840);
#6840 = DEFINITIONAL_REPRESENTATION('',(#6841),#6845);
#6841 = LINE('',#6842,#6843);
#6842 = CARTESIAN_POINT('',(32.37,0.));
#6843 = VECTOR('',#6844,1.);
#6844 = DIRECTION('',(0.,1.));
#6845 = ( GEOMETRIC_REPRESENTATION_CONTEXT(2) 
PARAMETRIC_REPRESENTATION_CONTEXT() REPRESENTATION_CONTEXT('2D SPACE',''
  ) );
#6846 = PCURVE('',#5260,#6847);
#6847 = DEFINITIONAL_REPRESENTATION('',(#6848),#6852);
#6848 = LINE('',#6849,#6850);
#6849 = CARTESIAN_POINT('',(0.,0.));
#6850 = VECTOR('',#6851,1.);
#6851 = DIRECTION('',(0.,1.));
#6852 = ( GEOMETRIC_REPRESENTATION_CONTEXT(2) 
PARAMETRIC_REPRESENTATION_CONTEXT() REPRESENTATION_CONTEXT('2D SPACE',''
  ) );
#6853 = ORIENTED_EDGE('',*,*,#5271,.T.);
#6854 = ADVANCED_FACE('',(#6855),#5235,.F.);
#6855 = FACE_BOUND('',#6856,.F.);
#6856 = EDGE_LOOP('',(#6857,#6879,#6906,#6928,#6948,#6949));
#6857 = ORIENTED_EDGE('',*,*,#6858,.F.);
#6858 = EDGE_CURVE('',#6859,#5222,#6861,.T.);
#6859 = VERTEX_POINT('',#6860);
#6860 = CARTESIAN_POINT('',(-31.585,-12.15329832082,56.161124445651));
#6861 = SURFACE_CURVE('',#6862,(#6865,#6872),.PCURVE_S1.);
#6862 = B_SPLINE_CURVE_WITH_KNOTS('',1,(#6863,#6864),.UNSPECIFIED.,.F.,
  .F.,(2,2),(0.,1.),.PIECEWISE_BEZIER_KNOTS.);
#6863 = CARTESIAN_POINT('',(-31.585,-12.15329832082,56.161124445651));
#6864 = CARTESIAN_POINT('',(-33.185,-14.35240041031,56.097484835344));
#6865 = PCURVE('',#5235,#6866);
#6866 = DEFINITIONAL_REPRESENTATION('',(#6867),#6871);
#6867 = LINE('',#6868,#6869);
#6868 = CARTESIAN_POINT('',(0.,0.));
#6869 = VECTOR('',#6870,1.);
#6870 = DIRECTION('',(0.,1.));
#6871 = ( GEOMETRIC_REPRESENTATION_CONTEXT(2) 
PARAMETRIC_REPRESENTATION_CONTEXT() REPRESENTATION_CONTEXT('2D SPACE',''
  ) );
#6872 = PCURVE('',#5260,#6873);
#6873 = DEFINITIONAL_REPRESENTATION('',(#6874),#6878);
#6874 = LINE('',#6875,#6876);
#6875 = CARTESIAN_POINT('',(37.03,0.));
#6876 = VECTOR('',#6877,1.);
#6877 = DIRECTION('',(0.,1.));
#6878 = ( GEOMETRIC_REPRESENTATION_CONTEXT(2) 
PARAMETRIC_REPRESENTATION_CONTEXT() REPRESENTATION_CONTEXT('2D SPACE',''
  ) );
#6879 = ORIENTED_EDGE('',*,*,#6880,.T.);
#6880 = EDGE_CURVE('',#6859,#6881,#6883,.T.);
#6881 = VERTEX_POINT('',#6882);
#6882 = CARTESIAN_POINT('',(-26.985,-12.15329832082,56.161124445651));
#6883 = SURFACE_CURVE('',#6884,(#6888,#6894),.PCURVE_S1.);
#6884 = LINE('',#6885,#6886);
#6885 = CARTESIAN_POINT('',(-31.585,-12.15329832082,56.161124445651));
#6886 = VECTOR('',#6887,1.);
#6887 = DIRECTION('',(1.,0.,0.));
#6888 = PCURVE('',#5235,#6889);
#6889 = DEFINITIONAL_REPRESENTATION('',(#6890),#6893);
#6890 = B_SPLINE_CURVE_WITH_KNOTS('',1,(#6891,#6892),.UNSPECIFIED.,.F.,
  .F.,(2,2),(0.,29.17),.PIECEWISE_BEZIER_KNOTS.);
#6891 = CARTESIAN_POINT('',(0.,0.));
#6892 = CARTESIAN_POINT('',(32.37,0.));
#6893 = ( GEOMETRIC_REPRESENTATION_CONTEXT(2) 
PARAMETRIC_REPRESENTATION_CONTEXT() REPRESENTATION_CONTEXT('2D SPACE',''
  ) );
#6894 = PCURVE('',#6895,#6900);
#6895 = PLANE('',#6896);
#6896 = AXIS2_PLACEMENT_3D('',#6897,#6898,#6899);
#6897 = CARTESIAN_POINT('',(-31.585,-12.15329832082,56.161124445651));
#6898 = DIRECTION('',(0.,0.707106781187,-0.707106781187));
#6899 = DIRECTION('',(0.6530193309,0.53552112632,0.53552112632));
#6900 = DEFINITIONAL_REPRESENTATION('',(#6901),#6905);
#6901 = LINE('',#6902,#6903);
#6902 = CARTESIAN_POINT('',(0.,0.));
#6903 = VECTOR('',#6904,1.);
#6904 = DIRECTION('',(0.6530193309,0.757341239779));
#6905 = ( GEOMETRIC_REPRESENTATION_CONTEXT(2) 
PARAMETRIC_REPRESENTATION_CONTEXT() REPRESENTATION_CONTEXT('2D SPACE',''
  ) );
#6906 = ORIENTED_EDGE('',*,*,#6907,.T.);
#6907 = EDGE_CURVE('',#6881,#6908,#6910,.T.);
#6908 = VERTEX_POINT('',#6909);
#6909 = CARTESIAN_POINT('',(-7.015,-12.15329832082,56.161124445651));
#6910 = SURFACE_CURVE('',#6911,(#6915,#6921),.PCURVE_S1.);
#6911 = LINE('',#6912,#6913);
#6912 = CARTESIAN_POINT('',(-31.585,-12.15329832082,56.161124445651));
#6913 = VECTOR('',#6914,1.);
#6914 = DIRECTION('',(1.,0.,0.));
#6915 = PCURVE('',#5235,#6916);
#6916 = DEFINITIONAL_REPRESENTATION('',(#6917),#6920);
#6917 = B_SPLINE_CURVE_WITH_KNOTS('',1,(#6918,#6919),.UNSPECIFIED.,.F.,
  .F.,(2,2),(0.,29.17),.PIECEWISE_BEZIER_KNOTS.);
#6918 = CARTESIAN_POINT('',(0.,0.));
#6919 = CARTESIAN_POINT('',(32.37,0.));
#6920 = ( GEOMETRIC_REPRESENTATION_CONTEXT(2) 
PARAMETRIC_REPRESENTATION_CONTEXT() REPRESENTATION_CONTEXT('2D SPACE',''
  ) );
#6921 = PCURVE('',#5861,#6922);
#6922 = DEFINITIONAL_REPRESENTATION('',(#6923),#6927);
#6923 = LINE('',#6924,#6925);
#6924 = CARTESIAN_POINT('',(0.,-1.4));
#6925 = VECTOR('',#6926,1.);
#6926 = DIRECTION('',(1.,0.));
#6927 = ( GEOMETRIC_REPRESENTATION_CONTEXT(2) 
PARAMETRIC_REPRESENTATION_CONTEXT() REPRESENTATION_CONTEXT('2D SPACE',''
  ) );
#6928 = ORIENTED_EDGE('',*,*,#6929,.T.);
#6929 = EDGE_CURVE('',#6908,#6641,#6930,.T.);
#6930 = SURFACE_CURVE('',#6931,(#6935,#6941),.PCURVE_S1.);
#6931 = LINE('',#6932,#6933);
#6932 = CARTESIAN_POINT('',(-31.585,-12.15329832082,56.161124445651));
#6933 = VECTOR('',#6934,1.);
#6934 = DIRECTION('',(1.,0.,0.));
#6935 = PCURVE('',#5235,#6936);
#6936 = DEFINITIONAL_REPRESENTATION('',(#6937),#6940);
#6937 = B_SPLINE_CURVE_WITH_KNOTS('',1,(#6938,#6939),.UNSPECIFIED.,.F.,
  .F.,(2,2),(0.,29.17),.PIECEWISE_BEZIER_KNOTS.);
#6938 = CARTESIAN_POINT('',(0.,0.));
#6939 = CARTESIAN_POINT('',(32.37,0.));
#6940 = ( GEOMETRIC_REPRESENTATION_CONTEXT(2) 
PARAMETRIC_REPRESENTATION_CONTEXT() REPRESENTATION_CONTEXT('2D SPACE',''
  ) );
#6941 = PCURVE('',#6677,#6942);
#6942 = DEFINITIONAL_REPRESENTATION('',(#6943),#6947);
#6943 = LINE('',#6944,#6945);
#6944 = CARTESIAN_POINT('',(0.,0.));
#6945 = VECTOR('',#6946,1.);
#6946 = DIRECTION('',(0.6530193309,0.757341239779));
#6947 = ( GEOMETRIC_REPRESENTATION_CONTEXT(2) 
PARAMETRIC_REPRESENTATION_CONTEXT() REPRESENTATION_CONTEXT('2D SPACE',''
  ) );
#6948 = ORIENTED_EDGE('',*,*,#6640,.T.);
#6949 = ORIENTED_EDGE('',*,*,#5221,.T.);
#6950 = ADVANCED_FACE('',(#6951),#5260,.F.);
#6951 = FACE_BOUND('',#6952,.F.);
#6952 = EDGE_LOOP('',(#6953,#6954,#6976,#6998,#7018,#7019));
#6953 = ORIENTED_EDGE('',*,*,#6834,.F.);
#6954 = ORIENTED_EDGE('',*,*,#6955,.T.);
#6955 = EDGE_CURVE('',#6808,#6956,#6958,.T.);
#6956 = VERTEX_POINT('',#6957);
#6957 = CARTESIAN_POINT('',(-31.585,8.515432893255,76.829855659733));
#6958 = SURFACE_CURVE('',#6959,(#6963,#6969),.PCURVE_S1.);
#6959 = LINE('',#6960,#6961);
#6960 = CARTESIAN_POINT('',(-31.585,11.768124086713,80.082546853192));
#6961 = VECTOR('',#6962,1.);
#6962 = DIRECTION('',(0.,-0.707106781187,-0.707106781187));
#6963 = PCURVE('',#5260,#6964);
#6964 = DEFINITIONAL_REPRESENTATION('',(#6965),#6968);
#6965 = B_SPLINE_CURVE_WITH_KNOTS('',1,(#6966,#6967),.UNSPECIFIED.,.F.,
  .F.,(2,2),(0.,33.83),.PIECEWISE_BEZIER_KNOTS.);
#6966 = CARTESIAN_POINT('',(0.,0.));
#6967 = CARTESIAN_POINT('',(37.03,0.));
#6968 = ( GEOMETRIC_REPRESENTATION_CONTEXT(2) 
PARAMETRIC_REPRESENTATION_CONTEXT() REPRESENTATION_CONTEXT('2D SPACE',''
  ) );
#6969 = PCURVE('',#6822,#6970);
#6970 = DEFINITIONAL_REPRESENTATION('',(#6971),#6975);
#6971 = LINE('',#6972,#6973);
#6972 = CARTESIAN_POINT('',(25.620854141732,-22.09164396436));
#6973 = VECTOR('',#6974,1.);
#6974 = DIRECTION('',(-0.757341239779,0.6530193309));
#6975 = ( GEOMETRIC_REPRESENTATION_CONTEXT(2) 
PARAMETRIC_REPRESENTATION_CONTEXT() REPRESENTATION_CONTEXT('2D SPACE',''
  ) );
#6976 = ORIENTED_EDGE('',*,*,#6977,.T.);
#6977 = EDGE_CURVE('',#6956,#6978,#6980,.T.);
#6978 = VERTEX_POINT('',#6979);
#6979 = CARTESIAN_POINT('',(-31.585,-8.90060712737,59.413815639109));
#6980 = SURFACE_CURVE('',#6981,(#6985,#6991),.PCURVE_S1.);
#6981 = LINE('',#6982,#6983);
#6982 = CARTESIAN_POINT('',(-31.585,11.768124086713,80.082546853192));
#6983 = VECTOR('',#6984,1.);
#6984 = DIRECTION('',(0.,-0.707106781187,-0.707106781187));
#6985 = PCURVE('',#5260,#6986);
#6986 = DEFINITIONAL_REPRESENTATION('',(#6987),#6990);
#6987 = B_SPLINE_CURVE_WITH_KNOTS('',1,(#6988,#6989),.UNSPECIFIED.,.F.,
  .F.,(2,2),(0.,33.83),.PIECEWISE_BEZIER_KNOTS.);
#6988 = CARTESIAN_POINT('',(0.,0.));
#6989 = CARTESIAN_POINT('',(37.03,0.));
#6990 = ( GEOMETRIC_REPRESENTATION_CONTEXT(2) 
PARAMETRIC_REPRESENTATION_CONTEXT() REPRESENTATION_CONTEXT('2D SPACE',''
  ) );
#6991 = PCURVE('',#5918,#6992);
#6992 = DEFINITIONAL_REPRESENTATION('',(#6993),#6997);
#6993 = LINE('',#6994,#6995);
#6994 = CARTESIAN_POINT('',(6.439293542826E-15,-1.4));
#6995 = VECTOR('',#6996,1.);
#6996 = DIRECTION('',(1.,0.));
#6997 = ( GEOMETRIC_REPRESENTATION_CONTEXT(2) 
PARAMETRIC_REPRESENTATION_CONTEXT() REPRESENTATION_CONTEXT('2D SPACE',''
  ) );
#6998 = ORIENTED_EDGE('',*,*,#6999,.T.);
#6999 = EDGE_CURVE('',#6978,#6859,#7000,.T.);
#7000 = SURFACE_CURVE('',#7001,(#7005,#7011),.PCURVE_S1.);
#7001 = LINE('',#7002,#7003);
#7002 = CARTESIAN_POINT('',(-31.585,11.768124086713,80.082546853192));
#7003 = VECTOR('',#7004,1.);
#7004 = DIRECTION('',(0.,-0.707106781187,-0.707106781187));
#7005 = PCURVE('',#5260,#7006);
#7006 = DEFINITIONAL_REPRESENTATION('',(#7007),#7010);
#7007 = B_SPLINE_CURVE_WITH_KNOTS('',1,(#7008,#7009),.UNSPECIFIED.,.F.,
  .F.,(2,2),(0.,33.83),.PIECEWISE_BEZIER_KNOTS.);
#7008 = CARTESIAN_POINT('',(0.,0.));
#7009 = CARTESIAN_POINT('',(37.03,0.));
#7010 = ( GEOMETRIC_REPRESENTATION_CONTEXT(2) 
PARAMETRIC_REPRESENTATION_CONTEXT() REPRESENTATION_CONTEXT('2D SPACE',''
  ) );
#7011 = PCURVE('',#6895,#7012);
#7012 = DEFINITIONAL_REPRESENTATION('',(#7013),#7017);
#7013 = LINE('',#7014,#7015);
#7014 = CARTESIAN_POINT('',(25.620854141732,-22.09164396436));
#7015 = VECTOR('',#7016,1.);
#7016 = DIRECTION('',(-0.757341239779,0.6530193309));
#7017 = ( GEOMETRIC_REPRESENTATION_CONTEXT(2) 
PARAMETRIC_REPRESENTATION_CONTEXT() REPRESENTATION_CONTEXT('2D SPACE',''
  ) );
#7018 = ORIENTED_EDGE('',*,*,#6858,.T.);
#7019 = ORIENTED_EDGE('',*,*,#5246,.T.);
#7020 = ADVANCED_FACE('',(#7021),#5317,.F.);
#7021 = FACE_BOUND('',#7022,.T.);
#7022 = EDGE_LOOP('',(#7023,#7024,#7045,#7046));
#7023 = ORIENTED_EDGE('',*,*,#6044,.T.);
#7024 = ORIENTED_EDGE('',*,*,#7025,.T.);
#7025 = EDGE_CURVE('',#6045,#5297,#7026,.T.);
#7026 = SEAM_CURVE('',#7027,(#7031,#7038),.PCURVE_S1.);
#7027 = LINE('',#7028,#7029);
#7028 = CARTESIAN_POINT('',(-29.8,15.727922061358,81.355339059327));
#7029 = VECTOR('',#7030,1.);
#7030 = DIRECTION('',(0.,-0.707106781187,0.707106781187));
#7031 = PCURVE('',#5317,#7032);
#7032 = DEFINITIONAL_REPRESENTATION('',(#7033),#7037);
#7033 = LINE('',#7034,#7035);
#7034 = CARTESIAN_POINT('',(-6.28318530718,0.));
#7035 = VECTOR('',#7036,1.);
#7036 = DIRECTION('',(-0.,-1.));
#7037 = ( GEOMETRIC_REPRESENTATION_CONTEXT(2) 
PARAMETRIC_REPRESENTATION_CONTEXT() REPRESENTATION_CONTEXT('2D SPACE',''
  ) );
#7038 = PCURVE('',#5317,#7039);
#7039 = DEFINITIONAL_REPRESENTATION('',(#7040),#7044);
#7040 = LINE('',#7041,#7042);
#7041 = CARTESIAN_POINT('',(-0.,0.));
#7042 = VECTOR('',#7043,1.);
#7043 = DIRECTION('',(-0.,-1.));
#7044 = ( GEOMETRIC_REPRESENTATION_CONTEXT(2) 
PARAMETRIC_REPRESENTATION_CONTEXT() REPRESENTATION_CONTEXT('2D SPACE',''
  ) );
#7045 = ORIENTED_EDGE('',*,*,#5296,.F.);
#7046 = ORIENTED_EDGE('',*,*,#7025,.F.);
#7047 = ADVANCED_FACE('',(#7048),#5352,.F.);
#7048 = FACE_BOUND('',#7049,.T.);
#7049 = EDGE_LOOP('',(#7050,#7051,#7072,#7073));
#7050 = ORIENTED_EDGE('',*,*,#6074,.T.);
#7051 = ORIENTED_EDGE('',*,*,#7052,.T.);
#7052 = EDGE_CURVE('',#6075,#5332,#7053,.T.);
#7053 = SEAM_CURVE('',#7054,(#7058,#7065),.PCURVE_S1.);
#7054 = LINE('',#7055,#7056);
#7055 = CARTESIAN_POINT('',(3.2,15.727922061358,81.355339059327));
#7056 = VECTOR('',#7057,1.);
#7057 = DIRECTION('',(0.,-0.707106781187,0.707106781187));
#7058 = PCURVE('',#5352,#7059);
#7059 = DEFINITIONAL_REPRESENTATION('',(#7060),#7064);
#7060 = LINE('',#7061,#7062);
#7061 = CARTESIAN_POINT('',(-6.28318530718,0.));
#7062 = VECTOR('',#7063,1.);
#7063 = DIRECTION('',(-0.,-1.));
#7064 = ( GEOMETRIC_REPRESENTATION_CONTEXT(2) 
PARAMETRIC_REPRESENTATION_CONTEXT() REPRESENTATION_CONTEXT('2D SPACE',''
  ) );
#7065 = PCURVE('',#5352,#7066);
#7066 = DEFINITIONAL_REPRESENTATION('',(#7067),#7071);
#7067 = LINE('',#7068,#7069);
#7068 = CARTESIAN_POINT('',(-0.,0.));
#7069 = VECTOR('',#7070,1.);
#7070 = DIRECTION('',(-0.,-1.));
#7071 = ( GEOMETRIC_REPRESENTATION_CONTEXT(2) 
PARAMETRIC_REPRESENTATION_CONTEXT() REPRESENTATION_CONTEXT('2D SPACE',''
  ) );
#7072 = ORIENTED_EDGE('',*,*,#5331,.F.);
#7073 = ORIENTED_EDGE('',*,*,#7052,.F.);
#7074 = ADVANCED_FACE('',(#7075),#5387,.F.);
#7075 = FACE_BOUND('',#7076,.T.);
#7076 = EDGE_LOOP('',(#7077,#7078,#7099,#7100));
#7077 = ORIENTED_EDGE('',*,*,#6104,.T.);
#7078 = ORIENTED_EDGE('',*,*,#7079,.T.);
#7079 = EDGE_CURVE('',#6105,#5367,#7080,.T.);
#7080 = SEAM_CURVE('',#7081,(#7085,#7092),.PCURVE_S1.);
#7081 = LINE('',#7082,#7083);
#7082 = CARTESIAN_POINT('',(32.2,15.727922061358,81.355339059327));
#7083 = VECTOR('',#7084,1.);
#7084 = DIRECTION('',(0.,-0.707106781187,0.707106781187));
#7085 = PCURVE('',#5387,#7086);
#7086 = DEFINITIONAL_REPRESENTATION('',(#7087),#7091);
#7087 = LINE('',#7088,#7089);
#7088 = CARTESIAN_POINT('',(-6.28318530718,0.));
#7089 = VECTOR('',#7090,1.);
#7090 = DIRECTION('',(-0.,-1.));
#7091 = ( GEOMETRIC_REPRESENTATION_CONTEXT(2) 
PARAMETRIC_REPRESENTATION_CONTEXT() REPRESENTATION_CONTEXT('2D SPACE',''
  ) );
#7092 = PCURVE('',#5387,#7093);
#7093 = DEFINITIONAL_REPRESENTATION('',(#7094),#7098);
#7094 = LINE('',#7095,#7096);
#7095 = CARTESIAN_POINT('',(-0.,0.));
#7096 = VECTOR('',#7097,1.);
#7097 = DIRECTION('',(-0.,-1.));
#7098 = ( GEOMETRIC_REPRESENTATION_CONTEXT(2) 
PARAMETRIC_REPRESENTATION_CONTEXT() REPRESENTATION_CONTEXT('2D SPACE',''
  ) );
#7099 = ORIENTED_EDGE('',*,*,#5366,.F.);
#7100 = ORIENTED_EDGE('',*,*,#7079,.F.);
#7101 = ADVANCED_FACE('',(#7102),#5833,.F.);
#7102 = FACE_BOUND('',#7103,.F.);
#7103 = EDGE_LOOP('',(#7104,#7125,#7126,#7147));
#7104 = ORIENTED_EDGE('',*,*,#7105,.F.);
#7105 = EDGE_CURVE('',#5815,#6908,#7106,.T.);
#7106 = SURFACE_CURVE('',#7107,(#7111,#7118),.PCURVE_S1.);
#7107 = LINE('',#7108,#7109);
#7108 = CARTESIAN_POINT('',(-7.015,-11.16334882716,55.17117495199));
#7109 = VECTOR('',#7110,1.);
#7110 = DIRECTION('',(0.,-0.707106781187,0.707106781187));
#7111 = PCURVE('',#5833,#7112);
#7112 = DEFINITIONAL_REPRESENTATION('',(#7113),#7117);
#7113 = LINE('',#7114,#7115);
#7114 = CARTESIAN_POINT('',(0.,0.));
#7115 = VECTOR('',#7116,1.);
#7116 = DIRECTION('',(0.,1.));
#7117 = ( GEOMETRIC_REPRESENTATION_CONTEXT(2) 
PARAMETRIC_REPRESENTATION_CONTEXT() REPRESENTATION_CONTEXT('2D SPACE',''
  ) );
#7118 = PCURVE('',#5861,#7119);
#7119 = DEFINITIONAL_REPRESENTATION('',(#7120),#7124);
#7120 = LINE('',#7121,#7122);
#7121 = CARTESIAN_POINT('',(24.57,1.256073966947E-15));
#7122 = VECTOR('',#7123,1.);
#7123 = DIRECTION('',(0.,-1.));
#7124 = ( GEOMETRIC_REPRESENTATION_CONTEXT(2) 
PARAMETRIC_REPRESENTATION_CONTEXT() REPRESENTATION_CONTEXT('2D SPACE',''
  ) );
#7125 = ORIENTED_EDGE('',*,*,#5814,.T.);
#7126 = ORIENTED_EDGE('',*,*,#7127,.T.);
#7127 = EDGE_CURVE('',#5817,#6663,#7128,.T.);
#7128 = SURFACE_CURVE('',#7129,(#7133,#7140),.PCURVE_S1.);
#7129 = LINE('',#7130,#7131);
#7130 = CARTESIAN_POINT('',(-2.415,-7.910657633708,58.423866145448));
#7131 = VECTOR('',#7132,1.);
#7132 = DIRECTION('',(0.,-0.707106781187,0.707106781187));
#7133 = PCURVE('',#5833,#7134);
#7134 = DEFINITIONAL_REPRESENTATION('',(#7135),#7139);
#7135 = LINE('',#7136,#7137);
#7136 = CARTESIAN_POINT('',(1.570796326795,0.));
#7137 = VECTOR('',#7138,1.);
#7138 = DIRECTION('',(0.,1.));
#7139 = ( GEOMETRIC_REPRESENTATION_CONTEXT(2) 
PARAMETRIC_REPRESENTATION_CONTEXT() REPRESENTATION_CONTEXT('2D SPACE',''
  ) );
#7140 = PCURVE('',#6030,#7141);
#7141 = DEFINITIONAL_REPRESENTATION('',(#7142),#7146);
#7142 = LINE('',#7143,#7144);
#7143 = CARTESIAN_POINT('',(4.6,1.7763568394E-15));
#7144 = VECTOR('',#7145,1.);
#7145 = DIRECTION('',(0.,-1.));
#7146 = ( GEOMETRIC_REPRESENTATION_CONTEXT(2) 
PARAMETRIC_REPRESENTATION_CONTEXT() REPRESENTATION_CONTEXT('2D SPACE',''
  ) );
#7147 = ORIENTED_EDGE('',*,*,#7148,.F.);
#7148 = EDGE_CURVE('',#6908,#6663,#7149,.T.);
#7149 = SURFACE_CURVE('',#7150,(#7155,#7162),.PCURVE_S1.);
#7150 = CIRCLE('',#7151,4.6);
#7151 = AXIS2_PLACEMENT_3D('',#7152,#7153,#7154);
#7152 = CARTESIAN_POINT('',(-7.015,-8.90060712737,59.413815639109));
#7153 = DIRECTION('',(0.,-0.707106781187,0.707106781187));
#7154 = DIRECTION('',(0.,-0.707106781187,-0.707106781187));
#7155 = PCURVE('',#5833,#7156);
#7156 = DEFINITIONAL_REPRESENTATION('',(#7157),#7161);
#7157 = LINE('',#7158,#7159);
#7158 = CARTESIAN_POINT('',(0.,1.4));
#7159 = VECTOR('',#7160,1.);
#7160 = DIRECTION('',(1.,0.));
#7161 = ( GEOMETRIC_REPRESENTATION_CONTEXT(2) 
PARAMETRIC_REPRESENTATION_CONTEXT() REPRESENTATION_CONTEXT('2D SPACE',''
  ) );
#7162 = PCURVE('',#6677,#7163);
#7163 = DEFINITIONAL_REPRESENTATION('',(#7164),#7172);
#7164 = ( BOUNDED_CURVE() B_SPLINE_CURVE(2,(#7165,#7166,#7167,#7168,
#7169,#7170,#7171),.UNSPECIFIED.,.T.,.F.) B_SPLINE_CURVE_WITH_KNOTS((1,2
    ,2,2,2,1),(-2.094395102393,0.,2.094395102393,4.188790204786,
6.28318530718,8.377580409573),.UNSPECIFIED.) CURVE() 
GEOMETRIC_REPRESENTATION_ITEM() RATIONAL_B_SPLINE_CURVE((1.,0.5,1.,0.5,
1.,0.5,1.)) REPRESENTATION_ITEM('') );
#7165 = CARTESIAN_POINT('',(16.044684960223,18.607874261376));
#7166 = CARTESIAN_POINT('',(21.247573193666,24.641940388815));
#7167 = CARTESIAN_POINT('',(23.871783631421,17.119073941883));
#7168 = CARTESIAN_POINT('',(26.495994069177,9.596207494951));
#7169 = CARTESIAN_POINT('',(18.668895397978,11.085007814444));
#7170 = CARTESIAN_POINT('',(10.84179672678,12.573808133938));
#7171 = CARTESIAN_POINT('',(16.044684960223,18.607874261376));
#7172 = ( GEOMETRIC_REPRESENTATION_CONTEXT(2) 
PARAMETRIC_REPRESENTATION_CONTEXT() REPRESENTATION_CONTEXT('2D SPACE',''
  ) );
#7173 = ADVANCED_FACE('',(#7174),#5861,.T.);
#7174 = FACE_BOUND('',#7175,.T.);
#7175 = EDGE_LOOP('',(#7176,#7177,#7178,#7199));
#7176 = ORIENTED_EDGE('',*,*,#7105,.F.);
#7177 = ORIENTED_EDGE('',*,*,#5845,.T.);
#7178 = ORIENTED_EDGE('',*,*,#7179,.T.);
#7179 = EDGE_CURVE('',#5846,#6881,#7180,.T.);
#7180 = SURFACE_CURVE('',#7181,(#7185,#7192),.PCURVE_S1.);
#7181 = LINE('',#7182,#7183);
#7182 = CARTESIAN_POINT('',(-26.985,-11.16334882716,55.17117495199));
#7183 = VECTOR('',#7184,1.);
#7184 = DIRECTION('',(0.,-0.707106781187,0.707106781187));
#7185 = PCURVE('',#5861,#7186);
#7186 = DEFINITIONAL_REPRESENTATION('',(#7187),#7191);
#7187 = LINE('',#7188,#7189);
#7188 = CARTESIAN_POINT('',(4.6,1.256073966947E-15));
#7189 = VECTOR('',#7190,1.);
#7190 = DIRECTION('',(0.,-1.));
#7191 = ( GEOMETRIC_REPRESENTATION_CONTEXT(2) 
PARAMETRIC_REPRESENTATION_CONTEXT() REPRESENTATION_CONTEXT('2D SPACE',''
  ) );
#7192 = PCURVE('',#5890,#7193);
#7193 = DEFINITIONAL_REPRESENTATION('',(#7194),#7198);
#7194 = LINE('',#7195,#7196);
#7195 = CARTESIAN_POINT('',(-0.,0.));
#7196 = VECTOR('',#7197,1.);
#7197 = DIRECTION('',(-0.,1.));
#7198 = ( GEOMETRIC_REPRESENTATION_CONTEXT(2) 
PARAMETRIC_REPRESENTATION_CONTEXT() REPRESENTATION_CONTEXT('2D SPACE',''
  ) );
#7199 = ORIENTED_EDGE('',*,*,#6907,.T.);
#7200 = ADVANCED_FACE('',(#7201),#6030,.T.);
#7201 = FACE_BOUND('',#7202,.T.);
#7202 = EDGE_LOOP('',(#7203,#7224,#7225,#7226));
#7203 = ORIENTED_EDGE('',*,*,#7204,.F.);
#7204 = EDGE_CURVE('',#5988,#6690,#7205,.T.);
#7205 = SURFACE_CURVE('',#7206,(#7210,#7217),.PCURVE_S1.);
#7206 = LINE('',#7207,#7208);
#7207 = CARTESIAN_POINT('',(-2.415,9.505382386916,75.839906166072));
#7208 = VECTOR('',#7209,1.);
#7209 = DIRECTION('',(0.,-0.707106781187,0.707106781187));
#7210 = PCURVE('',#6030,#7211);
#7211 = DEFINITIONAL_REPRESENTATION('',(#7212),#7216);
#7212 = LINE('',#7213,#7214);
#7213 = CARTESIAN_POINT('',(29.23,7.105427357601E-15));
#7214 = VECTOR('',#7215,1.);
#7215 = DIRECTION('',(0.,-1.));
#7216 = ( GEOMETRIC_REPRESENTATION_CONTEXT(2) 
PARAMETRIC_REPRESENTATION_CONTEXT() REPRESENTATION_CONTEXT('2D SPACE',''
  ) );
#7217 = PCURVE('',#6004,#7218);
#7218 = DEFINITIONAL_REPRESENTATION('',(#7219),#7223);
#7219 = LINE('',#7220,#7221);
#7220 = CARTESIAN_POINT('',(0.,0.));
#7221 = VECTOR('',#7222,1.);
#7222 = DIRECTION('',(0.,1.));
#7223 = ( GEOMETRIC_REPRESENTATION_CONTEXT(2) 
PARAMETRIC_REPRESENTATION_CONTEXT() REPRESENTATION_CONTEXT('2D SPACE',''
  ) );
#7224 = ORIENTED_EDGE('',*,*,#6016,.T.);
#7225 = ORIENTED_EDGE('',*,*,#7127,.T.);
#7226 = ORIENTED_EDGE('',*,*,#6689,.T.);
#7227 = ADVANCED_FACE('',(#7228),#5890,.F.);
#7228 = FACE_BOUND('',#7229,.T.);
#7229 = EDGE_LOOP('',(#7230,#7231,#7232,#7253));
#7230 = ORIENTED_EDGE('',*,*,#7179,.F.);
#7231 = ORIENTED_EDGE('',*,*,#5873,.F.);
#7232 = ORIENTED_EDGE('',*,*,#7233,.T.);
#7233 = EDGE_CURVE('',#5874,#6978,#7234,.T.);
#7234 = SURFACE_CURVE('',#7235,(#7239,#7246),.PCURVE_S1.);
#7235 = LINE('',#7236,#7237);
#7236 = CARTESIAN_POINT('',(-31.585,-7.910657633708,58.423866145448));
#7237 = VECTOR('',#7238,1.);
#7238 = DIRECTION('',(0.,-0.707106781187,0.707106781187));
#7239 = PCURVE('',#5890,#7240);
#7240 = DEFINITIONAL_REPRESENTATION('',(#7241),#7245);
#7241 = LINE('',#7242,#7243);
#7242 = CARTESIAN_POINT('',(-1.570796326795,0.));
#7243 = VECTOR('',#7244,1.);
#7244 = DIRECTION('',(-0.,1.));
#7245 = ( GEOMETRIC_REPRESENTATION_CONTEXT(2) 
PARAMETRIC_REPRESENTATION_CONTEXT() REPRESENTATION_CONTEXT('2D SPACE',''
  ) );
#7246 = PCURVE('',#5918,#7247);
#7247 = DEFINITIONAL_REPRESENTATION('',(#7248),#7252);
#7248 = LINE('',#7249,#7250);
#7249 = CARTESIAN_POINT('',(29.23,8.881784197001E-15));
#7250 = VECTOR('',#7251,1.);
#7251 = DIRECTION('',(0.,-1.));
#7252 = ( GEOMETRIC_REPRESENTATION_CONTEXT(2) 
PARAMETRIC_REPRESENTATION_CONTEXT() REPRESENTATION_CONTEXT('2D SPACE',''
  ) );
#7253 = ORIENTED_EDGE('',*,*,#7254,.T.);
#7254 = EDGE_CURVE('',#6978,#6881,#7255,.T.);
#7255 = SURFACE_CURVE('',#7256,(#7261,#7268),.PCURVE_S1.);
#7256 = CIRCLE('',#7257,4.6);
#7257 = AXIS2_PLACEMENT_3D('',#7258,#7259,#7260);
#7258 = CARTESIAN_POINT('',(-26.985,-8.90060712737,59.413815639109));
#7259 = DIRECTION('',(0.,-0.707106781187,0.707106781187));
#7260 = DIRECTION('',(0.,-0.707106781187,-0.707106781187));
#7261 = PCURVE('',#5890,#7262);
#7262 = DEFINITIONAL_REPRESENTATION('',(#7263),#7267);
#7263 = LINE('',#7264,#7265);
#7264 = CARTESIAN_POINT('',(-6.28318530718,1.4));
#7265 = VECTOR('',#7266,1.);
#7266 = DIRECTION('',(1.,-0.));
#7267 = ( GEOMETRIC_REPRESENTATION_CONTEXT(2) 
PARAMETRIC_REPRESENTATION_CONTEXT() REPRESENTATION_CONTEXT('2D SPACE',''
  ) );
#7268 = PCURVE('',#6895,#7269);
#7269 = DEFINITIONAL_REPRESENTATION('',(#7270),#7278);
#7270 = ( BOUNDED_CURVE() B_SPLINE_CURVE(2,(#7271,#7272,#7273,#7274,
#7275,#7276,#7277),.UNSPECIFIED.,.T.,.F.) B_SPLINE_CURVE_WITH_KNOTS((1,2
    ,2,2,2,1),(-2.094395102393,0.,2.094395102393,4.188790204786,
6.28318530718,8.377580409573),.UNSPECIFIED.) CURVE() 
GEOMETRIC_REPRESENTATION_ITEM() RATIONAL_B_SPLINE_CURVE((1.,0.5,1.,0.5,
1.,0.5,1.)) REPRESENTATION_ITEM('') );
#7271 = CARTESIAN_POINT('',(3.003888922142,3.483769702985));
#7272 = CARTESIAN_POINT('',(8.206777155585,9.517835830423));
#7273 = CARTESIAN_POINT('',(10.83098759334,1.994969383491));
#7274 = CARTESIAN_POINT('',(13.455198031096,-5.527897063441));
#7275 = CARTESIAN_POINT('',(5.628099359897,-4.039096743947));
#7276 = CARTESIAN_POINT('',(-2.198999311301,-2.550296424454));
#7277 = CARTESIAN_POINT('',(3.003888922142,3.483769702985));
#7278 = ( GEOMETRIC_REPRESENTATION_CONTEXT(2) 
PARAMETRIC_REPRESENTATION_CONTEXT() REPRESENTATION_CONTEXT('2D SPACE',''
  ) );
#7279 = ADVANCED_FACE('',(#7280),#6004,.F.);
#7280 = FACE_BOUND('',#7281,.F.);
#7281 = EDGE_LOOP('',(#7282,#7283,#7284,#7305));
#7282 = ORIENTED_EDGE('',*,*,#7204,.F.);
#7283 = ORIENTED_EDGE('',*,*,#5987,.T.);
#7284 = ORIENTED_EDGE('',*,*,#7285,.T.);
#7285 = EDGE_CURVE('',#5960,#6764,#7286,.T.);
#7286 = SURFACE_CURVE('',#7287,(#7291,#7298),.PCURVE_S1.);
#7287 = LINE('',#7288,#7289);
#7288 = CARTESIAN_POINT('',(-7.015,12.758073580374,79.09259735953));
#7289 = VECTOR('',#7290,1.);
#7290 = DIRECTION('',(0.,-0.707106781187,0.707106781187));
#7291 = PCURVE('',#6004,#7292);
#7292 = DEFINITIONAL_REPRESENTATION('',(#7293),#7297);
#7293 = LINE('',#7294,#7295);
#7294 = CARTESIAN_POINT('',(1.570796326795,0.));
#7295 = VECTOR('',#7296,1.);
#7296 = DIRECTION('',(0.,1.));
#7297 = ( GEOMETRIC_REPRESENTATION_CONTEXT(2) 
PARAMETRIC_REPRESENTATION_CONTEXT() REPRESENTATION_CONTEXT('2D SPACE',''
  ) );
#7298 = PCURVE('',#5975,#7299);
#7299 = DEFINITIONAL_REPRESENTATION('',(#7300),#7304);
#7300 = LINE('',#7301,#7302);
#7301 = CARTESIAN_POINT('',(4.6,1.256073966947E-15));
#7302 = VECTOR('',#7303,1.);
#7303 = DIRECTION('',(0.,-1.));
#7304 = ( GEOMETRIC_REPRESENTATION_CONTEXT(2) 
PARAMETRIC_REPRESENTATION_CONTEXT() REPRESENTATION_CONTEXT('2D SPACE',''
  ) );
#7305 = ORIENTED_EDGE('',*,*,#7306,.F.);
#7306 = EDGE_CURVE('',#6690,#6764,#7307,.T.);
#7307 = SURFACE_CURVE('',#7308,(#7313,#7320),.PCURVE_S1.);
#7308 = CIRCLE('',#7309,4.6);
#7309 = AXIS2_PLACEMENT_3D('',#7310,#7311,#7312);
#7310 = CARTESIAN_POINT('',(-7.015,8.515432893255,76.829855659733));
#7311 = DIRECTION('',(0.,-0.707106781187,0.707106781187));
#7312 = DIRECTION('',(1.,0.,0.));
#7313 = PCURVE('',#6004,#7314);
#7314 = DEFINITIONAL_REPRESENTATION('',(#7315),#7319);
#7315 = LINE('',#7316,#7317);
#7316 = CARTESIAN_POINT('',(0.,1.4));
#7317 = VECTOR('',#7318,1.);
#7318 = DIRECTION('',(1.,0.));
#7319 = ( GEOMETRIC_REPRESENTATION_CONTEXT(2) 
PARAMETRIC_REPRESENTATION_CONTEXT() REPRESENTATION_CONTEXT('2D SPACE',''
  ) );
#7320 = PCURVE('',#6726,#7321);
#7321 = DEFINITIONAL_REPRESENTATION('',(#7322),#7330);
#7322 = ( BOUNDED_CURVE() B_SPLINE_CURVE(2,(#7323,#7324,#7325,#7326,
#7327,#7328,#7329),.UNSPECIFIED.,.T.,.F.) B_SPLINE_CURVE_WITH_KNOTS((1,2
    ,2,2,2,1),(-2.094395102393,0.,2.094395102393,4.188790204786,
6.28318530718,8.377580409573),.UNSPECIFIED.) CURVE() 
GEOMETRIC_REPRESENTATION_ITEM() RATIONAL_B_SPLINE_CURVE((1.,0.5,1.,0.5,
1.,0.5,1.)) REPRESENTATION_ITEM('') );
#7323 = CARTESIAN_POINT('',(41.185658321113,3.003888922142));
#7324 = CARTESIAN_POINT('',(47.219724448551,-2.198999311301));
#7325 = CARTESIAN_POINT('',(39.696858001619,-4.823209749056));
#7326 = CARTESIAN_POINT('',(32.173991554687,-7.447420186812));
#7327 = CARTESIAN_POINT('',(33.662791874181,0.379678484387));
#7328 = CARTESIAN_POINT('',(35.151592193674,8.206777155585));
#7329 = CARTESIAN_POINT('',(41.185658321113,3.003888922142));
#7330 = ( GEOMETRIC_REPRESENTATION_CONTEXT(2) 
PARAMETRIC_REPRESENTATION_CONTEXT() REPRESENTATION_CONTEXT('2D SPACE',''
  ) );
#7331 = ADVANCED_FACE('',(#7332),#5918,.T.);
#7332 = FACE_BOUND('',#7333,.T.);
#7333 = EDGE_LOOP('',(#7334,#7335,#7336,#7357));
#7334 = ORIENTED_EDGE('',*,*,#7233,.F.);
#7335 = ORIENTED_EDGE('',*,*,#5902,.T.);
#7336 = ORIENTED_EDGE('',*,*,#7337,.T.);
#7337 = EDGE_CURVE('',#5903,#6956,#7338,.T.);
#7338 = SURFACE_CURVE('',#7339,(#7343,#7350),.PCURVE_S1.);
#7339 = LINE('',#7340,#7341);
#7340 = CARTESIAN_POINT('',(-31.585,9.505382386916,75.839906166072));
#7341 = VECTOR('',#7342,1.);
#7342 = DIRECTION('',(0.,-0.707106781187,0.707106781187));
#7343 = PCURVE('',#5918,#7344);
#7344 = DEFINITIONAL_REPRESENTATION('',(#7345),#7349);
#7345 = LINE('',#7346,#7347);
#7346 = CARTESIAN_POINT('',(4.6,1.287858708565E-14));
#7347 = VECTOR('',#7348,1.);
#7348 = DIRECTION('',(0.,-1.));
#7349 = ( GEOMETRIC_REPRESENTATION_CONTEXT(2) 
PARAMETRIC_REPRESENTATION_CONTEXT() REPRESENTATION_CONTEXT('2D SPACE',''
  ) );
#7350 = PCURVE('',#5947,#7351);
#7351 = DEFINITIONAL_REPRESENTATION('',(#7352),#7356);
#7352 = LINE('',#7353,#7354);
#7353 = CARTESIAN_POINT('',(1.570796326795,0.));
#7354 = VECTOR('',#7355,1.);
#7355 = DIRECTION('',(0.,1.));
#7356 = ( GEOMETRIC_REPRESENTATION_CONTEXT(2) 
PARAMETRIC_REPRESENTATION_CONTEXT() REPRESENTATION_CONTEXT('2D SPACE',''
  ) );
#7357 = ORIENTED_EDGE('',*,*,#6977,.T.);
#7358 = ADVANCED_FACE('',(#7359),#5975,.T.);
#7359 = FACE_BOUND('',#7360,.T.);
#7360 = EDGE_LOOP('',(#7361,#7382,#7383,#7384));
#7361 = ORIENTED_EDGE('',*,*,#7362,.F.);
#7362 = EDGE_CURVE('',#5931,#6786,#7363,.T.);
#7363 = SURFACE_CURVE('',#7364,(#7368,#7375),.PCURVE_S1.);
#7364 = LINE('',#7365,#7366);
#7365 = CARTESIAN_POINT('',(-26.985,12.758073580374,79.09259735953));
#7366 = VECTOR('',#7367,1.);
#7367 = DIRECTION('',(0.,-0.707106781187,0.707106781187));
#7368 = PCURVE('',#5975,#7369);
#7369 = DEFINITIONAL_REPRESENTATION('',(#7370),#7374);
#7370 = LINE('',#7371,#7372);
#7371 = CARTESIAN_POINT('',(24.57,1.256073966947E-15));
#7372 = VECTOR('',#7373,1.);
#7373 = DIRECTION('',(0.,-1.));
#7374 = ( GEOMETRIC_REPRESENTATION_CONTEXT(2) 
PARAMETRIC_REPRESENTATION_CONTEXT() REPRESENTATION_CONTEXT('2D SPACE',''
  ) );
#7375 = PCURVE('',#5947,#7376);
#7376 = DEFINITIONAL_REPRESENTATION('',(#7377),#7381);
#7377 = LINE('',#7378,#7379);
#7378 = CARTESIAN_POINT('',(0.,0.));
#7379 = VECTOR('',#7380,1.);
#7380 = DIRECTION('',(0.,1.));
#7381 = ( GEOMETRIC_REPRESENTATION_CONTEXT(2) 
PARAMETRIC_REPRESENTATION_CONTEXT() REPRESENTATION_CONTEXT('2D SPACE',''
  ) );
#7382 = ORIENTED_EDGE('',*,*,#5959,.T.);
#7383 = ORIENTED_EDGE('',*,*,#7285,.T.);
#7384 = ORIENTED_EDGE('',*,*,#6785,.T.);
#7385 = ADVANCED_FACE('',(#7386),#5947,.F.);
#7386 = FACE_BOUND('',#7387,.F.);
#7387 = EDGE_LOOP('',(#7388,#7389,#7390,#7391));
#7388 = ORIENTED_EDGE('',*,*,#7362,.F.);
#7389 = ORIENTED_EDGE('',*,*,#5930,.T.);
#7390 = ORIENTED_EDGE('',*,*,#7337,.T.);
#7391 = ORIENTED_EDGE('',*,*,#7392,.F.);
#7392 = EDGE_CURVE('',#6786,#6956,#7393,.T.);
#7393 = SURFACE_CURVE('',#7394,(#7399,#7406),.PCURVE_S1.);
#7394 = CIRCLE('',#7395,4.6);
#7395 = AXIS2_PLACEMENT_3D('',#7396,#7397,#7398);
#7396 = CARTESIAN_POINT('',(-26.985,8.515432893255,76.829855659733));
#7397 = DIRECTION('',(0.,-0.707106781187,0.707106781187));
#7398 = DIRECTION('',(0.,0.707106781187,0.707106781187));
#7399 = PCURVE('',#5947,#7400);
#7400 = DEFINITIONAL_REPRESENTATION('',(#7401),#7405);
#7401 = LINE('',#7402,#7403);
#7402 = CARTESIAN_POINT('',(0.,1.4));
#7403 = VECTOR('',#7404,1.);
#7404 = DIRECTION('',(1.,0.));
#7405 = ( GEOMETRIC_REPRESENTATION_CONTEXT(2) 
PARAMETRIC_REPRESENTATION_CONTEXT() REPRESENTATION_CONTEXT('2D SPACE',''
  ) );
#7406 = PCURVE('',#6822,#7407);
#7407 = DEFINITIONAL_REPRESENTATION('',(#7408),#7416);
#7408 = ( BOUNDED_CURVE() B_SPLINE_CURVE(2,(#7409,#7410,#7411,#7412,
#7413,#7414,#7415),.UNSPECIFIED.,.T.,.F.) B_SPLINE_CURVE_WITH_KNOTS((1,2
    ,2,2,2,1),(-2.094395102393,0.,2.094395102393,4.188790204786,
6.28318530718,8.377580409573),.UNSPECIFIED.) CURVE() 
GEOMETRIC_REPRESENTATION_ITEM() RATIONAL_B_SPLINE_CURVE((1.,0.5,1.,0.5,
1.,0.5,1.)) REPRESENTATION_ITEM('') );
#7409 = CARTESIAN_POINT('',(28.624743063874,-18.60787426137));
#7410 = CARTESIAN_POINT('',(23.421854830431,-24.64194038881));
#7411 = CARTESIAN_POINT('',(20.797644392676,-17.11907394188));
#7412 = CARTESIAN_POINT('',(18.17343395492,-9.596207494951));
#7413 = CARTESIAN_POINT('',(26.000532626119,-11.08500781444));
#7414 = CARTESIAN_POINT('',(33.827631297317,-12.57380813393));
#7415 = CARTESIAN_POINT('',(28.624743063874,-18.60787426137));
#7416 = ( GEOMETRIC_REPRESENTATION_CONTEXT(2) 
PARAMETRIC_REPRESENTATION_CONTEXT() REPRESENTATION_CONTEXT('2D SPACE',''
  ) );
#7417 = ADVANCED_FACE('',(#7418),#6316,.T.);
#7418 = FACE_BOUND('',#7419,.T.);
#7419 = EDGE_LOOP('',(#7420,#7421,#7422,#7423));
#7420 = ORIENTED_EDGE('',*,*,#6403,.F.);
#7421 = ORIENTED_EDGE('',*,*,#6300,.T.);
#7422 = ORIENTED_EDGE('',*,*,#6354,.T.);
#7423 = ORIENTED_EDGE('',*,*,#6452,.F.);
#7424 = ADVANCED_FACE('',(#7425),#6726,.F.);
#7425 = FACE_BOUND('',#7426,.F.);
#7426 = EDGE_LOOP('',(#7427,#7428,#7429));
#7427 = ORIENTED_EDGE('',*,*,#6711,.F.);
#7428 = ORIENTED_EDGE('',*,*,#7306,.T.);
#7429 = ORIENTED_EDGE('',*,*,#6763,.F.);
#7430 = ADVANCED_FACE('',(#7431),#6677,.F.);
#7431 = FACE_BOUND('',#7432,.F.);
#7432 = EDGE_LOOP('',(#7433,#7434,#7435));
#7433 = ORIENTED_EDGE('',*,*,#6929,.F.);
#7434 = ORIENTED_EDGE('',*,*,#7148,.T.);
#7435 = ORIENTED_EDGE('',*,*,#6662,.F.);
#7436 = ADVANCED_FACE('',(#7437),#6822,.F.);
#7437 = FACE_BOUND('',#7438,.F.);
#7438 = EDGE_LOOP('',(#7439,#7440,#7441));
#7439 = ORIENTED_EDGE('',*,*,#7392,.T.);
#7440 = ORIENTED_EDGE('',*,*,#6955,.F.);
#7441 = ORIENTED_EDGE('',*,*,#6807,.F.);
#7442 = ADVANCED_FACE('',(#7443),#6895,.F.);
#7443 = FACE_BOUND('',#7444,.F.);
#7444 = EDGE_LOOP('',(#7445,#7446,#7447));
#7445 = ORIENTED_EDGE('',*,*,#6880,.F.);
#7446 = ORIENTED_EDGE('',*,*,#6999,.F.);
#7447 = ORIENTED_EDGE('',*,*,#7254,.T.);
#7448 = ( GEOMETRIC_REPRESENTATION_CONTEXT(3) 
GLOBAL_UNCERTAINTY_ASSIGNED_CONTEXT((#7452)) 
GLOBAL_UNIT_ASSIGNED_CONTEXT((#7449,#7450,#7451)) REPRESENTATION_CONTEXT
('Context #1','3D Context with UNIT and UNCERTAINTY') );
#7449 = ( LENGTH_UNIT() NAMED_UNIT(*) SI_UNIT(.MILLI.,.METRE.) );
#7450 = ( NAMED_UNIT(*) PLANE_ANGLE_UNIT() SI_UNIT($,.RADIAN.) );
#7451 = ( NAMED_UNIT(*) SI_UNIT($,.STERADIAN.) SOLID_ANGLE_UNIT() );
#7452 = UNCERTAINTY_MEASURE_WITH_UNIT(LENGTH_MEASURE(5.E-07),#7449,
  'distance_accuracy_value','confusion accuracy');
#7453 = CONTEXT_DEPENDENT_SHAPE_REPRESENTATION(#7454,#7456);
#7454 = ( REPRESENTATION_RELATIONSHIP('','',#4535,#10) 
REPRESENTATION_RELATIONSHIP_WITH_TRANSFORMATION(#7455) 
SHAPE_REPRESENTATION_RELATIONSHIP() );
#7455 = ITEM_DEFINED_TRANSFORMATION('','',#11,#19);
#7456 = PRODUCT_DEFINITION_SHAPE('Placement','Placement of an item',
  #7457);
#7457 = NEXT_ASSEMBLY_USAGE_OCCURRENCE('2','tapa','',#5,#4530,$);
#7458 = PRODUCT_RELATED_PRODUCT_CATEGORY('part',$,(#4532));
#7459 = SHAPE_DEFINITION_REPRESENTATION(#7460,#7466);
#7460 = PRODUCT_DEFINITION_SHAPE('','',#7461);
#7461 = PRODUCT_DEFINITION('design','',#7462,#7465);
#7462 = PRODUCT_DEFINITION_FORMATION('','',#7463);
#7463 = PRODUCT('base','base','',(#7464));
#7464 = PRODUCT_CONTEXT('',#2,'mechanical');
#7465 = PRODUCT_DEFINITION_CONTEXT('part definition',#2,'design');
#7466 = ADVANCED_BREP_SHAPE_REPRESENTATION('',(#11,#7467),#10827);
#7467 = MANIFOLD_SOLID_BREP('',#7468);
#7468 = CLOSED_SHELL('',(#7469,#7738,#7822,#8161,#8166,#8468,#8688,#8714
    ,#8741,#8747,#8806,#8860,#8957,#9011,#9036,#9105,#9152,#9199,#9224,
    #9293,#9340,#9387,#9412,#9466,#9556,#9628,#9654,#9681,#9688,#9829,
    #9934,#10124,#10143,#10150,#10198,#10332,#10381,#10483,#10510,#10651
    ,#10678,#10705,#10732,#10759,#10786,#10793,#10800));
#7469 = ADVANCED_FACE('',(#7470),#7483,.T.);
#7470 = FACE_BOUND('',#7471,.T.);
#7471 = EDGE_LOOP('',(#7472,#7506,#7534,#7562,#7589,#7616,#7656,#7681,
    #7718));
#7472 = ORIENTED_EDGE('',*,*,#7473,.F.);
#7473 = EDGE_CURVE('',#7474,#7476,#7478,.T.);
#7474 = VERTEX_POINT('',#7475);
#7475 = CARTESIAN_POINT('',(-17.,-14.,21.));
#7476 = VERTEX_POINT('',#7477);
#7477 = CARTESIAN_POINT('',(-25.,-17.32931995911,18.246058838428));
#7478 = SURFACE_CURVE('',#7479,(#7482,#7494),.PCURVE_S1.);
#7479 = B_SPLINE_CURVE_WITH_KNOTS('',1,(#7480,#7481),.UNSPECIFIED.,.F.,
  .F.,(2,2),(0.,1.),.PIECEWISE_BEZIER_KNOTS.);
#7480 = CARTESIAN_POINT('',(-17.,-14.,21.));
#7481 = CARTESIAN_POINT('',(-25.,-17.32931995911,18.246058838428));
#7482 = PCURVE('',#7483,#7488);
#7483 = B_SPLINE_SURFACE_WITH_KNOTS('',1,1,(
    (#7484,#7485)
    ,(#7486,#7487
    )),.UNSPECIFIED.,.F.,.F.,.F.,(2,2),(2,2),(0.,34.),(0.,1.),
  .PIECEWISE_BEZIER_KNOTS.);
#7484 = CARTESIAN_POINT('',(-17.,-14.,21.));
#7485 = CARTESIAN_POINT('',(-25.,-17.32931995911,18.246058838428));
#7486 = CARTESIAN_POINT('',(17.,-14.,21.));
#7487 = CARTESIAN_POINT('',(-5.,-17.32931995911,18.246058838428));
#7488 = DEFINITIONAL_REPRESENTATION('',(#7489),#7493);
#7489 = LINE('',#7490,#7491);
#7490 = CARTESIAN_POINT('',(0.,0.));
#7491 = VECTOR('',#7492,1.);
#7492 = DIRECTION('',(0.,1.));
#7493 = ( GEOMETRIC_REPRESENTATION_CONTEXT(2) 
PARAMETRIC_REPRESENTATION_CONTEXT() REPRESENTATION_CONTEXT('2D SPACE',''
  ) );
#7494 = PCURVE('',#7495,#7500);
#7495 = B_SPLINE_SURFACE_WITH_KNOTS('',1,1,(
    (#7496,#7497)
    ,(#7498,#7499
    )),.UNSPECIFIED.,.F.,.F.,.F.,(2,2),(2,2),(0.,64.1),(0.,1.),
  .PIECEWISE_BEZIER_KNOTS.);
#7496 = CARTESIAN_POINT('',(-17.,14.,21.));
#7497 = CARTESIAN_POINT('',(-25.,27.996224714944,63.571603512486));
#7498 = CARTESIAN_POINT('',(-17.,-14.,21.));
#7499 = CARTESIAN_POINT('',(-25.,-17.32931995911,18.246058838428));
#7500 = DEFINITIONAL_REPRESENTATION('',(#7501),#7505);
#7501 = LINE('',#7502,#7503);
#7502 = CARTESIAN_POINT('',(64.1,0.));
#7503 = VECTOR('',#7504,1.);
#7504 = DIRECTION('',(0.,1.));
#7505 = ( GEOMETRIC_REPRESENTATION_CONTEXT(2) 
PARAMETRIC_REPRESENTATION_CONTEXT() REPRESENTATION_CONTEXT('2D SPACE',''
  ) );
#7506 = ORIENTED_EDGE('',*,*,#7507,.T.);
#7507 = EDGE_CURVE('',#7474,#7508,#7510,.T.);
#7508 = VERTEX_POINT('',#7509);
#7509 = CARTESIAN_POINT('',(0.560107331424,-14.,21.));
#7510 = SURFACE_CURVE('',#7511,(#7515,#7522),.PCURVE_S1.);
#7511 = LINE('',#7512,#7513);
#7512 = CARTESIAN_POINT('',(-17.,-14.,21.));
#7513 = VECTOR('',#7514,1.);
#7514 = DIRECTION('',(1.,0.,0.));
#7515 = PCURVE('',#7483,#7516);
#7516 = DEFINITIONAL_REPRESENTATION('',(#7517),#7521);
#7517 = B_SPLINE_CURVE_WITH_KNOTS('',2,(#7518,#7519,#7520),
  .UNSPECIFIED.,.F.,.F.,(3,3),(0.,17.560107331424),
  .PIECEWISE_BEZIER_KNOTS.);
#7518 = CARTESIAN_POINT('',(0.,1.341909630582E-16));
#7519 = CARTESIAN_POINT('',(8.780053665712,2.075682359769E-16));
#7520 = CARTESIAN_POINT('',(17.560107331424,-2.354329740856E-16));
#7521 = ( GEOMETRIC_REPRESENTATION_CONTEXT(2) 
PARAMETRIC_REPRESENTATION_CONTEXT() REPRESENTATION_CONTEXT('2D SPACE',''
  ) );
#7522 = PCURVE('',#7523,#7528);
#7523 = PLANE('',#7524);
#7524 = AXIS2_PLACEMENT_3D('',#7525,#7526,#7527);
#7525 = CARTESIAN_POINT('',(-17.,-14.,3.));
#7526 = DIRECTION('',(0.,1.,0.));
#7527 = DIRECTION('',(0.,0.,1.));
#7528 = DEFINITIONAL_REPRESENTATION('',(#7529),#7533);
#7529 = LINE('',#7530,#7531);
#7530 = CARTESIAN_POINT('',(18.,0.));
#7531 = VECTOR('',#7532,1.);
#7532 = DIRECTION('',(0.,1.));
#7533 = ( GEOMETRIC_REPRESENTATION_CONTEXT(2) 
PARAMETRIC_REPRESENTATION_CONTEXT() REPRESENTATION_CONTEXT('2D SPACE',''
  ) );
#7534 = ORIENTED_EDGE('',*,*,#7535,.T.);
#7535 = EDGE_CURVE('',#7508,#7536,#7538,.T.);
#7536 = VERTEX_POINT('',#7537);
#7537 = CARTESIAN_POINT('',(17.,-14.,21.));
#7538 = SURFACE_CURVE('',#7539,(#7543,#7550),.PCURVE_S1.);
#7539 = LINE('',#7540,#7541);
#7540 = CARTESIAN_POINT('',(-17.,-14.,21.));
#7541 = VECTOR('',#7542,1.);
#7542 = DIRECTION('',(1.,0.,0.));
#7543 = PCURVE('',#7483,#7544);
#7544 = DEFINITIONAL_REPRESENTATION('',(#7545),#7549);
#7545 = B_SPLINE_CURVE_WITH_KNOTS('',2,(#7546,#7547,#7548),
  .UNSPECIFIED.,.F.,.F.,(3,3),(17.560107331424,34.),
  .PIECEWISE_BEZIER_KNOTS.);
#7546 = CARTESIAN_POINT('',(17.560107331424,2.254883187299E-16));
#7547 = CARTESIAN_POINT('',(25.780053665712,1.721644982369E-16));
#7548 = CARTESIAN_POINT('',(34.,4.377977728845E-17));
#7549 = ( GEOMETRIC_REPRESENTATION_CONTEXT(2) 
PARAMETRIC_REPRESENTATION_CONTEXT() REPRESENTATION_CONTEXT('2D SPACE',''
  ) );
#7550 = PCURVE('',#7551,#7556);
#7551 = PLANE('',#7552);
#7552 = AXIS2_PLACEMENT_3D('',#7553,#7554,#7555);
#7553 = CARTESIAN_POINT('',(-17.,-14.,3.));
#7554 = DIRECTION('',(0.,1.,0.));
#7555 = DIRECTION('',(0.,0.,1.));
#7556 = DEFINITIONAL_REPRESENTATION('',(#7557),#7561);
#7557 = LINE('',#7558,#7559);
#7558 = CARTESIAN_POINT('',(18.,0.));
#7559 = VECTOR('',#7560,1.);
#7560 = DIRECTION('',(0.,1.));
#7561 = ( GEOMETRIC_REPRESENTATION_CONTEXT(2) 
PARAMETRIC_REPRESENTATION_CONTEXT() REPRESENTATION_CONTEXT('2D SPACE',''
  ) );
#7562 = ORIENTED_EDGE('',*,*,#7563,.T.);
#7563 = EDGE_CURVE('',#7536,#7564,#7566,.T.);
#7564 = VERTEX_POINT('',#7565);
#7565 = CARTESIAN_POINT('',(-5.,-17.32931995911,18.246058838428));
#7566 = SURFACE_CURVE('',#7567,(#7570,#7577),.PCURVE_S1.);
#7567 = B_SPLINE_CURVE_WITH_KNOTS('',1,(#7568,#7569),.UNSPECIFIED.,.F.,
  .F.,(2,2),(0.,1.),.PIECEWISE_BEZIER_KNOTS.);
#7568 = CARTESIAN_POINT('',(17.,-14.,21.));
#7569 = CARTESIAN_POINT('',(-5.,-17.32931995911,18.246058838428));
#7570 = PCURVE('',#7483,#7571);
#7571 = DEFINITIONAL_REPRESENTATION('',(#7572),#7576);
#7572 = LINE('',#7573,#7574);
#7573 = CARTESIAN_POINT('',(34.,0.));
#7574 = VECTOR('',#7575,1.);
#7575 = DIRECTION('',(0.,1.));
#7576 = ( GEOMETRIC_REPRESENTATION_CONTEXT(2) 
PARAMETRIC_REPRESENTATION_CONTEXT() REPRESENTATION_CONTEXT('2D SPACE',''
  ) );
#7577 = PCURVE('',#7578,#7583);
#7578 = B_SPLINE_SURFACE_WITH_KNOTS('',1,1,(
    (#7579,#7580)
    ,(#7581,#7582
    )),.UNSPECIFIED.,.F.,.F.,.F.,(2,2),(2,2),(0.,64.1),(0.,1.),
  .PIECEWISE_BEZIER_KNOTS.);
#7579 = CARTESIAN_POINT('',(17.,-14.,21.));
#7580 = CARTESIAN_POINT('',(-5.,-17.32931995911,18.246058838428));
#7581 = CARTESIAN_POINT('',(17.,14.,21.));
#7582 = CARTESIAN_POINT('',(-5.,27.996224714944,63.571603512486));
#7583 = DEFINITIONAL_REPRESENTATION('',(#7584),#7588);
#7584 = LINE('',#7585,#7586);
#7585 = CARTESIAN_POINT('',(0.,0.));
#7586 = VECTOR('',#7587,1.);
#7587 = DIRECTION('',(0.,1.));
#7588 = ( GEOMETRIC_REPRESENTATION_CONTEXT(2) 
PARAMETRIC_REPRESENTATION_CONTEXT() REPRESENTATION_CONTEXT('2D SPACE',''
  ) );
#7589 = ORIENTED_EDGE('',*,*,#7590,.T.);
#7590 = EDGE_CURVE('',#7564,#7591,#7593,.T.);
#7591 = VERTEX_POINT('',#7592);
#7592 = CARTESIAN_POINT('',(-8.1,-17.32931995911,18.246058838428));
#7593 = SURFACE_CURVE('',#7594,(#7598,#7604),.PCURVE_S1.);
#7594 = LINE('',#7595,#7596);
#7595 = CARTESIAN_POINT('',(-5.,-17.32931995911,18.246058838428));
#7596 = VECTOR('',#7597,1.);
#7597 = DIRECTION('',(-1.,0.,0.));
#7598 = PCURVE('',#7483,#7599);
#7599 = DEFINITIONAL_REPRESENTATION('',(#7600),#7603);
#7600 = B_SPLINE_CURVE_WITH_KNOTS('',1,(#7601,#7602),.UNSPECIFIED.,.F.,
  .F.,(2,2),(0.,3.1),.PIECEWISE_BEZIER_KNOTS.);
#7601 = CARTESIAN_POINT('',(34.,1.));
#7602 = CARTESIAN_POINT('',(28.73,1.));
#7603 = ( GEOMETRIC_REPRESENTATION_CONTEXT(2) 
PARAMETRIC_REPRESENTATION_CONTEXT() REPRESENTATION_CONTEXT('2D SPACE',''
  ) );
#7604 = PCURVE('',#7605,#7610);
#7605 = PLANE('',#7606);
#7606 = AXIS2_PLACEMENT_3D('',#7607,#7608,#7609);
#7607 = CARTESIAN_POINT('',(-25.,-17.32931995911,18.246058838428));
#7608 = DIRECTION('',(0.,0.707106781187,0.707106781187));
#7609 = DIRECTION('',(0.,-0.707106781187,0.707106781187));
#7610 = DEFINITIONAL_REPRESENTATION('',(#7611),#7615);
#7611 = LINE('',#7612,#7613);
#7612 = CARTESIAN_POINT('',(0.,20.));
#7613 = VECTOR('',#7614,1.);
#7614 = DIRECTION('',(0.,-1.));
#7615 = ( GEOMETRIC_REPRESENTATION_CONTEXT(2) 
PARAMETRIC_REPRESENTATION_CONTEXT() REPRESENTATION_CONTEXT('2D SPACE',''
  ) );
#7616 = ORIENTED_EDGE('',*,*,#7617,.F.);
#7617 = EDGE_CURVE('',#7618,#7591,#7620,.T.);
#7618 = VERTEX_POINT('',#7619);
#7619 = CARTESIAN_POINT('',(-8.1,-16.53875137628,18.9));
#7620 = SURFACE_CURVE('',#7621,(#7629,#7640),.PCURVE_S1.);
#7621 = B_SPLINE_CURVE_WITH_KNOTS('',6,(#7622,#7623,#7624,#7625,#7626,
    #7627,#7628),.UNSPECIFIED.,.F.,.F.,(7,7),(0.,1.),
  .PIECEWISE_BEZIER_KNOTS.);
#7622 = CARTESIAN_POINT('',(-8.1,-16.53875137628,18.9));
#7623 = CARTESIAN_POINT('',(-8.1,-16.69179571144,18.773405049879));
#7624 = CARTESIAN_POINT('',(-8.1,-16.83501858891,18.654934196261));
#7625 = CARTESIAN_POINT('',(-8.1,-16.96954158111,18.543659698777));
#7626 = CARTESIAN_POINT('',(-8.1,-17.09627421244,18.438829218612));
#7627 = CARTESIAN_POINT('',(-8.1,-17.21598242143,18.33980918805));
#7628 = CARTESIAN_POINT('',(-8.1,-17.32931995911,18.246058838428));
#7629 = PCURVE('',#7483,#7630);
#7630 = DEFINITIONAL_REPRESENTATION('',(#7631),#7639);
#7631 = B_SPLINE_CURVE_WITH_KNOTS('',6,(#7632,#7633,#7634,#7635,#7636,
    #7637,#7638),.UNSPECIFIED.,.F.,.F.,(7,7),(0.,1.),
  .PIECEWISE_BEZIER_KNOTS.);
#7632 = CARTESIAN_POINT('',(21.866030553414,0.762543524641));
#7633 = CARTESIAN_POINT('',(23.005421431634,0.808512172007));
#7634 = CARTESIAN_POINT('',(24.147143623471,0.851530830238));
#7635 = CARTESIAN_POINT('',(25.290759318111,0.891936376673));
#7636 = CARTESIAN_POINT('',(26.435929886866,0.930001997547));
#7637 = CARTESIAN_POINT('',(27.582401757809,0.965957751411));
#7638 = CARTESIAN_POINT('',(28.73,1.));
#7639 = ( GEOMETRIC_REPRESENTATION_CONTEXT(2) 
PARAMETRIC_REPRESENTATION_CONTEXT() REPRESENTATION_CONTEXT('2D SPACE',''
  ) );
#7640 = PCURVE('',#7641,#7646);
#7641 = PLANE('',#7642);
#7642 = AXIS2_PLACEMENT_3D('',#7643,#7644,#7645);
#7643 = CARTESIAN_POINT('',(-8.1,-30.,16.3));
#7644 = DIRECTION('',(1.,0.,0.));
#7645 = DIRECTION('',(0.,0.,1.));
#7646 = DEFINITIONAL_REPRESENTATION('',(#7647),#7655);
#7647 = B_SPLINE_CURVE_WITH_KNOTS('',6,(#7648,#7649,#7650,#7651,#7652,
    #7653,#7654),.UNSPECIFIED.,.F.,.F.,(7,7),(0.,1.),
  .PIECEWISE_BEZIER_KNOTS.);
#7648 = CARTESIAN_POINT('',(2.6,-13.46124862371));
#7649 = CARTESIAN_POINT('',(2.473405049879,-13.30820428855));
#7650 = CARTESIAN_POINT('',(2.354934196261,-13.16498141109));
#7651 = CARTESIAN_POINT('',(2.243659698777,-13.03045841888));
#7652 = CARTESIAN_POINT('',(2.138829218612,-12.90372578755));
#7653 = CARTESIAN_POINT('',(2.03980918805,-12.78401757856));
#7654 = CARTESIAN_POINT('',(1.946058838428,-12.67068004088));
#7655 = ( GEOMETRIC_REPRESENTATION_CONTEXT(2) 
PARAMETRIC_REPRESENTATION_CONTEXT() REPRESENTATION_CONTEXT('2D SPACE',''
  ) );
#7656 = ORIENTED_EDGE('',*,*,#7657,.T.);
#7657 = EDGE_CURVE('',#7618,#7658,#7660,.T.);
#7658 = VERTEX_POINT('',#7659);
#7659 = CARTESIAN_POINT('',(-13.9,-16.53875137628,18.9));
#7660 = SURFACE_CURVE('',#7661,(#7664,#7670),.PCURVE_S1.);
#7661 = B_SPLINE_CURVE_WITH_KNOTS('',1,(#7662,#7663),.UNSPECIFIED.,.F.,
  .F.,(2,2),(0.,1.),.PIECEWISE_BEZIER_KNOTS.);
#7662 = CARTESIAN_POINT('',(-8.1,-16.53875137628,18.9));
#7663 = CARTESIAN_POINT('',(-13.9,-16.53875137628,18.9));
#7664 = PCURVE('',#7483,#7665);
#7665 = DEFINITIONAL_REPRESENTATION('',(#7666),#7669);
#7666 = B_SPLINE_CURVE_WITH_KNOTS('',1,(#7667,#7668),.UNSPECIFIED.,.F.,
  .F.,(2,2),(0.,1.),.PIECEWISE_BEZIER_KNOTS.);
#7667 = CARTESIAN_POINT('',(21.866030553414,0.762543524641));
#7668 = CARTESIAN_POINT('',(13.411361665524,0.762543524641));
#7669 = ( GEOMETRIC_REPRESENTATION_CONTEXT(2) 
PARAMETRIC_REPRESENTATION_CONTEXT() REPRESENTATION_CONTEXT('2D SPACE',''
  ) );
#7670 = PCURVE('',#7671,#7676);
#7671 = PLANE('',#7672);
#7672 = AXIS2_PLACEMENT_3D('',#7673,#7674,#7675);
#7673 = CARTESIAN_POINT('',(-13.9,-30.,18.9));
#7674 = DIRECTION('',(0.,0.,1.));
#7675 = DIRECTION('',(1.,0.,0.));
#7676 = DEFINITIONAL_REPRESENTATION('',(#7677),#7680);
#7677 = B_SPLINE_CURVE_WITH_KNOTS('',1,(#7678,#7679),.UNSPECIFIED.,.F.,
  .F.,(2,2),(0.,1.),.PIECEWISE_BEZIER_KNOTS.);
#7678 = CARTESIAN_POINT('',(5.8,13.461248623719));
#7679 = CARTESIAN_POINT('',(0.,13.461248623719));
#7680 = ( GEOMETRIC_REPRESENTATION_CONTEXT(2) 
PARAMETRIC_REPRESENTATION_CONTEXT() REPRESENTATION_CONTEXT('2D SPACE',''
  ) );
#7681 = ORIENTED_EDGE('',*,*,#7682,.T.);
#7682 = EDGE_CURVE('',#7658,#7683,#7685,.T.);
#7683 = VERTEX_POINT('',#7684);
#7684 = CARTESIAN_POINT('',(-13.9,-17.32931995911,18.246058838428));
#7685 = SURFACE_CURVE('',#7686,(#7693,#7703),.PCURVE_S1.);
#7686 = B_SPLINE_CURVE_WITH_KNOTS('',5,(#7687,#7688,#7689,#7690,#7691,
    #7692),.UNSPECIFIED.,.F.,.F.,(6,6),(0.,1.),
  .PIECEWISE_BEZIER_KNOTS.);
#7687 = CARTESIAN_POINT('',(-13.9,-16.53875137628,18.9));
#7688 = CARTESIAN_POINT('',(-13.9,-16.72199239209,18.748427011485));
#7689 = CARTESIAN_POINT('',(-13.9,-16.89082665957,18.608770972286));
#7690 = CARTESIAN_POINT('',(-13.9,-17.04733371595,18.479311734381));
#7691 = CARTESIAN_POINT('',(-13.9,-17.19307423997,18.358758338218));
#7692 = CARTESIAN_POINT('',(-13.9,-17.32931995911,18.246058838428));
#7693 = PCURVE('',#7483,#7694);
#7694 = DEFINITIONAL_REPRESENTATION('',(#7695),#7702);
#7695 = B_SPLINE_CURVE_WITH_KNOTS('',5,(#7696,#7697,#7698,#7699,#7700,
    #7701),.UNSPECIFIED.,.F.,.F.,(6,6),(0.,1.),
  .PIECEWISE_BEZIER_KNOTS.);
#7696 = CARTESIAN_POINT('',(13.411361665524,0.762543524641));
#7697 = CARTESIAN_POINT('',(14.496255269746,0.8175820965));
#7698 = CARTESIAN_POINT('',(15.585450092872,0.868293433818));
#7699 = CARTESIAN_POINT('',(16.677900413574,0.915302149803));
#7700 = CARTESIAN_POINT('',(17.772895627532,0.959077012478));
#7701 = CARTESIAN_POINT('',(18.87,1.));
#7702 = ( GEOMETRIC_REPRESENTATION_CONTEXT(2) 
PARAMETRIC_REPRESENTATION_CONTEXT() REPRESENTATION_CONTEXT('2D SPACE',''
  ) );
#7703 = PCURVE('',#7704,#7709);
#7704 = PLANE('',#7705);
#7705 = AXIS2_PLACEMENT_3D('',#7706,#7707,#7708);
#7706 = CARTESIAN_POINT('',(-13.9,-30.,16.3));
#7707 = DIRECTION('',(1.,0.,0.));
#7708 = DIRECTION('',(0.,0.,1.));
#7709 = DEFINITIONAL_REPRESENTATION('',(#7710),#7717);
#7710 = B_SPLINE_CURVE_WITH_KNOTS('',5,(#7711,#7712,#7713,#7714,#7715,
    #7716),.UNSPECIFIED.,.F.,.F.,(6,6),(0.,1.),
  .PIECEWISE_BEZIER_KNOTS.);
#7711 = CARTESIAN_POINT('',(2.6,-13.46124862371));
#7712 = CARTESIAN_POINT('',(2.448427011485,-13.2780076079));
#7713 = CARTESIAN_POINT('',(2.308770972286,-13.10917334042));
#7714 = CARTESIAN_POINT('',(2.179311734381,-12.95266628404));
#7715 = CARTESIAN_POINT('',(2.058758338218,-12.80692576002));
#7716 = CARTESIAN_POINT('',(1.946058838428,-12.67068004088));
#7717 = ( GEOMETRIC_REPRESENTATION_CONTEXT(2) 
PARAMETRIC_REPRESENTATION_CONTEXT() REPRESENTATION_CONTEXT('2D SPACE',''
  ) );
#7718 = ORIENTED_EDGE('',*,*,#7719,.F.);
#7719 = EDGE_CURVE('',#7476,#7683,#7720,.T.);
#7720 = SURFACE_CURVE('',#7721,(#7725,#7731),.PCURVE_S1.);
#7721 = LINE('',#7722,#7723);
#7722 = CARTESIAN_POINT('',(-25.,-17.32931995911,18.246058838428));
#7723 = VECTOR('',#7724,1.);
#7724 = DIRECTION('',(1.,0.,0.));
#7725 = PCURVE('',#7483,#7726);
#7726 = DEFINITIONAL_REPRESENTATION('',(#7727),#7730);
#7727 = B_SPLINE_CURVE_WITH_KNOTS('',1,(#7728,#7729),.UNSPECIFIED.,.F.,
  .F.,(2,2),(0.,20.),.PIECEWISE_BEZIER_KNOTS.);
#7728 = CARTESIAN_POINT('',(0.,1.));
#7729 = CARTESIAN_POINT('',(34.,1.));
#7730 = ( GEOMETRIC_REPRESENTATION_CONTEXT(2) 
PARAMETRIC_REPRESENTATION_CONTEXT() REPRESENTATION_CONTEXT('2D SPACE',''
  ) );
#7731 = PCURVE('',#7605,#7732);
#7732 = DEFINITIONAL_REPRESENTATION('',(#7733),#7737);
#7733 = LINE('',#7734,#7735);
#7734 = CARTESIAN_POINT('',(0.,0.));
#7735 = VECTOR('',#7736,1.);
#7736 = DIRECTION('',(0.,1.));
#7737 = ( GEOMETRIC_REPRESENTATION_CONTEXT(2) 
PARAMETRIC_REPRESENTATION_CONTEXT() REPRESENTATION_CONTEXT('2D SPACE',''
  ) );
#7738 = ADVANCED_FACE('',(#7739),#7495,.T.);
#7739 = FACE_BOUND('',#7740,.T.);
#7740 = EDGE_LOOP('',(#7741,#7768,#7769,#7797));
#7741 = ORIENTED_EDGE('',*,*,#7742,.T.);
#7742 = EDGE_CURVE('',#7743,#7474,#7745,.T.);
#7743 = VERTEX_POINT('',#7744);
#7744 = CARTESIAN_POINT('',(-17.,14.,21.));
#7745 = SURFACE_CURVE('',#7746,(#7750,#7756),.PCURVE_S1.);
#7746 = LINE('',#7747,#7748);
#7747 = CARTESIAN_POINT('',(-17.,14.,21.));
#7748 = VECTOR('',#7749,1.);
#7749 = DIRECTION('',(0.,-1.,0.));
#7750 = PCURVE('',#7495,#7751);
#7751 = DEFINITIONAL_REPRESENTATION('',(#7752),#7755);
#7752 = B_SPLINE_CURVE_WITH_KNOTS('',1,(#7753,#7754),.UNSPECIFIED.,.F.,
  .F.,(2,2),(0.,28.),.PIECEWISE_BEZIER_KNOTS.);
#7753 = CARTESIAN_POINT('',(0.,0.));
#7754 = CARTESIAN_POINT('',(64.1,0.));
#7755 = ( GEOMETRIC_REPRESENTATION_CONTEXT(2) 
PARAMETRIC_REPRESENTATION_CONTEXT() REPRESENTATION_CONTEXT('2D SPACE',''
  ) );
#7756 = PCURVE('',#7757,#7762);
#7757 = PLANE('',#7758);
#7758 = AXIS2_PLACEMENT_3D('',#7759,#7760,#7761);
#7759 = CARTESIAN_POINT('',(-17.,-14.,3.));
#7760 = DIRECTION('',(1.,0.,0.));
#7761 = DIRECTION('',(0.,0.,1.));
#7762 = DEFINITIONAL_REPRESENTATION('',(#7763),#7767);
#7763 = LINE('',#7764,#7765);
#7764 = CARTESIAN_POINT('',(18.,-28.));
#7765 = VECTOR('',#7766,1.);
#7766 = DIRECTION('',(0.,1.));
#7767 = ( GEOMETRIC_REPRESENTATION_CONTEXT(2) 
PARAMETRIC_REPRESENTATION_CONTEXT() REPRESENTATION_CONTEXT('2D SPACE',''
  ) );
#7768 = ORIENTED_EDGE('',*,*,#7473,.T.);
#7769 = ORIENTED_EDGE('',*,*,#7770,.F.);
#7770 = EDGE_CURVE('',#7771,#7476,#7773,.T.);
#7771 = VERTEX_POINT('',#7772);
#7772 = CARTESIAN_POINT('',(-25.,27.996224714944,63.571603512486));
#7773 = SURFACE_CURVE('',#7774,(#7778,#7785),.PCURVE_S1.);
#7774 = LINE('',#7775,#7776);
#7775 = CARTESIAN_POINT('',(-25.,27.996224714944,63.571603512486));
#7776 = VECTOR('',#7777,1.);
#7777 = DIRECTION('',(0.,-0.707106781187,-0.707106781187));
#7778 = PCURVE('',#7495,#7779);
#7779 = DEFINITIONAL_REPRESENTATION('',(#7780),#7784);
#7780 = LINE('',#7781,#7782);
#7781 = CARTESIAN_POINT('',(0.,1.));
#7782 = VECTOR('',#7783,1.);
#7783 = DIRECTION('',(1.,0.));
#7784 = ( GEOMETRIC_REPRESENTATION_CONTEXT(2) 
PARAMETRIC_REPRESENTATION_CONTEXT() REPRESENTATION_CONTEXT('2D SPACE',''
  ) );
#7785 = PCURVE('',#7786,#7791);
#7786 = PLANE('',#7787);
#7787 = AXIS2_PLACEMENT_3D('',#7788,#7789,#7790);
#7788 = CARTESIAN_POINT('',(-25.,-17.32931995911,18.246058838428));
#7789 = DIRECTION('',(1.,0.,0.));
#7790 = DIRECTION('',(0.,-0.707106781187,0.707106781187));
#7791 = DEFINITIONAL_REPRESENTATION('',(#7792),#7796);
#7792 = LINE('',#7793,#7794);
#7793 = CARTESIAN_POINT('',(0.,-64.1));
#7794 = VECTOR('',#7795,1.);
#7795 = DIRECTION('',(0.,1.));
#7796 = ( GEOMETRIC_REPRESENTATION_CONTEXT(2) 
PARAMETRIC_REPRESENTATION_CONTEXT() REPRESENTATION_CONTEXT('2D SPACE',''
  ) );
#7797 = ORIENTED_EDGE('',*,*,#7798,.F.);
#7798 = EDGE_CURVE('',#7743,#7771,#7799,.T.);
#7799 = SURFACE_CURVE('',#7800,(#7803,#7810),.PCURVE_S1.);
#7800 = B_SPLINE_CURVE_WITH_KNOTS('',1,(#7801,#7802),.UNSPECIFIED.,.F.,
  .F.,(2,2),(0.,1.),.PIECEWISE_BEZIER_KNOTS.);
#7801 = CARTESIAN_POINT('',(-17.,14.,21.));
#7802 = CARTESIAN_POINT('',(-25.,27.996224714944,63.571603512486));
#7803 = PCURVE('',#7495,#7804);
#7804 = DEFINITIONAL_REPRESENTATION('',(#7805),#7809);
#7805 = LINE('',#7806,#7807);
#7806 = CARTESIAN_POINT('',(0.,0.));
#7807 = VECTOR('',#7808,1.);
#7808 = DIRECTION('',(0.,1.));
#7809 = ( GEOMETRIC_REPRESENTATION_CONTEXT(2) 
PARAMETRIC_REPRESENTATION_CONTEXT() REPRESENTATION_CONTEXT('2D SPACE',''
  ) );
#7810 = PCURVE('',#7811,#7816);
#7811 = B_SPLINE_SURFACE_WITH_KNOTS('',1,1,(
    (#7812,#7813)
    ,(#7814,#7815
    )),.UNSPECIFIED.,.F.,.F.,.F.,(2,2),(2,2),(0.,34.),(0.,1.),
  .PIECEWISE_BEZIER_KNOTS.);
#7812 = CARTESIAN_POINT('',(17.,14.,21.));
#7813 = CARTESIAN_POINT('',(-5.,27.996224714944,63.571603512486));
#7814 = CARTESIAN_POINT('',(-17.,14.,21.));
#7815 = CARTESIAN_POINT('',(-25.,27.996224714944,63.571603512486));
#7816 = DEFINITIONAL_REPRESENTATION('',(#7817),#7821);
#7817 = LINE('',#7818,#7819);
#7818 = CARTESIAN_POINT('',(34.,0.));
#7819 = VECTOR('',#7820,1.);
#7820 = DIRECTION('',(0.,1.));
#7821 = ( GEOMETRIC_REPRESENTATION_CONTEXT(2) 
PARAMETRIC_REPRESENTATION_CONTEXT() REPRESENTATION_CONTEXT('2D SPACE',''
  ) );
#7822 = ADVANCED_FACE('',(#7823,#7949,#8055),#7523,.F.);
#7823 = FACE_BOUND('',#7824,.F.);
#7824 = EDGE_LOOP('',(#7825,#7853,#7879,#7900,#7901));
#7825 = ORIENTED_EDGE('',*,*,#7826,.F.);
#7826 = EDGE_CURVE('',#7827,#7536,#7829,.T.);
#7827 = VERTEX_POINT('',#7828);
#7828 = CARTESIAN_POINT('',(17.,-14.,5.385164807135));
#7829 = SURFACE_CURVE('',#7830,(#7834,#7841),.PCURVE_S1.);
#7830 = LINE('',#7831,#7832);
#7831 = CARTESIAN_POINT('',(17.,-14.,3.));
#7832 = VECTOR('',#7833,1.);
#7833 = DIRECTION('',(0.,0.,1.));
#7834 = PCURVE('',#7523,#7835);
#7835 = DEFINITIONAL_REPRESENTATION('',(#7836),#7840);
#7836 = LINE('',#7837,#7838);
#7837 = CARTESIAN_POINT('',(0.,34.));
#7838 = VECTOR('',#7839,1.);
#7839 = DIRECTION('',(1.,0.));
#7840 = ( GEOMETRIC_REPRESENTATION_CONTEXT(2) 
PARAMETRIC_REPRESENTATION_CONTEXT() REPRESENTATION_CONTEXT('2D SPACE',''
  ) );
#7841 = PCURVE('',#7842,#7847);
#7842 = PLANE('',#7843);
#7843 = AXIS2_PLACEMENT_3D('',#7844,#7845,#7846);
#7844 = CARTESIAN_POINT('',(17.,-14.,3.));
#7845 = DIRECTION('',(1.,0.,0.));
#7846 = DIRECTION('',(0.,0.,1.));
#7847 = DEFINITIONAL_REPRESENTATION('',(#7848),#7852);
#7848 = LINE('',#7849,#7850);
#7849 = CARTESIAN_POINT('',(0.,0.));
#7850 = VECTOR('',#7851,1.);
#7851 = DIRECTION('',(1.,0.));
#7852 = ( GEOMETRIC_REPRESENTATION_CONTEXT(2) 
PARAMETRIC_REPRESENTATION_CONTEXT() REPRESENTATION_CONTEXT('2D SPACE',''
  ) );
#7853 = ORIENTED_EDGE('',*,*,#7854,.T.);
#7854 = EDGE_CURVE('',#7827,#7855,#7857,.T.);
#7855 = VERTEX_POINT('',#7856);
#7856 = CARTESIAN_POINT('',(-17.,-14.,5.385164807135));
#7857 = SURFACE_CURVE('',#7858,(#7862,#7868),.PCURVE_S1.);
#7858 = LINE('',#7859,#7860);
#7859 = CARTESIAN_POINT('',(-40.,-14.,5.385164807135));
#7860 = VECTOR('',#7861,1.);
#7861 = DIRECTION('',(-1.,-0.,-0.));
#7862 = PCURVE('',#7523,#7863);
#7863 = DEFINITIONAL_REPRESENTATION('',(#7864),#7867);
#7864 = B_SPLINE_CURVE_WITH_KNOTS('',1,(#7865,#7866),.UNSPECIFIED.,.F.,
  .F.,(2,2),(-60.4,-19.6),.PIECEWISE_BEZIER_KNOTS.);
#7865 = CARTESIAN_POINT('',(2.385164807135,37.4));
#7866 = CARTESIAN_POINT('',(2.385164807135,-3.4));
#7867 = ( GEOMETRIC_REPRESENTATION_CONTEXT(2) 
PARAMETRIC_REPRESENTATION_CONTEXT() REPRESENTATION_CONTEXT('2D SPACE',''
  ) );
#7868 = PCURVE('',#7869,#7874);
#7869 = CYLINDRICAL_SURFACE('',#7870,15.);
#7870 = AXIS2_PLACEMENT_3D('',#7871,#7872,#7873);
#7871 = CARTESIAN_POINT('',(-40.,0.,0.));
#7872 = DIRECTION('',(-1.,-0.,-0.));
#7873 = DIRECTION('',(0.,1.,0.));
#7874 = DEFINITIONAL_REPRESENTATION('',(#7875),#7878);
#7875 = B_SPLINE_CURVE_WITH_KNOTS('',1,(#7876,#7877),.UNSPECIFIED.,.F.,
  .F.,(2,2),(-60.4,-19.6),.PIECEWISE_BEZIER_KNOTS.);
#7876 = CARTESIAN_POINT('',(-2.774384633032,-60.4));
#7877 = CARTESIAN_POINT('',(-2.774384633032,-19.6));
#7878 = ( GEOMETRIC_REPRESENTATION_CONTEXT(2) 
PARAMETRIC_REPRESENTATION_CONTEXT() REPRESENTATION_CONTEXT('2D SPACE',''
  ) );
#7879 = ORIENTED_EDGE('',*,*,#7880,.T.);
#7880 = EDGE_CURVE('',#7855,#7474,#7881,.T.);
#7881 = SURFACE_CURVE('',#7882,(#7886,#7893),.PCURVE_S1.);
#7882 = LINE('',#7883,#7884);
#7883 = CARTESIAN_POINT('',(-17.,-14.,3.));
#7884 = VECTOR('',#7885,1.);
#7885 = DIRECTION('',(0.,0.,1.));
#7886 = PCURVE('',#7523,#7887);
#7887 = DEFINITIONAL_REPRESENTATION('',(#7888),#7892);
#7888 = LINE('',#7889,#7890);
#7889 = CARTESIAN_POINT('',(0.,0.));
#7890 = VECTOR('',#7891,1.);
#7891 = DIRECTION('',(1.,0.));
#7892 = ( GEOMETRIC_REPRESENTATION_CONTEXT(2) 
PARAMETRIC_REPRESENTATION_CONTEXT() REPRESENTATION_CONTEXT('2D SPACE',''
  ) );
#7893 = PCURVE('',#7757,#7894);
#7894 = DEFINITIONAL_REPRESENTATION('',(#7895),#7899);
#7895 = LINE('',#7896,#7897);
#7896 = CARTESIAN_POINT('',(0.,0.));
#7897 = VECTOR('',#7898,1.);
#7898 = DIRECTION('',(1.,0.));
#7899 = ( GEOMETRIC_REPRESENTATION_CONTEXT(2) 
PARAMETRIC_REPRESENTATION_CONTEXT() REPRESENTATION_CONTEXT('2D SPACE',''
  ) );
#7900 = ORIENTED_EDGE('',*,*,#7507,.T.);
#7901 = ORIENTED_EDGE('',*,*,#7902,.F.);
#7902 = EDGE_CURVE('',#7536,#7508,#7903,.T.);
#7903 = SURFACE_CURVE('',#7904,(#7917,#7933),.PCURVE_S1.);
#7904 = B_SPLINE_CURVE_WITH_KNOTS('',6,(#7905,#7906,#7907,#7908,#7909,
    #7910,#7911,#7912,#7913,#7914,#7915,#7916),.UNSPECIFIED.,.F.,.F.,(7,
    5,7),(0.,0.505909217555,1.),.UNSPECIFIED.);
#7905 = CARTESIAN_POINT('',(17.,-14.,21.));
#7906 = CARTESIAN_POINT('',(15.65926211482,-14.,20.832167579597));
#7907 = CARTESIAN_POINT('',(14.300614018824,-14.,20.71013307445));
#7908 = CARTESIAN_POINT('',(12.928887913978,-14.,20.62874982842));
#7909 = CARTESIAN_POINT('',(11.5479003368,-14.,20.583042223114));
#7910 = CARTESIAN_POINT('',(10.160290664659,-14.,20.568743746759));
#7911 = CARTESIAN_POINT('',(7.407318370601,-14.,20.595434838907));
#7912 = CARTESIAN_POINT('',(6.042387131482,-14.,20.635139495383));
#7913 = CARTESIAN_POINT('',(4.674259908057,-14.,20.697989716364));
#7914 = CARTESIAN_POINT('',(3.304064127344,-14.,20.781215112476));
#7915 = CARTESIAN_POINT('',(1.932551510913,-14.,20.882519850188));
#7916 = CARTESIAN_POINT('',(0.560107331424,-14.,21.));
#7917 = PCURVE('',#7523,#7918);
#7918 = DEFINITIONAL_REPRESENTATION('',(#7919),#7932);
#7919 = B_SPLINE_CURVE_WITH_KNOTS('',6,(#7920,#7921,#7922,#7923,#7924,
    #7925,#7926,#7927,#7928,#7929,#7930,#7931),.UNSPECIFIED.,.F.,.F.,(7,
    5,7),(0.,0.505909217555,1.),.UNSPECIFIED.);
#7920 = CARTESIAN_POINT('',(18.,34.));
#7921 = CARTESIAN_POINT('',(17.832167579597,32.65926211482));
#7922 = CARTESIAN_POINT('',(17.71013307445,31.300614018824));
#7923 = CARTESIAN_POINT('',(17.62874982842,29.928887913978));
#7924 = CARTESIAN_POINT('',(17.583042223114,28.5479003368));
#7925 = CARTESIAN_POINT('',(17.568743746759,27.160290664659));
#7926 = CARTESIAN_POINT('',(17.595434838907,24.407318370601));
#7927 = CARTESIAN_POINT('',(17.635139495383,23.042387131482));
#7928 = CARTESIAN_POINT('',(17.697989716364,21.674259908057));
#7929 = CARTESIAN_POINT('',(17.781215112476,20.304064127344));
#7930 = CARTESIAN_POINT('',(17.882519850188,18.932551510913));
#7931 = CARTESIAN_POINT('',(18.,17.560107331424));
#7932 = ( GEOMETRIC_REPRESENTATION_CONTEXT(2) 
PARAMETRIC_REPRESENTATION_CONTEXT() REPRESENTATION_CONTEXT('2D SPACE',''
  ) );
#7933 = PCURVE('',#7551,#7934);
#7934 = DEFINITIONAL_REPRESENTATION('',(#7935),#7948);
#7935 = B_SPLINE_CURVE_WITH_KNOTS('',6,(#7936,#7937,#7938,#7939,#7940,
    #7941,#7942,#7943,#7944,#7945,#7946,#7947),.UNSPECIFIED.,.F.,.F.,(7,
    5,7),(0.,0.505909217555,1.),.UNSPECIFIED.);
#7936 = CARTESIAN_POINT('',(18.,34.));
#7937 = CARTESIAN_POINT('',(17.832167579597,32.65926211482));
#7938 = CARTESIAN_POINT('',(17.71013307445,31.300614018824));
#7939 = CARTESIAN_POINT('',(17.62874982842,29.928887913978));
#7940 = CARTESIAN_POINT('',(17.583042223114,28.5479003368));
#7941 = CARTESIAN_POINT('',(17.568743746759,27.160290664659));
#7942 = CARTESIAN_POINT('',(17.595434838907,24.407318370601));
#7943 = CARTESIAN_POINT('',(17.635139495383,23.042387131482));
#7944 = CARTESIAN_POINT('',(17.697989716364,21.674259908057));
#7945 = CARTESIAN_POINT('',(17.781215112476,20.304064127344));
#7946 = CARTESIAN_POINT('',(17.882519850188,18.932551510913));
#7947 = CARTESIAN_POINT('',(18.,17.560107331424));
#7948 = ( GEOMETRIC_REPRESENTATION_CONTEXT(2) 
PARAMETRIC_REPRESENTATION_CONTEXT() REPRESENTATION_CONTEXT('2D SPACE',''
  ) );
#7949 = FACE_BOUND('',#7950,.F.);
#7950 = EDGE_LOOP('',(#7951,#7979,#8005,#8031));
#7951 = ORIENTED_EDGE('',*,*,#7952,.F.);
#7952 = EDGE_CURVE('',#7953,#7955,#7957,.T.);
#7953 = VERTEX_POINT('',#7954);
#7954 = CARTESIAN_POINT('',(-13.9,-14.,18.9));
#7955 = VERTEX_POINT('',#7956);
#7956 = CARTESIAN_POINT('',(-8.1,-14.,18.9));
#7957 = SURFACE_CURVE('',#7958,(#7962,#7968),.PCURVE_S1.);
#7958 = LINE('',#7959,#7960);
#7959 = CARTESIAN_POINT('',(-15.45,-14.,18.9));
#7960 = VECTOR('',#7961,1.);
#7961 = DIRECTION('',(1.,0.,0.));
#7962 = PCURVE('',#7523,#7963);
#7963 = DEFINITIONAL_REPRESENTATION('',(#7964),#7967);
#7964 = B_SPLINE_CURVE_WITH_KNOTS('',1,(#7965,#7966),.UNSPECIFIED.,.F.,
  .F.,(2,2),(1.55,7.35),.PIECEWISE_BEZIER_KNOTS.);
#7965 = CARTESIAN_POINT('',(15.9,3.1));
#7966 = CARTESIAN_POINT('',(15.9,8.9));
#7967 = ( GEOMETRIC_REPRESENTATION_CONTEXT(2) 
PARAMETRIC_REPRESENTATION_CONTEXT() REPRESENTATION_CONTEXT('2D SPACE',''
  ) );
#7968 = PCURVE('',#7969,#7974);
#7969 = PLANE('',#7970);
#7970 = AXIS2_PLACEMENT_3D('',#7971,#7972,#7973);
#7971 = CARTESIAN_POINT('',(-13.9,-30.,18.9));
#7972 = DIRECTION('',(0.,0.,1.));
#7973 = DIRECTION('',(1.,0.,0.));
#7974 = DEFINITIONAL_REPRESENTATION('',(#7975),#7978);
#7975 = B_SPLINE_CURVE_WITH_KNOTS('',1,(#7976,#7977),.UNSPECIFIED.,.F.,
  .F.,(2,2),(1.55,7.35),.PIECEWISE_BEZIER_KNOTS.);
#7976 = CARTESIAN_POINT('',(0.,16.));
#7977 = CARTESIAN_POINT('',(5.8,16.));
#7978 = ( GEOMETRIC_REPRESENTATION_CONTEXT(2) 
PARAMETRIC_REPRESENTATION_CONTEXT() REPRESENTATION_CONTEXT('2D SPACE',''
  ) );
#7979 = ORIENTED_EDGE('',*,*,#7980,.T.);
#7980 = EDGE_CURVE('',#7953,#7981,#7983,.T.);
#7981 = VERTEX_POINT('',#7982);
#7982 = CARTESIAN_POINT('',(-13.9,-14.,16.3));
#7983 = SURFACE_CURVE('',#7984,(#7988,#7994),.PCURVE_S1.);
#7984 = LINE('',#7985,#7986);
#7985 = CARTESIAN_POINT('',(-13.9,-14.,9.65));
#7986 = VECTOR('',#7987,1.);
#7987 = DIRECTION('',(0.,0.,-1.));
#7988 = PCURVE('',#7523,#7989);
#7989 = DEFINITIONAL_REPRESENTATION('',(#7990),#7993);
#7990 = B_SPLINE_CURVE_WITH_KNOTS('',1,(#7991,#7992),.UNSPECIFIED.,.F.,
  .F.,(2,2),(-9.25,-6.65),.PIECEWISE_BEZIER_KNOTS.);
#7991 = CARTESIAN_POINT('',(15.9,3.1));
#7992 = CARTESIAN_POINT('',(13.3,3.1));
#7993 = ( GEOMETRIC_REPRESENTATION_CONTEXT(2) 
PARAMETRIC_REPRESENTATION_CONTEXT() REPRESENTATION_CONTEXT('2D SPACE',''
  ) );
#7994 = PCURVE('',#7995,#8000);
#7995 = PLANE('',#7996);
#7996 = AXIS2_PLACEMENT_3D('',#7997,#7998,#7999);
#7997 = CARTESIAN_POINT('',(-13.9,-30.,16.3));
#7998 = DIRECTION('',(1.,0.,0.));
#7999 = DIRECTION('',(0.,0.,1.));
#8000 = DEFINITIONAL_REPRESENTATION('',(#8001),#8004);
#8001 = B_SPLINE_CURVE_WITH_KNOTS('',1,(#8002,#8003),.UNSPECIFIED.,.F.,
  .F.,(2,2),(-9.25,-6.65),.PIECEWISE_BEZIER_KNOTS.);
#8002 = CARTESIAN_POINT('',(2.6,-16.));
#8003 = CARTESIAN_POINT('',(0.,-16.));
#8004 = ( GEOMETRIC_REPRESENTATION_CONTEXT(2) 
PARAMETRIC_REPRESENTATION_CONTEXT() REPRESENTATION_CONTEXT('2D SPACE',''
  ) );
#8005 = ORIENTED_EDGE('',*,*,#8006,.T.);
#8006 = EDGE_CURVE('',#7981,#8007,#8009,.T.);
#8007 = VERTEX_POINT('',#8008);
#8008 = CARTESIAN_POINT('',(-8.1,-14.,16.3));
#8009 = SURFACE_CURVE('',#8010,(#8014,#8020),.PCURVE_S1.);
#8010 = LINE('',#8011,#8012);
#8011 = CARTESIAN_POINT('',(-15.45,-14.,16.3));
#8012 = VECTOR('',#8013,1.);
#8013 = DIRECTION('',(1.,0.,0.));
#8014 = PCURVE('',#7523,#8015);
#8015 = DEFINITIONAL_REPRESENTATION('',(#8016),#8019);
#8016 = B_SPLINE_CURVE_WITH_KNOTS('',1,(#8017,#8018),.UNSPECIFIED.,.F.,
  .F.,(2,2),(1.55,7.35),.PIECEWISE_BEZIER_KNOTS.);
#8017 = CARTESIAN_POINT('',(13.3,3.1));
#8018 = CARTESIAN_POINT('',(13.3,8.9));
#8019 = ( GEOMETRIC_REPRESENTATION_CONTEXT(2) 
PARAMETRIC_REPRESENTATION_CONTEXT() REPRESENTATION_CONTEXT('2D SPACE',''
  ) );
#8020 = PCURVE('',#8021,#8026);
#8021 = PLANE('',#8022);
#8022 = AXIS2_PLACEMENT_3D('',#8023,#8024,#8025);
#8023 = CARTESIAN_POINT('',(-13.9,-30.,16.3));
#8024 = DIRECTION('',(0.,0.,1.));
#8025 = DIRECTION('',(1.,0.,0.));
#8026 = DEFINITIONAL_REPRESENTATION('',(#8027),#8030);
#8027 = B_SPLINE_CURVE_WITH_KNOTS('',1,(#8028,#8029),.UNSPECIFIED.,.F.,
  .F.,(2,2),(1.55,7.35),.PIECEWISE_BEZIER_KNOTS.);
#8028 = CARTESIAN_POINT('',(0.,16.));
#8029 = CARTESIAN_POINT('',(5.8,16.));
#8030 = ( GEOMETRIC_REPRESENTATION_CONTEXT(2) 
PARAMETRIC_REPRESENTATION_CONTEXT() REPRESENTATION_CONTEXT('2D SPACE',''
  ) );
#8031 = ORIENTED_EDGE('',*,*,#8032,.F.);
#8032 = EDGE_CURVE('',#7955,#8007,#8033,.T.);
#8033 = SURFACE_CURVE('',#8034,(#8038,#8044),.PCURVE_S1.);
#8034 = LINE('',#8035,#8036);
#8035 = CARTESIAN_POINT('',(-8.1,-14.,9.65));
#8036 = VECTOR('',#8037,1.);
#8037 = DIRECTION('',(0.,0.,-1.));
#8038 = PCURVE('',#7523,#8039);
#8039 = DEFINITIONAL_REPRESENTATION('',(#8040),#8043);
#8040 = B_SPLINE_CURVE_WITH_KNOTS('',1,(#8041,#8042),.UNSPECIFIED.,.F.,
  .F.,(2,2),(-9.25,-6.65),.PIECEWISE_BEZIER_KNOTS.);
#8041 = CARTESIAN_POINT('',(15.9,8.9));
#8042 = CARTESIAN_POINT('',(13.3,8.9));
#8043 = ( GEOMETRIC_REPRESENTATION_CONTEXT(2) 
PARAMETRIC_REPRESENTATION_CONTEXT() REPRESENTATION_CONTEXT('2D SPACE',''
  ) );
#8044 = PCURVE('',#8045,#8050);
#8045 = PLANE('',#8046);
#8046 = AXIS2_PLACEMENT_3D('',#8047,#8048,#8049);
#8047 = CARTESIAN_POINT('',(-8.1,-30.,16.3));
#8048 = DIRECTION('',(1.,0.,0.));
#8049 = DIRECTION('',(0.,0.,1.));
#8050 = DEFINITIONAL_REPRESENTATION('',(#8051),#8054);
#8051 = B_SPLINE_CURVE_WITH_KNOTS('',1,(#8052,#8053),.UNSPECIFIED.,.F.,
  .F.,(2,2),(-9.25,-6.65),.PIECEWISE_BEZIER_KNOTS.);
#8052 = CARTESIAN_POINT('',(2.6,-16.));
#8053 = CARTESIAN_POINT('',(0.,-16.));
#8054 = ( GEOMETRIC_REPRESENTATION_CONTEXT(2) 
PARAMETRIC_REPRESENTATION_CONTEXT() REPRESENTATION_CONTEXT('2D SPACE',''
  ) );
#8055 = FACE_BOUND('',#8056,.F.);
#8056 = EDGE_LOOP('',(#8057,#8085,#8111,#8137));
#8057 = ORIENTED_EDGE('',*,*,#8058,.F.);
#8058 = EDGE_CURVE('',#8059,#8061,#8063,.T.);
#8059 = VERTEX_POINT('',#8060);
#8060 = CARTESIAN_POINT('',(8.1,-14.,18.9));
#8061 = VERTEX_POINT('',#8062);
#8062 = CARTESIAN_POINT('',(13.9,-14.,18.9));
#8063 = SURFACE_CURVE('',#8064,(#8068,#8074),.PCURVE_S1.);
#8064 = LINE('',#8065,#8066);
#8065 = CARTESIAN_POINT('',(-4.45,-14.,18.9));
#8066 = VECTOR('',#8067,1.);
#8067 = DIRECTION('',(1.,0.,0.));
#8068 = PCURVE('',#7523,#8069);
#8069 = DEFINITIONAL_REPRESENTATION('',(#8070),#8073);
#8070 = B_SPLINE_CURVE_WITH_KNOTS('',1,(#8071,#8072),.UNSPECIFIED.,.F.,
  .F.,(2,2),(12.55,18.35),.PIECEWISE_BEZIER_KNOTS.);
#8071 = CARTESIAN_POINT('',(15.9,25.1));
#8072 = CARTESIAN_POINT('',(15.9,30.9));
#8073 = ( GEOMETRIC_REPRESENTATION_CONTEXT(2) 
PARAMETRIC_REPRESENTATION_CONTEXT() REPRESENTATION_CONTEXT('2D SPACE',''
  ) );
#8074 = PCURVE('',#8075,#8080);
#8075 = PLANE('',#8076);
#8076 = AXIS2_PLACEMENT_3D('',#8077,#8078,#8079);
#8077 = CARTESIAN_POINT('',(8.1,-30.,18.9));
#8078 = DIRECTION('',(0.,0.,1.));
#8079 = DIRECTION('',(1.,0.,0.));
#8080 = DEFINITIONAL_REPRESENTATION('',(#8081),#8084);
#8081 = B_SPLINE_CURVE_WITH_KNOTS('',1,(#8082,#8083),.UNSPECIFIED.,.F.,
  .F.,(2,2),(12.55,18.35),.PIECEWISE_BEZIER_KNOTS.);
#8082 = CARTESIAN_POINT('',(0.,16.));
#8083 = CARTESIAN_POINT('',(5.8,16.));
#8084 = ( GEOMETRIC_REPRESENTATION_CONTEXT(2) 
PARAMETRIC_REPRESENTATION_CONTEXT() REPRESENTATION_CONTEXT('2D SPACE',''
  ) );
#8085 = ORIENTED_EDGE('',*,*,#8086,.T.);
#8086 = EDGE_CURVE('',#8059,#8087,#8089,.T.);
#8087 = VERTEX_POINT('',#8088);
#8088 = CARTESIAN_POINT('',(8.1,-14.,16.3));
#8089 = SURFACE_CURVE('',#8090,(#8094,#8100),.PCURVE_S1.);
#8090 = LINE('',#8091,#8092);
#8091 = CARTESIAN_POINT('',(8.1,-14.,9.65));
#8092 = VECTOR('',#8093,1.);
#8093 = DIRECTION('',(0.,0.,-1.));
#8094 = PCURVE('',#7523,#8095);
#8095 = DEFINITIONAL_REPRESENTATION('',(#8096),#8099);
#8096 = B_SPLINE_CURVE_WITH_KNOTS('',1,(#8097,#8098),.UNSPECIFIED.,.F.,
  .F.,(2,2),(-9.25,-6.65),.PIECEWISE_BEZIER_KNOTS.);
#8097 = CARTESIAN_POINT('',(15.9,25.1));
#8098 = CARTESIAN_POINT('',(13.3,25.1));
#8099 = ( GEOMETRIC_REPRESENTATION_CONTEXT(2) 
PARAMETRIC_REPRESENTATION_CONTEXT() REPRESENTATION_CONTEXT('2D SPACE',''
  ) );
#8100 = PCURVE('',#8101,#8106);
#8101 = PLANE('',#8102);
#8102 = AXIS2_PLACEMENT_3D('',#8103,#8104,#8105);
#8103 = CARTESIAN_POINT('',(8.1,-30.,16.3));
#8104 = DIRECTION('',(1.,0.,0.));
#8105 = DIRECTION('',(0.,0.,1.));
#8106 = DEFINITIONAL_REPRESENTATION('',(#8107),#8110);
#8107 = B_SPLINE_CURVE_WITH_KNOTS('',1,(#8108,#8109),.UNSPECIFIED.,.F.,
  .F.,(2,2),(-9.25,-6.65),.PIECEWISE_BEZIER_KNOTS.);
#8108 = CARTESIAN_POINT('',(2.6,-16.));
#8109 = CARTESIAN_POINT('',(0.,-16.));
#8110 = ( GEOMETRIC_REPRESENTATION_CONTEXT(2) 
PARAMETRIC_REPRESENTATION_CONTEXT() REPRESENTATION_CONTEXT('2D SPACE',''
  ) );
#8111 = ORIENTED_EDGE('',*,*,#8112,.T.);
#8112 = EDGE_CURVE('',#8087,#8113,#8115,.T.);
#8113 = VERTEX_POINT('',#8114);
#8114 = CARTESIAN_POINT('',(13.9,-14.,16.3));
#8115 = SURFACE_CURVE('',#8116,(#8120,#8126),.PCURVE_S1.);
#8116 = LINE('',#8117,#8118);
#8117 = CARTESIAN_POINT('',(-4.45,-14.,16.3));
#8118 = VECTOR('',#8119,1.);
#8119 = DIRECTION('',(1.,0.,0.));
#8120 = PCURVE('',#7523,#8121);
#8121 = DEFINITIONAL_REPRESENTATION('',(#8122),#8125);
#8122 = B_SPLINE_CURVE_WITH_KNOTS('',1,(#8123,#8124),.UNSPECIFIED.,.F.,
  .F.,(2,2),(12.55,18.35),.PIECEWISE_BEZIER_KNOTS.);
#8123 = CARTESIAN_POINT('',(13.3,25.1));
#8124 = CARTESIAN_POINT('',(13.3,30.9));
#8125 = ( GEOMETRIC_REPRESENTATION_CONTEXT(2) 
PARAMETRIC_REPRESENTATION_CONTEXT() REPRESENTATION_CONTEXT('2D SPACE',''
  ) );
#8126 = PCURVE('',#8127,#8132);
#8127 = PLANE('',#8128);
#8128 = AXIS2_PLACEMENT_3D('',#8129,#8130,#8131);
#8129 = CARTESIAN_POINT('',(8.1,-30.,16.3));
#8130 = DIRECTION('',(0.,0.,1.));
#8131 = DIRECTION('',(1.,0.,0.));
#8132 = DEFINITIONAL_REPRESENTATION('',(#8133),#8136);
#8133 = B_SPLINE_CURVE_WITH_KNOTS('',1,(#8134,#8135),.UNSPECIFIED.,.F.,
  .F.,(2,2),(12.55,18.35),.PIECEWISE_BEZIER_KNOTS.);
#8134 = CARTESIAN_POINT('',(0.,16.));
#8135 = CARTESIAN_POINT('',(5.8,16.));
#8136 = ( GEOMETRIC_REPRESENTATION_CONTEXT(2) 
PARAMETRIC_REPRESENTATION_CONTEXT() REPRESENTATION_CONTEXT('2D SPACE',''
  ) );
#8137 = ORIENTED_EDGE('',*,*,#8138,.F.);
#8138 = EDGE_CURVE('',#8061,#8113,#8139,.T.);
#8139 = SURFACE_CURVE('',#8140,(#8144,#8150),.PCURVE_S1.);
#8140 = LINE('',#8141,#8142);
#8141 = CARTESIAN_POINT('',(13.9,-14.,9.65));
#8142 = VECTOR('',#8143,1.);
#8143 = DIRECTION('',(0.,0.,-1.));
#8144 = PCURVE('',#7523,#8145);
#8145 = DEFINITIONAL_REPRESENTATION('',(#8146),#8149);
#8146 = B_SPLINE_CURVE_WITH_KNOTS('',1,(#8147,#8148),.UNSPECIFIED.,.F.,
  .F.,(2,2),(-9.25,-6.65),.PIECEWISE_BEZIER_KNOTS.);
#8147 = CARTESIAN_POINT('',(15.9,30.9));
#8148 = CARTESIAN_POINT('',(13.3,30.9));
#8149 = ( GEOMETRIC_REPRESENTATION_CONTEXT(2) 
PARAMETRIC_REPRESENTATION_CONTEXT() REPRESENTATION_CONTEXT('2D SPACE',''
  ) );
#8150 = PCURVE('',#8151,#8156);
#8151 = PLANE('',#8152);
#8152 = AXIS2_PLACEMENT_3D('',#8153,#8154,#8155);
#8153 = CARTESIAN_POINT('',(13.9,-30.,16.3));
#8154 = DIRECTION('',(1.,0.,0.));
#8155 = DIRECTION('',(0.,0.,1.));
#8156 = DEFINITIONAL_REPRESENTATION('',(#8157),#8160);
#8157 = B_SPLINE_CURVE_WITH_KNOTS('',1,(#8158,#8159),.UNSPECIFIED.,.F.,
  .F.,(2,2),(-9.25,-6.65),.PIECEWISE_BEZIER_KNOTS.);
#8158 = CARTESIAN_POINT('',(2.6,-16.));
#8159 = CARTESIAN_POINT('',(0.,-16.));
#8160 = ( GEOMETRIC_REPRESENTATION_CONTEXT(2) 
PARAMETRIC_REPRESENTATION_CONTEXT() REPRESENTATION_CONTEXT('2D SPACE',''
  ) );
#8161 = ADVANCED_FACE('',(#8162),#7551,.F.);
#8162 = FACE_BOUND('',#8163,.F.);
#8163 = EDGE_LOOP('',(#8164,#8165));
#8164 = ORIENTED_EDGE('',*,*,#7535,.T.);
#8165 = ORIENTED_EDGE('',*,*,#7902,.T.);
#8166 = ADVANCED_FACE('',(#8167),#7578,.T.);
#8167 = FACE_BOUND('',#8168,.T.);
#8168 = EDGE_LOOP('',(#8169,#8170,#8192,#8214,#8254,#8279,#8367,#8392,
    #8414,#8442));
#8169 = ORIENTED_EDGE('',*,*,#7563,.F.);
#8170 = ORIENTED_EDGE('',*,*,#8171,.T.);
#8171 = EDGE_CURVE('',#7536,#8172,#8174,.T.);
#8172 = VERTEX_POINT('',#8173);
#8173 = CARTESIAN_POINT('',(17.,14.,21.));
#8174 = SURFACE_CURVE('',#8175,(#8179,#8185),.PCURVE_S1.);
#8175 = LINE('',#8176,#8177);
#8176 = CARTESIAN_POINT('',(17.,-14.,21.));
#8177 = VECTOR('',#8178,1.);
#8178 = DIRECTION('',(0.,1.,0.));
#8179 = PCURVE('',#7578,#8180);
#8180 = DEFINITIONAL_REPRESENTATION('',(#8181),#8184);
#8181 = B_SPLINE_CURVE_WITH_KNOTS('',1,(#8182,#8183),.UNSPECIFIED.,.F.,
  .F.,(2,2),(0.,28.),.PIECEWISE_BEZIER_KNOTS.);
#8182 = CARTESIAN_POINT('',(0.,0.));
#8183 = CARTESIAN_POINT('',(64.1,0.));
#8184 = ( GEOMETRIC_REPRESENTATION_CONTEXT(2) 
PARAMETRIC_REPRESENTATION_CONTEXT() REPRESENTATION_CONTEXT('2D SPACE',''
  ) );
#8185 = PCURVE('',#7842,#8186);
#8186 = DEFINITIONAL_REPRESENTATION('',(#8187),#8191);
#8187 = LINE('',#8188,#8189);
#8188 = CARTESIAN_POINT('',(18.,0.));
#8189 = VECTOR('',#8190,1.);
#8190 = DIRECTION('',(0.,-1.));
#8191 = ( GEOMETRIC_REPRESENTATION_CONTEXT(2) 
PARAMETRIC_REPRESENTATION_CONTEXT() REPRESENTATION_CONTEXT('2D SPACE',''
  ) );
#8192 = ORIENTED_EDGE('',*,*,#8193,.T.);
#8193 = EDGE_CURVE('',#8172,#8194,#8196,.T.);
#8194 = VERTEX_POINT('',#8195);
#8195 = CARTESIAN_POINT('',(0.443969543264,24.532814666361,
    53.037125652037));
#8196 = SURFACE_CURVE('',#8197,(#8200,#8207),.PCURVE_S1.);
#8197 = B_SPLINE_CURVE_WITH_KNOTS('',1,(#8198,#8199),.UNSPECIFIED.,.F.,
  .F.,(2,2),(0.,1.),.PIECEWISE_BEZIER_KNOTS.);
#8198 = CARTESIAN_POINT('',(17.,14.,21.));
#8199 = CARTESIAN_POINT('',(-5.,27.996224714944,63.571603512486));
#8200 = PCURVE('',#7578,#8201);
#8201 = DEFINITIONAL_REPRESENTATION('',(#8202),#8206);
#8202 = LINE('',#8203,#8204);
#8203 = CARTESIAN_POINT('',(64.1,0.));
#8204 = VECTOR('',#8205,1.);
#8205 = DIRECTION('',(0.,1.));
#8206 = ( GEOMETRIC_REPRESENTATION_CONTEXT(2) 
PARAMETRIC_REPRESENTATION_CONTEXT() REPRESENTATION_CONTEXT('2D SPACE',''
  ) );
#8207 = PCURVE('',#7811,#8208);
#8208 = DEFINITIONAL_REPRESENTATION('',(#8209),#8213);
#8209 = LINE('',#8210,#8211);
#8210 = CARTESIAN_POINT('',(0.,0.));
#8211 = VECTOR('',#8212,1.);
#8212 = DIRECTION('',(0.,1.));
#8213 = ( GEOMETRIC_REPRESENTATION_CONTEXT(2) 
PARAMETRIC_REPRESENTATION_CONTEXT() REPRESENTATION_CONTEXT('2D SPACE',''
  ) );
#8214 = ORIENTED_EDGE('',*,*,#8215,.F.);
#8215 = EDGE_CURVE('',#8216,#8194,#8218,.T.);
#8216 = VERTEX_POINT('',#8217);
#8217 = CARTESIAN_POINT('',(1.6,16.624279599746,45.128590585421));
#8218 = SURFACE_CURVE('',#8219,(#8227,#8238),.PCURVE_S1.);
#8219 = B_SPLINE_CURVE_WITH_KNOTS('',6,(#8220,#8221,#8222,#8223,#8224,
    #8225,#8226),.UNSPECIFIED.,.F.,.F.,(7,7),(0.,1.),
  .PIECEWISE_BEZIER_KNOTS.);
#8220 = CARTESIAN_POINT('',(1.6,16.624279599746,45.128590585421));
#8221 = CARTESIAN_POINT('',(1.366102605688,17.937264673568,
    46.441575659243));
#8222 = CARTESIAN_POINT('',(1.152233495254,19.252824875749,
    47.757135861425));
#8223 = CARTESIAN_POINT('',(0.955172222857,20.570466877211,
    49.074777862887));
#8224 = CARTESIAN_POINT('',(0.772607522458,21.889840274743,
    50.394151260419));
#8225 = CARTESIAN_POINT('',(0.602700099474,23.210684381066,
    51.714995366742));
#8226 = CARTESIAN_POINT('',(0.443969543264,24.532814666361,
    53.037125652037));
#8227 = PCURVE('',#7578,#8228);
#8228 = DEFINITIONAL_REPRESENTATION('',(#8229),#8237);
#8229 = B_SPLINE_CURVE_WITH_KNOTS('',6,(#8230,#8231,#8232,#8233,#8234,
    #8235,#8236),.UNSPECIFIED.,.F.,.F.,(7,7),(0.,1.),
  .PIECEWISE_BEZIER_KNOTS.);
#8230 = CARTESIAN_POINT('',(52.641775293316,0.7));
#8231 = CARTESIAN_POINT('',(54.554027601221,0.710631699741));
#8232 = CARTESIAN_POINT('',(56.465176928765,0.720353022943));
#8233 = CARTESIAN_POINT('',(58.375288536759,0.729310353506));
#8234 = CARTESIAN_POINT('',(60.284414426238,0.737608748979));
#8235 = CARTESIAN_POINT('',(62.192621664236,0.74533181366));
#8236 = CARTESIAN_POINT('',(64.1,0.752546838943));
#8237 = ( GEOMETRIC_REPRESENTATION_CONTEXT(2) 
PARAMETRIC_REPRESENTATION_CONTEXT() REPRESENTATION_CONTEXT('2D SPACE',''
  ) );
#8238 = PCURVE('',#8239,#8244);
#8239 = PLANE('',#8240);
#8240 = AXIS2_PLACEMENT_3D('',#8241,#8242,#8243);
#8241 = CARTESIAN_POINT('',(-4.6,-9.62185604418,18.882454941496));
#8242 = DIRECTION('',(0.,-0.707106781187,0.707106781187));
#8243 = DIRECTION('',(1.,0.,0.));
#8244 = DEFINITIONAL_REPRESENTATION('',(#8245),#8253);
#8245 = B_SPLINE_CURVE_WITH_KNOTS('',6,(#8246,#8247,#8248,#8249,#8250,
    #8251,#8252),.UNSPECIFIED.,.F.,.F.,(7,7),(0.,1.),
  .PIECEWISE_BEZIER_KNOTS.);
#8246 = CARTESIAN_POINT('',(6.2,37.117640987523));
#8247 = CARTESIAN_POINT('',(5.966102605688,38.974482286116));
#8248 = CARTESIAN_POINT('',(5.752233495254,40.83496536616));
#8249 = CARTESIAN_POINT('',(5.555172222857,42.698392554979));
#8250 = CARTESIAN_POINT('',(5.372607522458,44.564268307603));
#8251 = CARTESIAN_POINT('',(5.202700099474,46.432223956545));
#8252 = CARTESIAN_POINT('',(5.043969543264,48.301998537234));
#8253 = ( GEOMETRIC_REPRESENTATION_CONTEXT(2) 
PARAMETRIC_REPRESENTATION_CONTEXT() REPRESENTATION_CONTEXT('2D SPACE',''
  ) );
#8254 = ORIENTED_EDGE('',*,*,#8255,.T.);
#8255 = EDGE_CURVE('',#8216,#8256,#8258,.T.);
#8256 = VERTEX_POINT('',#8257);
#8257 = CARTESIAN_POINT('',(1.6,-12.69005171289,21.950650610214));
#8258 = SURFACE_CURVE('',#8259,(#8262,#8268),.PCURVE_S1.);
#8259 = B_SPLINE_CURVE_WITH_KNOTS('',1,(#8260,#8261),.UNSPECIFIED.,.F.,
  .F.,(2,2),(0.,1.),.PIECEWISE_BEZIER_KNOTS.);
#8260 = CARTESIAN_POINT('',(1.6,16.624279599746,45.128590585421));
#8261 = CARTESIAN_POINT('',(1.6,-12.69005171289,21.950650610214));
#8262 = PCURVE('',#7578,#8263);
#8263 = DEFINITIONAL_REPRESENTATION('',(#8264),#8267);
#8264 = B_SPLINE_CURVE_WITH_KNOTS('',1,(#8265,#8266),.UNSPECIFIED.,.F.,
  .F.,(2,2),(0.,1.),.PIECEWISE_BEZIER_KNOTS.);
#8265 = CARTESIAN_POINT('',(52.641775293316,0.7));
#8266 = CARTESIAN_POINT('',(5.815265206449,0.7));
#8267 = ( GEOMETRIC_REPRESENTATION_CONTEXT(2) 
PARAMETRIC_REPRESENTATION_CONTEXT() REPRESENTATION_CONTEXT('2D SPACE',''
  ) );
#8268 = PCURVE('',#8269,#8274);
#8269 = PLANE('',#8270);
#8270 = AXIS2_PLACEMENT_3D('',#8271,#8272,#8273);
#8271 = CARTESIAN_POINT('',(1.6,-9.62185604418,18.882454941496));
#8272 = DIRECTION('',(1.,0.,0.));
#8273 = DIRECTION('',(0.,-0.707106781187,0.707106781187));
#8274 = DEFINITIONAL_REPRESENTATION('',(#8275),#8278);
#8275 = B_SPLINE_CURVE_WITH_KNOTS('',1,(#8276,#8277),.UNSPECIFIED.,.F.,
  .F.,(2,2),(0.,1.),.PIECEWISE_BEZIER_KNOTS.);
#8276 = CARTESIAN_POINT('',(0.,-37.11764098752));
#8277 = CARTESIAN_POINT('',(4.339083926716,0.));
#8278 = ( GEOMETRIC_REPRESENTATION_CONTEXT(2) 
PARAMETRIC_REPRESENTATION_CONTEXT() REPRESENTATION_CONTEXT('2D SPACE',''
  ) );
#8279 = ORIENTED_EDGE('',*,*,#8280,.T.);
#8280 = EDGE_CURVE('',#8256,#8281,#8283,.T.);
#8281 = VERTEX_POINT('',#8282);
#8282 = CARTESIAN_POINT('',(-4.6,-13.1287463036,22.389345200917));
#8283 = SURFACE_CURVE('',#8284,(#8308,#8335),.PCURVE_S1.);
#8284 = B_SPLINE_CURVE_WITH_KNOTS('',8,(#8285,#8286,#8287,#8288,#8289,
    #8290,#8291,#8292,#8293,#8294,#8295,#8296,#8297,#8298,#8299,#8300,
    #8301,#8302,#8303,#8304,#8305,#8306,#8307),.UNSPECIFIED.,.F.,.F.,(9,
    7,7,9),(0.,5.123340920304E-02,0.895798038071,1.),.UNSPECIFIED.);
#8285 = CARTESIAN_POINT('',(1.6,-12.69005171289,21.950650610214));
#8286 = CARTESIAN_POINT('',(1.560290306725,-12.69282136734,
    21.953420264665));
#8287 = CARTESIAN_POINT('',(1.520580687802,-12.69559174795,
    21.956190645272));
#8288 = CARTESIAN_POINT('',(1.480871095433,-12.69836285277,
    21.95896175009));
#8289 = CARTESIAN_POINT('',(1.441161627794,-12.70113467155,
    21.961733568874));
#8290 = CARTESIAN_POINT('',(1.401452160789,-12.70390720711,
    21.964506104427));
#8291 = CARTESIAN_POINT('',(1.361742796839,-12.70668044886,
    21.967279346181));
#8292 = CARTESIAN_POINT('',(1.322033480209,-12.70945439574,
    21.970053293058));
#8293 = CARTESIAN_POINT('',(0.627731265575,-12.757968109,22.018567006316
    ));
#8294 = CARTESIAN_POINT('',(-2.684464502756E-02,-12.80389730126,
    22.06449619858));
#8295 = CARTESIAN_POINT('',(-0.681404599086,-12.84999721065,
    22.110596107967));
#8296 = CARTESIAN_POINT('',(-1.335949556006,-12.89625137009,
    22.15685026741));
#8297 = CARTESIAN_POINT('',(-1.990480383771,-12.94264578825,
    22.203244685575));
#8298 = CARTESIAN_POINT('',(-2.644997904217,-12.98916848392,
    22.249767381245));
#8299 = CARTESIAN_POINT('',(-3.299502938317,-13.03580902038,
    22.296407917698));
#8300 = CARTESIAN_POINT('',(-4.034747421766,-13.08832591042,
    22.348924807744));
#8301 = CARTESIAN_POINT('',(-4.115498313728,-13.0940954329,
    22.35469433022));
#8302 = CARTESIAN_POINT('',(-4.196249028844,-13.09986658986,
    22.360465487176));
#8303 = CARTESIAN_POINT('',(-4.276999568552,-13.10563936422,
    22.366238261538));
#8304 = CARTESIAN_POINT('',(-4.357749934229,-13.11141373918,
    22.372012636501));
#8305 = CARTESIAN_POINT('',(-4.438500127198,-13.1171896982,
    22.377788595522));
#8306 = CARTESIAN_POINT('',(-4.519250148719,-13.12296722501,
    22.383566122329));
#8307 = CARTESIAN_POINT('',(-4.6,-13.1287463036,22.389345200917));
#8308 = PCURVE('',#7578,#8309);
#8309 = DEFINITIONAL_REPRESENTATION('',(#8310),#8334);
#8310 = B_SPLINE_CURVE_WITH_KNOTS('',8,(#8311,#8312,#8313,#8314,#8315,
    #8316,#8317,#8318,#8319,#8320,#8321,#8322,#8323,#8324,#8325,#8326,
    #8327,#8328,#8329,#8330,#8331,#8332,#8333),.UNSPECIFIED.,.F.,.F.,(9,
    7,7,9),(0.,5.123340920304E-02,0.895798038071,1.),.UNSPECIFIED.);
#8311 = CARTESIAN_POINT('',(5.815265129932,0.7));
#8312 = CARTESIAN_POINT('',(5.81590830008,0.701804986058));
#8313 = CARTESIAN_POINT('',(5.816549787199,0.703609968736));
#8314 = CARTESIAN_POINT('',(5.81718673156,0.705414950208));
#8315 = CARTESIAN_POINT('',(5.817825120647,0.707219926009));
#8316 = CARTESIAN_POINT('',(5.818457460275,0.709024901782));
#8317 = CARTESIAN_POINT('',(5.81908994934,0.710829872871));
#8318 = CARTESIAN_POINT('',(5.81971929452,0.712634841809));
#8319 = CARTESIAN_POINT('',(5.830686866161,0.744194033383));
#8320 = CARTESIAN_POINT('',(5.840421504,0.773947483865));
#8321 = CARTESIAN_POINT('',(5.849612151615,0.803700209049));
#8322 = CARTESIAN_POINT('',(5.858311143986,0.833452252546));
#8323 = CARTESIAN_POINT('',(5.866562960325,0.863203653808));
#8324 = CARTESIAN_POINT('',(5.874405708187,0.892954450192));
#8325 = CARTESIAN_POINT('',(5.881872607586,0.922704679014));
#8326 = CARTESIAN_POINT('',(5.889872044186,0.956124882808));
#8327 = CARTESIAN_POINT('',(5.89074535401,0.959795377897));
#8328 = CARTESIAN_POINT('',(5.891613447204,0.963465864947));
#8329 = CARTESIAN_POINT('',(5.892476371107,0.967136344025));
#8330 = CARTESIAN_POINT('',(5.893334177768,0.970806815192));
#8331 = CARTESIAN_POINT('',(5.894186923953,0.974477278509));
#8332 = CARTESIAN_POINT('',(5.895034671139,0.978147734033));
#8333 = CARTESIAN_POINT('',(5.895877485517,0.981818181818));
#8334 = ( GEOMETRIC_REPRESENTATION_CONTEXT(2) 
PARAMETRIC_REPRESENTATION_CONTEXT() REPRESENTATION_CONTEXT('2D SPACE',''
  ) );
#8335 = PCURVE('',#8336,#8341);
#8336 = PLANE('',#8337);
#8337 = AXIS2_PLACEMENT_3D('',#8338,#8339,#8340);
#8338 = CARTESIAN_POINT('',(-4.6,-9.62185604418,18.882454941496));
#8339 = DIRECTION('',(0.,0.707106781187,0.707106781187));
#8340 = DIRECTION('',(0.,-0.707106781187,0.707106781187));
#8341 = DEFINITIONAL_REPRESENTATION('',(#8342),#8366);
#8342 = B_SPLINE_CURVE_WITH_KNOTS('',8,(#8343,#8344,#8345,#8346,#8347,
    #8348,#8349,#8350,#8351,#8352,#8353,#8354,#8355,#8356,#8357,#8358,
    #8359,#8360,#8361,#8362,#8363,#8364,#8365),.UNSPECIFIED.,.F.,.F.,(9,
    7,7,9),(0.,5.123340920304E-02,0.895798038071,1.),.UNSPECIFIED.);
#8343 = CARTESIAN_POINT('',(4.339083926716,6.2));
#8344 = CARTESIAN_POINT('',(4.343000809604,6.160290306725));
#8345 = CARTESIAN_POINT('',(4.346918719431,6.120580687802));
#8346 = CARTESIAN_POINT('',(4.350837653447,6.080871095433));
#8347 = CARTESIAN_POINT('',(4.354757597164,6.041161627794));
#8348 = CARTESIAN_POINT('',(4.358678554545,6.001452160789));
#8349 = CARTESIAN_POINT('',(4.362600510645,5.961742796839));
#8350 = CARTESIAN_POINT('',(4.36652346394,5.922033480209));
#8351 = CARTESIAN_POINT('',(4.43513221519,5.227731265575));
#8352 = CARTESIAN_POINT('',(4.500085901799,4.573155354972));
#8353 = CARTESIAN_POINT('',(4.565281018879,3.918595400914));
#8354 = CARTESIAN_POINT('',(4.630694278478,3.264050443994));
#8355 = CARTESIAN_POINT('',(4.696305893866,2.609519616229));
#8356 = CARTESIAN_POINT('',(4.762098921041,1.955002095783));
#8357 = CARTESIAN_POINT('',(4.828058600249,1.300497061683));
#8358 = CARTESIAN_POINT('',(4.902328698405,0.565252578234));
#8359 = CARTESIAN_POINT('',(4.910488035339,0.484501686272));
#8360 = CARTESIAN_POINT('',(4.918649683777,0.403750971156));
#8361 = CARTESIAN_POINT('',(4.926813619573,0.323000431448));
#8362 = CARTESIAN_POINT('',(4.934979818959,0.242250065771));
#8363 = CARTESIAN_POINT('',(4.943148258543,0.161499872802));
#8364 = CARTESIAN_POINT('',(4.951318915311,8.074985128073E-02));
#8365 = CARTESIAN_POINT('',(4.959491766627,0.));
#8366 = ( GEOMETRIC_REPRESENTATION_CONTEXT(2) 
PARAMETRIC_REPRESENTATION_CONTEXT() REPRESENTATION_CONTEXT('2D SPACE',''
  ) );
#8367 = ORIENTED_EDGE('',*,*,#8368,.F.);
#8368 = EDGE_CURVE('',#8369,#8281,#8371,.T.);
#8369 = VERTEX_POINT('',#8370);
#8370 = CARTESIAN_POINT('',(-4.6,27.741747901945,62.797574357713));
#8371 = SURFACE_CURVE('',#8372,(#8375,#8381),.PCURVE_S1.);
#8372 = B_SPLINE_CURVE_WITH_KNOTS('',1,(#8373,#8374),.UNSPECIFIED.,.F.,
  .F.,(2,2),(0.,1.),.PIECEWISE_BEZIER_KNOTS.);
#8373 = CARTESIAN_POINT('',(-4.6,27.741747901945,62.797574357713));
#8374 = CARTESIAN_POINT('',(-4.6,-13.1287463036,22.389345200917));
#8375 = PCURVE('',#7578,#8376);
#8376 = DEFINITIONAL_REPRESENTATION('',(#8377),#8380);
#8377 = B_SPLINE_CURVE_WITH_KNOTS('',1,(#8378,#8379),.UNSPECIFIED.,.F.,
  .F.,(2,2),(0.,1.),.PIECEWISE_BEZIER_KNOTS.);
#8378 = CARTESIAN_POINT('',(64.1,0.981818181818));
#8379 = CARTESIAN_POINT('',(5.895877522663,0.981818181818));
#8380 = ( GEOMETRIC_REPRESENTATION_CONTEXT(2) 
PARAMETRIC_REPRESENTATION_CONTEXT() REPRESENTATION_CONTEXT('2D SPACE',''
  ) );
#8381 = PCURVE('',#8382,#8387);
#8382 = PLANE('',#8383);
#8383 = AXIS2_PLACEMENT_3D('',#8384,#8385,#8386);
#8384 = CARTESIAN_POINT('',(-4.6,-9.62185604418,18.882454941496));
#8385 = DIRECTION('',(1.,0.,0.));
#8386 = DIRECTION('',(0.,-0.707106781187,0.707106781187));
#8387 = DEFINITIONAL_REPRESENTATION('',(#8388),#8391);
#8388 = B_SPLINE_CURVE_WITH_KNOTS('',1,(#8389,#8390),.UNSPECIFIED.,.F.,
  .F.,(2,2),(0.,1.),.PIECEWISE_BEZIER_KNOTS.);
#8389 = CARTESIAN_POINT('',(4.632621015951,-57.47273645569));
#8390 = CARTESIAN_POINT('',(4.959491766627,0.));
#8391 = ( GEOMETRIC_REPRESENTATION_CONTEXT(2) 
PARAMETRIC_REPRESENTATION_CONTEXT() REPRESENTATION_CONTEXT('2D SPACE',''
  ) );
#8392 = ORIENTED_EDGE('',*,*,#8393,.T.);
#8393 = EDGE_CURVE('',#8369,#8394,#8396,.T.);
#8394 = VERTEX_POINT('',#8395);
#8395 = CARTESIAN_POINT('',(-5.,27.996224714944,63.571603512486));
#8396 = SURFACE_CURVE('',#8397,(#8400,#8407),.PCURVE_S1.);
#8397 = B_SPLINE_CURVE_WITH_KNOTS('',1,(#8398,#8399),.UNSPECIFIED.,.F.,
  .F.,(2,2),(0.,1.),.PIECEWISE_BEZIER_KNOTS.);
#8398 = CARTESIAN_POINT('',(17.,14.,21.));
#8399 = CARTESIAN_POINT('',(-5.,27.996224714944,63.571603512486));
#8400 = PCURVE('',#7578,#8401);
#8401 = DEFINITIONAL_REPRESENTATION('',(#8402),#8406);
#8402 = LINE('',#8403,#8404);
#8403 = CARTESIAN_POINT('',(64.1,0.));
#8404 = VECTOR('',#8405,1.);
#8405 = DIRECTION('',(0.,1.));
#8406 = ( GEOMETRIC_REPRESENTATION_CONTEXT(2) 
PARAMETRIC_REPRESENTATION_CONTEXT() REPRESENTATION_CONTEXT('2D SPACE',''
  ) );
#8407 = PCURVE('',#7811,#8408);
#8408 = DEFINITIONAL_REPRESENTATION('',(#8409),#8413);
#8409 = LINE('',#8410,#8411);
#8410 = CARTESIAN_POINT('',(0.,0.));
#8411 = VECTOR('',#8412,1.);
#8412 = DIRECTION('',(0.,1.));
#8413 = ( GEOMETRIC_REPRESENTATION_CONTEXT(2) 
PARAMETRIC_REPRESENTATION_CONTEXT() REPRESENTATION_CONTEXT('2D SPACE',''
  ) );
#8414 = ORIENTED_EDGE('',*,*,#8415,.F.);
#8415 = EDGE_CURVE('',#8416,#8394,#8418,.T.);
#8416 = VERTEX_POINT('',#8417);
#8417 = CARTESIAN_POINT('',(-5.,-13.5109433407,22.064435456835));
#8418 = SURFACE_CURVE('',#8419,(#8423,#8430),.PCURVE_S1.);
#8419 = LINE('',#8420,#8421);
#8420 = CARTESIAN_POINT('',(-5.,-17.32931995911,18.246058838428));
#8421 = VECTOR('',#8422,1.);
#8422 = DIRECTION('',(0.,0.707106781187,0.707106781187));
#8423 = PCURVE('',#7578,#8424);
#8424 = DEFINITIONAL_REPRESENTATION('',(#8425),#8429);
#8425 = LINE('',#8426,#8427);
#8426 = CARTESIAN_POINT('',(0.,1.));
#8427 = VECTOR('',#8428,1.);
#8428 = DIRECTION('',(1.,0.));
#8429 = ( GEOMETRIC_REPRESENTATION_CONTEXT(2) 
PARAMETRIC_REPRESENTATION_CONTEXT() REPRESENTATION_CONTEXT('2D SPACE',''
  ) );
#8430 = PCURVE('',#8431,#8436);
#8431 = PLANE('',#8432);
#8432 = AXIS2_PLACEMENT_3D('',#8433,#8434,#8435);
#8433 = CARTESIAN_POINT('',(-5.,-17.32931995911,18.246058838428));
#8434 = DIRECTION('',(1.,0.,0.));
#8435 = DIRECTION('',(0.,-0.707106781187,0.707106781187));
#8436 = DEFINITIONAL_REPRESENTATION('',(#8437),#8441);
#8437 = LINE('',#8438,#8439);
#8438 = CARTESIAN_POINT('',(0.,0.));
#8439 = VECTOR('',#8440,1.);
#8440 = DIRECTION('',(0.,-1.));
#8441 = ( GEOMETRIC_REPRESENTATION_CONTEXT(2) 
PARAMETRIC_REPRESENTATION_CONTEXT() REPRESENTATION_CONTEXT('2D SPACE',''
  ) );
#8442 = ORIENTED_EDGE('',*,*,#8443,.F.);
#8443 = EDGE_CURVE('',#7564,#8416,#8444,.T.);
#8444 = SURFACE_CURVE('',#8445,(#8449,#8456),.PCURVE_S1.);
#8445 = LINE('',#8446,#8447);
#8446 = CARTESIAN_POINT('',(-5.,-17.32931995911,18.246058838428));
#8447 = VECTOR('',#8448,1.);
#8448 = DIRECTION('',(0.,0.707106781187,0.707106781187));
#8449 = PCURVE('',#7578,#8450);
#8450 = DEFINITIONAL_REPRESENTATION('',(#8451),#8455);
#8451 = LINE('',#8452,#8453);
#8452 = CARTESIAN_POINT('',(0.,1.));
#8453 = VECTOR('',#8454,1.);
#8454 = DIRECTION('',(1.,0.));
#8455 = ( GEOMETRIC_REPRESENTATION_CONTEXT(2) 
PARAMETRIC_REPRESENTATION_CONTEXT() REPRESENTATION_CONTEXT('2D SPACE',''
  ) );
#8456 = PCURVE('',#8457,#8462);
#8457 = PLANE('',#8458);
#8458 = AXIS2_PLACEMENT_3D('',#8459,#8460,#8461);
#8459 = CARTESIAN_POINT('',(-6.,-17.32931995911,18.246058838428));
#8460 = DIRECTION('',(0.,-0.707106781187,0.707106781187));
#8461 = DIRECTION('',(1.,0.,0.));
#8462 = DEFINITIONAL_REPRESENTATION('',(#8463),#8467);
#8463 = LINE('',#8464,#8465);
#8464 = CARTESIAN_POINT('',(1.,0.));
#8465 = VECTOR('',#8466,1.);
#8466 = DIRECTION('',(0.,1.));
#8467 = ( GEOMETRIC_REPRESENTATION_CONTEXT(2) 
PARAMETRIC_REPRESENTATION_CONTEXT() REPRESENTATION_CONTEXT('2D SPACE',''
  ) );
#8468 = ADVANCED_FACE('',(#8469),#7605,.F.);
#8469 = FACE_BOUND('',#8470,.F.);
#8470 = EDGE_LOOP('',(#8471,#8472,#8495,#8523,#8546,#8574,#8602,#8623,
    #8624,#8646,#8668));
#8471 = ORIENTED_EDGE('',*,*,#7719,.F.);
#8472 = ORIENTED_EDGE('',*,*,#8473,.T.);
#8473 = EDGE_CURVE('',#7476,#8474,#8476,.T.);
#8474 = VERTEX_POINT('',#8475);
#8475 = CARTESIAN_POINT('',(-25.,-20.86485386504,21.781592744361));
#8476 = SURFACE_CURVE('',#8477,(#8481,#8488),.PCURVE_S1.);
#8477 = LINE('',#8478,#8479);
#8478 = CARTESIAN_POINT('',(-25.,-17.32931995911,18.246058838428));
#8479 = VECTOR('',#8480,1.);
#8480 = DIRECTION('',(0.,-0.707106781187,0.707106781187));
#8481 = PCURVE('',#7605,#8482);
#8482 = DEFINITIONAL_REPRESENTATION('',(#8483),#8487);
#8483 = LINE('',#8484,#8485);
#8484 = CARTESIAN_POINT('',(0.,0.));
#8485 = VECTOR('',#8486,1.);
#8486 = DIRECTION('',(1.,0.));
#8487 = ( GEOMETRIC_REPRESENTATION_CONTEXT(2) 
PARAMETRIC_REPRESENTATION_CONTEXT() REPRESENTATION_CONTEXT('2D SPACE',''
  ) );
#8488 = PCURVE('',#7786,#8489);
#8489 = DEFINITIONAL_REPRESENTATION('',(#8490),#8494);
#8490 = LINE('',#8491,#8492);
#8491 = CARTESIAN_POINT('',(0.,0.));
#8492 = VECTOR('',#8493,1.);
#8493 = DIRECTION('',(1.,0.));
#8494 = ( GEOMETRIC_REPRESENTATION_CONTEXT(2) 
PARAMETRIC_REPRESENTATION_CONTEXT() REPRESENTATION_CONTEXT('2D SPACE',''
  ) );
#8495 = ORIENTED_EDGE('',*,*,#8496,.T.);
#8496 = EDGE_CURVE('',#8474,#8497,#8499,.T.);
#8497 = VERTEX_POINT('',#8498);
#8498 = CARTESIAN_POINT('',(-5.,-20.86485386504,21.781592744361));
#8499 = SURFACE_CURVE('',#8500,(#8504,#8511),.PCURVE_S1.);
#8500 = LINE('',#8501,#8502);
#8501 = CARTESIAN_POINT('',(-25.,-20.86485386504,21.781592744361));
#8502 = VECTOR('',#8503,1.);
#8503 = DIRECTION('',(1.,0.,0.));
#8504 = PCURVE('',#7605,#8505);
#8505 = DEFINITIONAL_REPRESENTATION('',(#8506),#8510);
#8506 = LINE('',#8507,#8508);
#8507 = CARTESIAN_POINT('',(5.,0.));
#8508 = VECTOR('',#8509,1.);
#8509 = DIRECTION('',(0.,1.));
#8510 = ( GEOMETRIC_REPRESENTATION_CONTEXT(2) 
PARAMETRIC_REPRESENTATION_CONTEXT() REPRESENTATION_CONTEXT('2D SPACE',''
  ) );
#8511 = PCURVE('',#8512,#8517);
#8512 = PLANE('',#8513);
#8513 = AXIS2_PLACEMENT_3D('',#8514,#8515,#8516);
#8514 = CARTESIAN_POINT('',(-25.,-20.86485386504,21.781592744361));
#8515 = DIRECTION('',(0.,-0.707106781187,0.707106781187));
#8516 = DIRECTION('',(1.,0.,0.));
#8517 = DEFINITIONAL_REPRESENTATION('',(#8518),#8522);
#8518 = LINE('',#8519,#8520);
#8519 = CARTESIAN_POINT('',(0.,0.));
#8520 = VECTOR('',#8521,1.);
#8521 = DIRECTION('',(1.,0.));
#8522 = ( GEOMETRIC_REPRESENTATION_CONTEXT(2) 
PARAMETRIC_REPRESENTATION_CONTEXT() REPRESENTATION_CONTEXT('2D SPACE',''
  ) );
#8523 = ORIENTED_EDGE('',*,*,#8524,.F.);
#8524 = EDGE_CURVE('',#8525,#8497,#8527,.T.);
#8525 = VERTEX_POINT('',#8526);
#8526 = CARTESIAN_POINT('',(-5.,-20.47594513539,21.392684014708));
#8527 = SURFACE_CURVE('',#8528,(#8532,#8539),.PCURVE_S1.);
#8528 = LINE('',#8529,#8530);
#8529 = CARTESIAN_POINT('',(-5.,-17.32931995911,18.246058838428));
#8530 = VECTOR('',#8531,1.);
#8531 = DIRECTION('',(0.,-0.707106781187,0.707106781187));
#8532 = PCURVE('',#7605,#8533);
#8533 = DEFINITIONAL_REPRESENTATION('',(#8534),#8538);
#8534 = LINE('',#8535,#8536);
#8535 = CARTESIAN_POINT('',(0.,20.));
#8536 = VECTOR('',#8537,1.);
#8537 = DIRECTION('',(1.,0.));
#8538 = ( GEOMETRIC_REPRESENTATION_CONTEXT(2) 
PARAMETRIC_REPRESENTATION_CONTEXT() REPRESENTATION_CONTEXT('2D SPACE',''
  ) );
#8539 = PCURVE('',#8431,#8540);
#8540 = DEFINITIONAL_REPRESENTATION('',(#8541),#8545);
#8541 = LINE('',#8542,#8543);
#8542 = CARTESIAN_POINT('',(0.,0.));
#8543 = VECTOR('',#8544,1.);
#8544 = DIRECTION('',(1.,0.));
#8545 = ( GEOMETRIC_REPRESENTATION_CONTEXT(2) 
PARAMETRIC_REPRESENTATION_CONTEXT() REPRESENTATION_CONTEXT('2D SPACE',''
  ) );
#8546 = ORIENTED_EDGE('',*,*,#8547,.F.);
#8547 = EDGE_CURVE('',#8548,#8525,#8550,.T.);
#8548 = VERTEX_POINT('',#8549);
#8549 = CARTESIAN_POINT('',(1.,-20.47594513539,21.392684014708));
#8550 = SURFACE_CURVE('',#8551,(#8555,#8562),.PCURVE_S1.);
#8551 = LINE('',#8552,#8553);
#8552 = CARTESIAN_POINT('',(1.,-20.47594513539,21.392684014708));
#8553 = VECTOR('',#8554,1.);
#8554 = DIRECTION('',(-1.,0.,0.));
#8555 = PCURVE('',#7605,#8556);
#8556 = DEFINITIONAL_REPRESENTATION('',(#8557),#8561);
#8557 = LINE('',#8558,#8559);
#8558 = CARTESIAN_POINT('',(4.45,26.));
#8559 = VECTOR('',#8560,1.);
#8560 = DIRECTION('',(0.,-1.));
#8561 = ( GEOMETRIC_REPRESENTATION_CONTEXT(2) 
PARAMETRIC_REPRESENTATION_CONTEXT() REPRESENTATION_CONTEXT('2D SPACE',''
  ) );
#8562 = PCURVE('',#8563,#8568);
#8563 = PLANE('',#8564);
#8564 = AXIS2_PLACEMENT_3D('',#8565,#8566,#8567);
#8565 = CARTESIAN_POINT('',(-6.,-20.47594513539,21.392684014708));
#8566 = DIRECTION('',(0.,-0.707106781187,0.707106781187));
#8567 = DIRECTION('',(1.,0.,0.));
#8568 = DEFINITIONAL_REPRESENTATION('',(#8569),#8573);
#8569 = LINE('',#8570,#8571);
#8570 = CARTESIAN_POINT('',(7.,0.));
#8571 = VECTOR('',#8572,1.);
#8572 = DIRECTION('',(-1.,0.));
#8573 = ( GEOMETRIC_REPRESENTATION_CONTEXT(2) 
PARAMETRIC_REPRESENTATION_CONTEXT() REPRESENTATION_CONTEXT('2D SPACE',''
  ) );
#8574 = ORIENTED_EDGE('',*,*,#8575,.F.);
#8575 = EDGE_CURVE('',#8576,#8548,#8578,.T.);
#8576 = VERTEX_POINT('',#8577);
#8577 = CARTESIAN_POINT('',(1.,-17.32931995911,18.246058838428));
#8578 = SURFACE_CURVE('',#8579,(#8583,#8590),.PCURVE_S1.);
#8579 = LINE('',#8580,#8581);
#8580 = CARTESIAN_POINT('',(1.,-17.32931995911,18.246058838428));
#8581 = VECTOR('',#8582,1.);
#8582 = DIRECTION('',(0.,-0.707106781187,0.707106781187));
#8583 = PCURVE('',#7605,#8584);
#8584 = DEFINITIONAL_REPRESENTATION('',(#8585),#8589);
#8585 = LINE('',#8586,#8587);
#8586 = CARTESIAN_POINT('',(0.,26.));
#8587 = VECTOR('',#8588,1.);
#8588 = DIRECTION('',(1.,0.));
#8589 = ( GEOMETRIC_REPRESENTATION_CONTEXT(2) 
PARAMETRIC_REPRESENTATION_CONTEXT() REPRESENTATION_CONTEXT('2D SPACE',''
  ) );
#8590 = PCURVE('',#8591,#8596);
#8591 = PLANE('',#8592);
#8592 = AXIS2_PLACEMENT_3D('',#8593,#8594,#8595);
#8593 = CARTESIAN_POINT('',(1.,-17.32931995911,18.246058838428));
#8594 = DIRECTION('',(1.,0.,0.));
#8595 = DIRECTION('',(0.,-0.707106781187,0.707106781187));
#8596 = DEFINITIONAL_REPRESENTATION('',(#8597),#8601);
#8597 = LINE('',#8598,#8599);
#8598 = CARTESIAN_POINT('',(0.,0.));
#8599 = VECTOR('',#8600,1.);
#8600 = DIRECTION('',(1.,1.110223024625E-16));
#8601 = ( GEOMETRIC_REPRESENTATION_CONTEXT(2) 
PARAMETRIC_REPRESENTATION_CONTEXT() REPRESENTATION_CONTEXT('2D SPACE',''
  ) );
#8602 = ORIENTED_EDGE('',*,*,#8603,.F.);
#8603 = EDGE_CURVE('',#7564,#8576,#8604,.T.);
#8604 = SURFACE_CURVE('',#8605,(#8609,#8616),.PCURVE_S1.);
#8605 = LINE('',#8606,#8607);
#8606 = CARTESIAN_POINT('',(-6.,-17.32931995911,18.246058838428));
#8607 = VECTOR('',#8608,1.);
#8608 = DIRECTION('',(1.,0.,0.));
#8609 = PCURVE('',#7605,#8610);
#8610 = DEFINITIONAL_REPRESENTATION('',(#8611),#8615);
#8611 = LINE('',#8612,#8613);
#8612 = CARTESIAN_POINT('',(0.,19.));
#8613 = VECTOR('',#8614,1.);
#8614 = DIRECTION('',(0.,1.));
#8615 = ( GEOMETRIC_REPRESENTATION_CONTEXT(2) 
PARAMETRIC_REPRESENTATION_CONTEXT() REPRESENTATION_CONTEXT('2D SPACE',''
  ) );
#8616 = PCURVE('',#8457,#8617);
#8617 = DEFINITIONAL_REPRESENTATION('',(#8618),#8622);
#8618 = LINE('',#8619,#8620);
#8619 = CARTESIAN_POINT('',(0.,0.));
#8620 = VECTOR('',#8621,1.);
#8621 = DIRECTION('',(1.,0.));
#8622 = ( GEOMETRIC_REPRESENTATION_CONTEXT(2) 
PARAMETRIC_REPRESENTATION_CONTEXT() REPRESENTATION_CONTEXT('2D SPACE',''
  ) );
#8623 = ORIENTED_EDGE('',*,*,#7590,.T.);
#8624 = ORIENTED_EDGE('',*,*,#8625,.F.);
#8625 = EDGE_CURVE('',#8626,#7591,#8628,.T.);
#8626 = VERTEX_POINT('',#8627);
#8627 = CARTESIAN_POINT('',(-8.1,-17.98326112068,18.9));
#8628 = SURFACE_CURVE('',#8629,(#8633,#8640),.PCURVE_S1.);
#8629 = LINE('',#8630,#8631);
#8630 = CARTESIAN_POINT('',(-8.1,-20.01047525972,20.927214139043));
#8631 = VECTOR('',#8632,1.);
#8632 = DIRECTION('',(0.,0.707106781187,-0.707106781187));
#8633 = PCURVE('',#7605,#8634);
#8634 = DEFINITIONAL_REPRESENTATION('',(#8635),#8639);
#8635 = LINE('',#8636,#8637);
#8636 = CARTESIAN_POINT('',(3.791726188958,16.9));
#8637 = VECTOR('',#8638,1.);
#8638 = DIRECTION('',(-1.,0.));
#8639 = ( GEOMETRIC_REPRESENTATION_CONTEXT(2) 
PARAMETRIC_REPRESENTATION_CONTEXT() REPRESENTATION_CONTEXT('2D SPACE',''
  ) );
#8640 = PCURVE('',#7641,#8641);
#8641 = DEFINITIONAL_REPRESENTATION('',(#8642),#8645);
#8642 = B_SPLINE_CURVE_WITH_KNOTS('',1,(#8643,#8644),.UNSPECIFIED.,.F.,
  .F.,(2,2),(2.866913729269,3.791726188958),.PIECEWISE_BEZIER_KNOTS.);
#8643 = CARTESIAN_POINT('',(2.6,-12.01673887931));
#8644 = CARTESIAN_POINT('',(1.946058838428,-12.67068004088));
#8645 = ( GEOMETRIC_REPRESENTATION_CONTEXT(2) 
PARAMETRIC_REPRESENTATION_CONTEXT() REPRESENTATION_CONTEXT('2D SPACE',''
  ) );
#8646 = ORIENTED_EDGE('',*,*,#8647,.F.);
#8647 = EDGE_CURVE('',#8648,#8626,#8650,.T.);
#8648 = VERTEX_POINT('',#8649);
#8649 = CARTESIAN_POINT('',(-13.9,-17.98326112068,18.9));
#8650 = SURFACE_CURVE('',#8651,(#8655,#8662),.PCURVE_S1.);
#8651 = LINE('',#8652,#8653);
#8652 = CARTESIAN_POINT('',(-19.45,-17.98326112068,18.9));
#8653 = VECTOR('',#8654,1.);
#8654 = DIRECTION('',(1.,0.,0.));
#8655 = PCURVE('',#7605,#8656);
#8656 = DEFINITIONAL_REPRESENTATION('',(#8657),#8661);
#8657 = LINE('',#8658,#8659);
#8658 = CARTESIAN_POINT('',(0.924812459689,5.55));
#8659 = VECTOR('',#8660,1.);
#8660 = DIRECTION('',(0.,1.));
#8661 = ( GEOMETRIC_REPRESENTATION_CONTEXT(2) 
PARAMETRIC_REPRESENTATION_CONTEXT() REPRESENTATION_CONTEXT('2D SPACE',''
  ) );
#8662 = PCURVE('',#7671,#8663);
#8663 = DEFINITIONAL_REPRESENTATION('',(#8664),#8667);
#8664 = B_SPLINE_CURVE_WITH_KNOTS('',1,(#8665,#8666),.UNSPECIFIED.,.F.,
  .F.,(2,2),(5.55,11.35),.PIECEWISE_BEZIER_KNOTS.);
#8665 = CARTESIAN_POINT('',(0.,12.016738879315));
#8666 = CARTESIAN_POINT('',(5.8,12.016738879315));
#8667 = ( GEOMETRIC_REPRESENTATION_CONTEXT(2) 
PARAMETRIC_REPRESENTATION_CONTEXT() REPRESENTATION_CONTEXT('2D SPACE',''
  ) );
#8668 = ORIENTED_EDGE('',*,*,#8669,.T.);
#8669 = EDGE_CURVE('',#8648,#7683,#8670,.T.);
#8670 = SURFACE_CURVE('',#8671,(#8675,#8682),.PCURVE_S1.);
#8671 = LINE('',#8672,#8673);
#8672 = CARTESIAN_POINT('',(-13.9,-20.01047525972,20.927214139043));
#8673 = VECTOR('',#8674,1.);
#8674 = DIRECTION('',(0.,0.707106781187,-0.707106781187));
#8675 = PCURVE('',#7605,#8676);
#8676 = DEFINITIONAL_REPRESENTATION('',(#8677),#8681);
#8677 = LINE('',#8678,#8679);
#8678 = CARTESIAN_POINT('',(3.791726188958,11.1));
#8679 = VECTOR('',#8680,1.);
#8680 = DIRECTION('',(-1.,0.));
#8681 = ( GEOMETRIC_REPRESENTATION_CONTEXT(2) 
PARAMETRIC_REPRESENTATION_CONTEXT() REPRESENTATION_CONTEXT('2D SPACE',''
  ) );
#8682 = PCURVE('',#7704,#8683);
#8683 = DEFINITIONAL_REPRESENTATION('',(#8684),#8687);
#8684 = B_SPLINE_CURVE_WITH_KNOTS('',1,(#8685,#8686),.UNSPECIFIED.,.F.,
  .F.,(2,2),(2.866913729269,3.791726188958),.PIECEWISE_BEZIER_KNOTS.);
#8685 = CARTESIAN_POINT('',(2.6,-12.01673887931));
#8686 = CARTESIAN_POINT('',(1.946058838428,-12.67068004088));
#8687 = ( GEOMETRIC_REPRESENTATION_CONTEXT(2) 
PARAMETRIC_REPRESENTATION_CONTEXT() REPRESENTATION_CONTEXT('2D SPACE',''
  ) );
#8688 = ADVANCED_FACE('',(#8689),#7641,.F.);
#8689 = FACE_BOUND('',#8690,.F.);
#8690 = EDGE_LOOP('',(#8691,#8712,#8713));
#8691 = ORIENTED_EDGE('',*,*,#8692,.F.);
#8692 = EDGE_CURVE('',#8626,#7618,#8693,.T.);
#8693 = SURFACE_CURVE('',#8694,(#8698,#8705),.PCURVE_S1.);
#8694 = LINE('',#8695,#8696);
#8695 = CARTESIAN_POINT('',(-8.1,-30.,18.9));
#8696 = VECTOR('',#8697,1.);
#8697 = DIRECTION('',(0.,1.,0.));
#8698 = PCURVE('',#7641,#8699);
#8699 = DEFINITIONAL_REPRESENTATION('',(#8700),#8704);
#8700 = LINE('',#8701,#8702);
#8701 = CARTESIAN_POINT('',(2.6,0.));
#8702 = VECTOR('',#8703,1.);
#8703 = DIRECTION('',(0.,-1.));
#8704 = ( GEOMETRIC_REPRESENTATION_CONTEXT(2) 
PARAMETRIC_REPRESENTATION_CONTEXT() REPRESENTATION_CONTEXT('2D SPACE',''
  ) );
#8705 = PCURVE('',#7671,#8706);
#8706 = DEFINITIONAL_REPRESENTATION('',(#8707),#8711);
#8707 = LINE('',#8708,#8709);
#8708 = CARTESIAN_POINT('',(5.8,0.));
#8709 = VECTOR('',#8710,1.);
#8710 = DIRECTION('',(0.,1.));
#8711 = ( GEOMETRIC_REPRESENTATION_CONTEXT(2) 
PARAMETRIC_REPRESENTATION_CONTEXT() REPRESENTATION_CONTEXT('2D SPACE',''
  ) );
#8712 = ORIENTED_EDGE('',*,*,#8625,.T.);
#8713 = ORIENTED_EDGE('',*,*,#7617,.F.);
#8714 = ADVANCED_FACE('',(#8715),#7671,.F.);
#8715 = FACE_BOUND('',#8716,.F.);
#8716 = EDGE_LOOP('',(#8717,#8738,#8739,#8740));
#8717 = ORIENTED_EDGE('',*,*,#8718,.F.);
#8718 = EDGE_CURVE('',#8648,#7658,#8719,.T.);
#8719 = SURFACE_CURVE('',#8720,(#8724,#8731),.PCURVE_S1.);
#8720 = LINE('',#8721,#8722);
#8721 = CARTESIAN_POINT('',(-13.9,-30.,18.9));
#8722 = VECTOR('',#8723,1.);
#8723 = DIRECTION('',(0.,1.,0.));
#8724 = PCURVE('',#7671,#8725);
#8725 = DEFINITIONAL_REPRESENTATION('',(#8726),#8730);
#8726 = LINE('',#8727,#8728);
#8727 = CARTESIAN_POINT('',(0.,0.));
#8728 = VECTOR('',#8729,1.);
#8729 = DIRECTION('',(0.,1.));
#8730 = ( GEOMETRIC_REPRESENTATION_CONTEXT(2) 
PARAMETRIC_REPRESENTATION_CONTEXT() REPRESENTATION_CONTEXT('2D SPACE',''
  ) );
#8731 = PCURVE('',#7704,#8732);
#8732 = DEFINITIONAL_REPRESENTATION('',(#8733),#8737);
#8733 = LINE('',#8734,#8735);
#8734 = CARTESIAN_POINT('',(2.6,0.));
#8735 = VECTOR('',#8736,1.);
#8736 = DIRECTION('',(0.,-1.));
#8737 = ( GEOMETRIC_REPRESENTATION_CONTEXT(2) 
PARAMETRIC_REPRESENTATION_CONTEXT() REPRESENTATION_CONTEXT('2D SPACE',''
  ) );
#8738 = ORIENTED_EDGE('',*,*,#8647,.T.);
#8739 = ORIENTED_EDGE('',*,*,#8692,.T.);
#8740 = ORIENTED_EDGE('',*,*,#7657,.T.);
#8741 = ADVANCED_FACE('',(#8742),#7704,.T.);
#8742 = FACE_BOUND('',#8743,.T.);
#8743 = EDGE_LOOP('',(#8744,#8745,#8746));
#8744 = ORIENTED_EDGE('',*,*,#8718,.F.);
#8745 = ORIENTED_EDGE('',*,*,#8669,.T.);
#8746 = ORIENTED_EDGE('',*,*,#7682,.F.);
#8747 = ADVANCED_FACE('',(#8748),#7757,.F.);
#8748 = FACE_BOUND('',#8749,.F.);
#8749 = EDGE_LOOP('',(#8750,#8751,#8779,#8805));
#8750 = ORIENTED_EDGE('',*,*,#7880,.F.);
#8751 = ORIENTED_EDGE('',*,*,#8752,.T.);
#8752 = EDGE_CURVE('',#7855,#8753,#8755,.T.);
#8753 = VERTEX_POINT('',#8754);
#8754 = CARTESIAN_POINT('',(-17.,14.,5.385164807135));
#8755 = SURFACE_CURVE('',#8756,(#8761,#8772),.PCURVE_S1.);
#8756 = CIRCLE('',#8757,15.);
#8757 = AXIS2_PLACEMENT_3D('',#8758,#8759,#8760);
#8758 = CARTESIAN_POINT('',(-17.,0.,0.));
#8759 = DIRECTION('',(-1.,0.,0.));
#8760 = DIRECTION('',(0.,1.,0.));
#8761 = PCURVE('',#7757,#8762);
#8762 = DEFINITIONAL_REPRESENTATION('',(#8763),#8771);
#8763 = ( BOUNDED_CURVE() B_SPLINE_CURVE(2,(#8764,#8765,#8766,#8767,
#8768,#8769,#8770),.UNSPECIFIED.,.T.,.F.) B_SPLINE_CURVE_WITH_KNOTS((1,2
    ,2,2,2,1),(-2.094395102393,0.,2.094395102393,4.188790204786,
6.28318530718,8.377580409573),.UNSPECIFIED.) CURVE() 
GEOMETRIC_REPRESENTATION_ITEM() RATIONAL_B_SPLINE_CURVE((1.,0.5,1.,0.5,
1.,0.5,1.)) REPRESENTATION_ITEM('') );
#8764 = CARTESIAN_POINT('',(-3.,-29.));
#8765 = CARTESIAN_POINT('',(-28.98076211353,-29.));
#8766 = CARTESIAN_POINT('',(-15.99038105676,-6.5));
#8767 = CARTESIAN_POINT('',(-3.,16.));
#8768 = CARTESIAN_POINT('',(9.990381056767,-6.5));
#8769 = CARTESIAN_POINT('',(22.980762113533,-29.));
#8770 = CARTESIAN_POINT('',(-3.,-29.));
#8771 = ( GEOMETRIC_REPRESENTATION_CONTEXT(2) 
PARAMETRIC_REPRESENTATION_CONTEXT() REPRESENTATION_CONTEXT('2D SPACE',''
  ) );
#8772 = PCURVE('',#7869,#8773);
#8773 = DEFINITIONAL_REPRESENTATION('',(#8774),#8778);
#8774 = LINE('',#8775,#8776);
#8775 = CARTESIAN_POINT('',(-6.28318530718,-23.));
#8776 = VECTOR('',#8777,1.);
#8777 = DIRECTION('',(1.,-0.));
#8778 = ( GEOMETRIC_REPRESENTATION_CONTEXT(2) 
PARAMETRIC_REPRESENTATION_CONTEXT() REPRESENTATION_CONTEXT('2D SPACE',''
  ) );
#8779 = ORIENTED_EDGE('',*,*,#8780,.T.);
#8780 = EDGE_CURVE('',#8753,#7743,#8781,.T.);
#8781 = SURFACE_CURVE('',#8782,(#8786,#8793),.PCURVE_S1.);
#8782 = LINE('',#8783,#8784);
#8783 = CARTESIAN_POINT('',(-17.,14.,3.));
#8784 = VECTOR('',#8785,1.);
#8785 = DIRECTION('',(0.,0.,1.));
#8786 = PCURVE('',#7757,#8787);
#8787 = DEFINITIONAL_REPRESENTATION('',(#8788),#8792);
#8788 = LINE('',#8789,#8790);
#8789 = CARTESIAN_POINT('',(0.,-28.));
#8790 = VECTOR('',#8791,1.);
#8791 = DIRECTION('',(1.,0.));
#8792 = ( GEOMETRIC_REPRESENTATION_CONTEXT(2) 
PARAMETRIC_REPRESENTATION_CONTEXT() REPRESENTATION_CONTEXT('2D SPACE',''
  ) );
#8793 = PCURVE('',#8794,#8799);
#8794 = PLANE('',#8795);
#8795 = AXIS2_PLACEMENT_3D('',#8796,#8797,#8798);
#8796 = CARTESIAN_POINT('',(-17.,14.,3.));
#8797 = DIRECTION('',(0.,1.,0.));
#8798 = DIRECTION('',(0.,0.,1.));
#8799 = DEFINITIONAL_REPRESENTATION('',(#8800),#8804);
#8800 = LINE('',#8801,#8802);
#8801 = CARTESIAN_POINT('',(0.,0.));
#8802 = VECTOR('',#8803,1.);
#8803 = DIRECTION('',(1.,0.));
#8804 = ( GEOMETRIC_REPRESENTATION_CONTEXT(2) 
PARAMETRIC_REPRESENTATION_CONTEXT() REPRESENTATION_CONTEXT('2D SPACE',''
  ) );
#8805 = ORIENTED_EDGE('',*,*,#7742,.T.);
#8806 = ADVANCED_FACE('',(#8807),#7786,.F.);
#8807 = FACE_BOUND('',#8808,.F.);
#8808 = EDGE_LOOP('',(#8809,#8810,#8811,#8839));
#8809 = ORIENTED_EDGE('',*,*,#8473,.F.);
#8810 = ORIENTED_EDGE('',*,*,#7770,.F.);
#8811 = ORIENTED_EDGE('',*,*,#8812,.T.);
#8812 = EDGE_CURVE('',#7771,#8813,#8815,.T.);
#8813 = VERTEX_POINT('',#8814);
#8814 = CARTESIAN_POINT('',(-25.,24.460690809012,67.107137418418));
#8815 = SURFACE_CURVE('',#8816,(#8820,#8827),.PCURVE_S1.);
#8816 = LINE('',#8817,#8818);
#8817 = CARTESIAN_POINT('',(-25.,27.996224714944,63.571603512486));
#8818 = VECTOR('',#8819,1.);
#8819 = DIRECTION('',(0.,-0.707106781187,0.707106781187));
#8820 = PCURVE('',#7786,#8821);
#8821 = DEFINITIONAL_REPRESENTATION('',(#8822),#8826);
#8822 = LINE('',#8823,#8824);
#8823 = CARTESIAN_POINT('',(-7.105427357601E-15,-64.1));
#8824 = VECTOR('',#8825,1.);
#8825 = DIRECTION('',(1.,0.));
#8826 = ( GEOMETRIC_REPRESENTATION_CONTEXT(2) 
PARAMETRIC_REPRESENTATION_CONTEXT() REPRESENTATION_CONTEXT('2D SPACE',''
  ) );
#8827 = PCURVE('',#8828,#8833);
#8828 = PLANE('',#8829);
#8829 = AXIS2_PLACEMENT_3D('',#8830,#8831,#8832);
#8830 = CARTESIAN_POINT('',(-25.,27.996224714944,63.571603512486));
#8831 = DIRECTION('',(0.,0.707106781187,0.707106781187));
#8832 = DIRECTION('',(0.,-0.707106781187,0.707106781187));
#8833 = DEFINITIONAL_REPRESENTATION('',(#8834),#8838);
#8834 = LINE('',#8835,#8836);
#8835 = CARTESIAN_POINT('',(0.,0.));
#8836 = VECTOR('',#8837,1.);
#8837 = DIRECTION('',(1.,0.));
#8838 = ( GEOMETRIC_REPRESENTATION_CONTEXT(2) 
PARAMETRIC_REPRESENTATION_CONTEXT() REPRESENTATION_CONTEXT('2D SPACE',''
  ) );
#8839 = ORIENTED_EDGE('',*,*,#8840,.F.);
#8840 = EDGE_CURVE('',#8474,#8813,#8841,.T.);
#8841 = SURFACE_CURVE('',#8842,(#8846,#8853),.PCURVE_S1.);
#8842 = LINE('',#8843,#8844);
#8843 = CARTESIAN_POINT('',(-25.,-20.86485386504,21.781592744361));
#8844 = VECTOR('',#8845,1.);
#8845 = DIRECTION('',(0.,0.707106781187,0.707106781187));
#8846 = PCURVE('',#7786,#8847);
#8847 = DEFINITIONAL_REPRESENTATION('',(#8848),#8852);
#8848 = LINE('',#8849,#8850);
#8849 = CARTESIAN_POINT('',(5.,4.440892098501E-16));
#8850 = VECTOR('',#8851,1.);
#8851 = DIRECTION('',(0.,-1.));
#8852 = ( GEOMETRIC_REPRESENTATION_CONTEXT(2) 
PARAMETRIC_REPRESENTATION_CONTEXT() REPRESENTATION_CONTEXT('2D SPACE',''
  ) );
#8853 = PCURVE('',#8512,#8854);
#8854 = DEFINITIONAL_REPRESENTATION('',(#8855),#8859);
#8855 = LINE('',#8856,#8857);
#8856 = CARTESIAN_POINT('',(0.,0.));
#8857 = VECTOR('',#8858,1.);
#8858 = DIRECTION('',(0.,1.));
#8859 = ( GEOMETRIC_REPRESENTATION_CONTEXT(2) 
PARAMETRIC_REPRESENTATION_CONTEXT() REPRESENTATION_CONTEXT('2D SPACE',''
  ) );
#8860 = ADVANCED_FACE('',(#8861),#7811,.T.);
#8861 = FACE_BOUND('',#8862,.T.);
#8862 = EDGE_LOOP('',(#8863,#8864,#8885,#8886,#8906,#8907,#8939));
#8863 = ORIENTED_EDGE('',*,*,#8193,.F.);
#8864 = ORIENTED_EDGE('',*,*,#8865,.T.);
#8865 = EDGE_CURVE('',#8172,#7743,#8866,.T.);
#8866 = SURFACE_CURVE('',#8867,(#8871,#8878),.PCURVE_S1.);
#8867 = LINE('',#8868,#8869);
#8868 = CARTESIAN_POINT('',(17.,14.,21.));
#8869 = VECTOR('',#8870,1.);
#8870 = DIRECTION('',(-1.,0.,0.));
#8871 = PCURVE('',#7811,#8872);
#8872 = DEFINITIONAL_REPRESENTATION('',(#8873),#8877);
#8873 = LINE('',#8874,#8875);
#8874 = CARTESIAN_POINT('',(0.,0.));
#8875 = VECTOR('',#8876,1.);
#8876 = DIRECTION('',(1.,0.));
#8877 = ( GEOMETRIC_REPRESENTATION_CONTEXT(2) 
PARAMETRIC_REPRESENTATION_CONTEXT() REPRESENTATION_CONTEXT('2D SPACE',''
  ) );
#8878 = PCURVE('',#8794,#8879);
#8879 = DEFINITIONAL_REPRESENTATION('',(#8880),#8884);
#8880 = LINE('',#8881,#8882);
#8881 = CARTESIAN_POINT('',(18.,34.));
#8882 = VECTOR('',#8883,1.);
#8883 = DIRECTION('',(0.,-1.));
#8884 = ( GEOMETRIC_REPRESENTATION_CONTEXT(2) 
PARAMETRIC_REPRESENTATION_CONTEXT() REPRESENTATION_CONTEXT('2D SPACE',''
  ) );
#8885 = ORIENTED_EDGE('',*,*,#7798,.T.);
#8886 = ORIENTED_EDGE('',*,*,#8887,.F.);
#8887 = EDGE_CURVE('',#8394,#7771,#8888,.T.);
#8888 = SURFACE_CURVE('',#8889,(#8893,#8899),.PCURVE_S1.);
#8889 = LINE('',#8890,#8891);
#8890 = CARTESIAN_POINT('',(-5.,27.996224714944,63.571603512486));
#8891 = VECTOR('',#8892,1.);
#8892 = DIRECTION('',(-1.,0.,0.));
#8893 = PCURVE('',#7811,#8894);
#8894 = DEFINITIONAL_REPRESENTATION('',(#8895),#8898);
#8895 = B_SPLINE_CURVE_WITH_KNOTS('',1,(#8896,#8897),.UNSPECIFIED.,.F.,
  .F.,(2,2),(0.,20.),.PIECEWISE_BEZIER_KNOTS.);
#8896 = CARTESIAN_POINT('',(0.,1.));
#8897 = CARTESIAN_POINT('',(34.,1.));
#8898 = ( GEOMETRIC_REPRESENTATION_CONTEXT(2) 
PARAMETRIC_REPRESENTATION_CONTEXT() REPRESENTATION_CONTEXT('2D SPACE',''
  ) );
#8899 = PCURVE('',#8828,#8900);
#8900 = DEFINITIONAL_REPRESENTATION('',(#8901),#8905);
#8901 = LINE('',#8902,#8903);
#8902 = CARTESIAN_POINT('',(7.536443801682E-15,20.));
#8903 = VECTOR('',#8904,1.);
#8904 = DIRECTION('',(0.,-1.));
#8905 = ( GEOMETRIC_REPRESENTATION_CONTEXT(2) 
PARAMETRIC_REPRESENTATION_CONTEXT() REPRESENTATION_CONTEXT('2D SPACE',''
  ) );
#8906 = ORIENTED_EDGE('',*,*,#8393,.F.);
#8907 = ORIENTED_EDGE('',*,*,#8908,.F.);
#8908 = EDGE_CURVE('',#8909,#8369,#8911,.T.);
#8909 = VERTEX_POINT('',#8910);
#8910 = CARTESIAN_POINT('',(-4.6,24.532814666361,53.037125652037));
#8911 = SURFACE_CURVE('',#8912,(#8919,#8929),.PCURVE_S1.);
#8912 = B_SPLINE_CURVE_WITH_KNOTS('',5,(#8913,#8914,#8915,#8916,#8917,
    #8918),.UNSPECIFIED.,.F.,.F.,(6,6),(0.,1.),
  .PIECEWISE_BEZIER_KNOTS.);
#8913 = CARTESIAN_POINT('',(-4.6,24.532814666361,53.037125652037));
#8914 = CARTESIAN_POINT('',(-4.6,25.204508117291,55.080181394375));
#8915 = CARTESIAN_POINT('',(-4.6,25.863055147328,57.083250338184));
#8916 = CARTESIAN_POINT('',(-4.6,26.50665643151,59.040859568411));
#8917 = CARTESIAN_POINT('',(-4.6,27.133442805295,60.947323742519));
#8918 = CARTESIAN_POINT('',(-4.6,27.741747901945,62.797574357713));
#8919 = PCURVE('',#7811,#8920);
#8920 = DEFINITIONAL_REPRESENTATION('',(#8921),#8928);
#8921 = B_SPLINE_CURVE_WITH_KNOTS('',5,(#8922,#8923,#8924,#8925,#8926,
    #8927),.UNSPECIFIED.,.F.,.F.,(6,6),(0.,1.),
  .PIECEWISE_BEZIER_KNOTS.);
#8922 = CARTESIAN_POINT('',(7.308747374683,0.752546838943));
#8923 = CARTESIAN_POINT('',(5.988159020604,0.800537884));
#8924 = CARTESIAN_POINT('',(4.598882743682,0.847589645704));
#8925 = CARTESIAN_POINT('',(3.138327729568,0.893573566174));
#8926 = CARTESIAN_POINT('',(1.605053988181,0.938356097646));
#8927 = CARTESIAN_POINT('',(0.,0.981818181818));
#8928 = ( GEOMETRIC_REPRESENTATION_CONTEXT(2) 
PARAMETRIC_REPRESENTATION_CONTEXT() REPRESENTATION_CONTEXT('2D SPACE',''
  ) );
#8929 = PCURVE('',#8382,#8930);
#8930 = DEFINITIONAL_REPRESENTATION('',(#8931),#8938);
#8931 = B_SPLINE_CURVE_WITH_KNOTS('',5,(#8932,#8933,#8934,#8935,#8936,
    #8937),.UNSPECIFIED.,.F.,.F.,(6,6),(0.,1.),
  .PIECEWISE_BEZIER_KNOTS.);
#8932 = CARTESIAN_POINT('',(0.,-48.30199853723));
#8933 = CARTESIAN_POINT('',(0.969699575718,-50.22161610101));
#8934 = CARTESIAN_POINT('',(1.9204201384,-52.10366280503));
#8935 = CARTESIAN_POINT('',(2.849564067582,-53.94299639906));
#8936 = CARTESIAN_POINT('',(3.754432917924,-55.73427503992));
#8937 = CARTESIAN_POINT('',(4.632621015951,-57.47273645569));
#8938 = ( GEOMETRIC_REPRESENTATION_CONTEXT(2) 
PARAMETRIC_REPRESENTATION_CONTEXT() REPRESENTATION_CONTEXT('2D SPACE',''
  ) );
#8939 = ORIENTED_EDGE('',*,*,#8940,.T.);
#8940 = EDGE_CURVE('',#8909,#8194,#8941,.T.);
#8941 = SURFACE_CURVE('',#8942,(#8945,#8951),.PCURVE_S1.);
#8942 = B_SPLINE_CURVE_WITH_KNOTS('',1,(#8943,#8944),.UNSPECIFIED.,.F.,
  .F.,(2,2),(0.,1.),.PIECEWISE_BEZIER_KNOTS.);
#8943 = CARTESIAN_POINT('',(-4.6,24.532814666361,53.037125652037));
#8944 = CARTESIAN_POINT('',(0.443969543264,24.532814666361,
    53.037125652037));
#8945 = PCURVE('',#7811,#8946);
#8946 = DEFINITIONAL_REPRESENTATION('',(#8947),#8950);
#8947 = B_SPLINE_CURVE_WITH_KNOTS('',1,(#8948,#8949),.UNSPECIFIED.,.F.,
  .F.,(2,2),(0.,1.),.PIECEWISE_BEZIER_KNOTS.);
#8948 = CARTESIAN_POINT('',(7.308747374683,0.752546838943));
#8949 = CARTESIAN_POINT('',(0.,0.752546838943));
#8950 = ( GEOMETRIC_REPRESENTATION_CONTEXT(2) 
PARAMETRIC_REPRESENTATION_CONTEXT() REPRESENTATION_CONTEXT('2D SPACE',''
  ) );
#8951 = PCURVE('',#8239,#8952);
#8952 = DEFINITIONAL_REPRESENTATION('',(#8953),#8956);
#8953 = B_SPLINE_CURVE_WITH_KNOTS('',1,(#8954,#8955),.UNSPECIFIED.,.F.,
  .F.,(2,2),(0.,1.),.PIECEWISE_BEZIER_KNOTS.);
#8954 = CARTESIAN_POINT('',(0.,48.301998537234));
#8955 = CARTESIAN_POINT('',(5.043969543264,48.301998537234));
#8956 = ( GEOMETRIC_REPRESENTATION_CONTEXT(2) 
PARAMETRIC_REPRESENTATION_CONTEXT() REPRESENTATION_CONTEXT('2D SPACE',''
  ) );
#8957 = ADVANCED_FACE('',(#8958),#7842,.T.);
#8958 = FACE_BOUND('',#8959,.T.);
#8959 = EDGE_LOOP('',(#8960,#8961,#8989,#9010));
#8960 = ORIENTED_EDGE('',*,*,#7826,.F.);
#8961 = ORIENTED_EDGE('',*,*,#8962,.T.);
#8962 = EDGE_CURVE('',#7827,#8963,#8965,.T.);
#8963 = VERTEX_POINT('',#8964);
#8964 = CARTESIAN_POINT('',(17.,14.,5.385164807135));
#8965 = SURFACE_CURVE('',#8966,(#8971,#8982),.PCURVE_S1.);
#8966 = CIRCLE('',#8967,15.);
#8967 = AXIS2_PLACEMENT_3D('',#8968,#8969,#8970);
#8968 = CARTESIAN_POINT('',(17.,0.,0.));
#8969 = DIRECTION('',(-1.,0.,0.));
#8970 = DIRECTION('',(0.,1.,0.));
#8971 = PCURVE('',#7842,#8972);
#8972 = DEFINITIONAL_REPRESENTATION('',(#8973),#8981);
#8973 = ( BOUNDED_CURVE() B_SPLINE_CURVE(2,(#8974,#8975,#8976,#8977,
#8978,#8979,#8980),.UNSPECIFIED.,.T.,.F.) B_SPLINE_CURVE_WITH_KNOTS((1,2
    ,2,2,2,1),(-2.094395102393,0.,2.094395102393,4.188790204786,
6.28318530718,8.377580409573),.UNSPECIFIED.) CURVE() 
GEOMETRIC_REPRESENTATION_ITEM() RATIONAL_B_SPLINE_CURVE((1.,0.5,1.,0.5,
1.,0.5,1.)) REPRESENTATION_ITEM('') );
#8974 = CARTESIAN_POINT('',(-3.,-29.));
#8975 = CARTESIAN_POINT('',(-28.98076211353,-29.));
#8976 = CARTESIAN_POINT('',(-15.99038105676,-6.5));
#8977 = CARTESIAN_POINT('',(-3.,16.));
#8978 = CARTESIAN_POINT('',(9.990381056767,-6.5));
#8979 = CARTESIAN_POINT('',(22.980762113533,-29.));
#8980 = CARTESIAN_POINT('',(-3.,-29.));
#8981 = ( GEOMETRIC_REPRESENTATION_CONTEXT(2) 
PARAMETRIC_REPRESENTATION_CONTEXT() REPRESENTATION_CONTEXT('2D SPACE',''
  ) );
#8982 = PCURVE('',#7869,#8983);
#8983 = DEFINITIONAL_REPRESENTATION('',(#8984),#8988);
#8984 = LINE('',#8985,#8986);
#8985 = CARTESIAN_POINT('',(-6.28318530718,-57.));
#8986 = VECTOR('',#8987,1.);
#8987 = DIRECTION('',(1.,-0.));
#8988 = ( GEOMETRIC_REPRESENTATION_CONTEXT(2) 
PARAMETRIC_REPRESENTATION_CONTEXT() REPRESENTATION_CONTEXT('2D SPACE',''
  ) );
#8989 = ORIENTED_EDGE('',*,*,#8990,.T.);
#8990 = EDGE_CURVE('',#8963,#8172,#8991,.T.);
#8991 = SURFACE_CURVE('',#8992,(#8996,#9003),.PCURVE_S1.);
#8992 = LINE('',#8993,#8994);
#8993 = CARTESIAN_POINT('',(17.,14.,3.));
#8994 = VECTOR('',#8995,1.);
#8995 = DIRECTION('',(0.,0.,1.));
#8996 = PCURVE('',#7842,#8997);
#8997 = DEFINITIONAL_REPRESENTATION('',(#8998),#9002);
#8998 = LINE('',#8999,#9000);
#8999 = CARTESIAN_POINT('',(0.,-28.));
#9000 = VECTOR('',#9001,1.);
#9001 = DIRECTION('',(1.,0.));
#9002 = ( GEOMETRIC_REPRESENTATION_CONTEXT(2) 
PARAMETRIC_REPRESENTATION_CONTEXT() REPRESENTATION_CONTEXT('2D SPACE',''
  ) );
#9003 = PCURVE('',#8794,#9004);
#9004 = DEFINITIONAL_REPRESENTATION('',(#9005),#9009);
#9005 = LINE('',#9006,#9007);
#9006 = CARTESIAN_POINT('',(0.,34.));
#9007 = VECTOR('',#9008,1.);
#9008 = DIRECTION('',(1.,0.));
#9009 = ( GEOMETRIC_REPRESENTATION_CONTEXT(2) 
PARAMETRIC_REPRESENTATION_CONTEXT() REPRESENTATION_CONTEXT('2D SPACE',''
  ) );
#9010 = ORIENTED_EDGE('',*,*,#8171,.F.);
#9011 = ADVANCED_FACE('',(#9012),#7869,.F.);
#9012 = FACE_BOUND('',#9013,.T.);
#9013 = EDGE_LOOP('',(#9014,#9015,#9016,#9017));
#9014 = ORIENTED_EDGE('',*,*,#8962,.F.);
#9015 = ORIENTED_EDGE('',*,*,#7854,.T.);
#9016 = ORIENTED_EDGE('',*,*,#8752,.T.);
#9017 = ORIENTED_EDGE('',*,*,#9018,.F.);
#9018 = EDGE_CURVE('',#8963,#8753,#9019,.T.);
#9019 = SURFACE_CURVE('',#9020,(#9024,#9030),.PCURVE_S1.);
#9020 = LINE('',#9021,#9022);
#9021 = CARTESIAN_POINT('',(-40.,14.,5.385164807135));
#9022 = VECTOR('',#9023,1.);
#9023 = DIRECTION('',(-1.,-0.,-0.));
#9024 = PCURVE('',#7869,#9025);
#9025 = DEFINITIONAL_REPRESENTATION('',(#9026),#9029);
#9026 = B_SPLINE_CURVE_WITH_KNOTS('',1,(#9027,#9028),.UNSPECIFIED.,.F.,
  .F.,(2,2),(-60.4,-19.6),.PIECEWISE_BEZIER_KNOTS.);
#9027 = CARTESIAN_POINT('',(-0.367208020558,-60.4));
#9028 = CARTESIAN_POINT('',(-0.367208020558,-19.6));
#9029 = ( GEOMETRIC_REPRESENTATION_CONTEXT(2) 
PARAMETRIC_REPRESENTATION_CONTEXT() REPRESENTATION_CONTEXT('2D SPACE',''
  ) );
#9030 = PCURVE('',#8794,#9031);
#9031 = DEFINITIONAL_REPRESENTATION('',(#9032),#9035);
#9032 = B_SPLINE_CURVE_WITH_KNOTS('',1,(#9033,#9034),.UNSPECIFIED.,.F.,
  .F.,(2,2),(-60.4,-19.6),.PIECEWISE_BEZIER_KNOTS.);
#9033 = CARTESIAN_POINT('',(2.385164807135,37.4));
#9034 = CARTESIAN_POINT('',(2.385164807135,-3.4));
#9035 = ( GEOMETRIC_REPRESENTATION_CONTEXT(2) 
PARAMETRIC_REPRESENTATION_CONTEXT() REPRESENTATION_CONTEXT('2D SPACE',''
  ) );
#9036 = ADVANCED_FACE('',(#9037),#7969,.F.);
#9037 = FACE_BOUND('',#9038,.F.);
#9038 = EDGE_LOOP('',(#9039,#9062,#9063,#9086));
#9039 = ORIENTED_EDGE('',*,*,#9040,.F.);
#9040 = EDGE_CURVE('',#7953,#9041,#9043,.T.);
#9041 = VERTEX_POINT('',#9042);
#9042 = CARTESIAN_POINT('',(-13.9,14.,18.9));
#9043 = SURFACE_CURVE('',#9044,(#9048,#9055),.PCURVE_S1.);
#9044 = LINE('',#9045,#9046);
#9045 = CARTESIAN_POINT('',(-13.9,-30.,18.9));
#9046 = VECTOR('',#9047,1.);
#9047 = DIRECTION('',(0.,1.,0.));
#9048 = PCURVE('',#7969,#9049);
#9049 = DEFINITIONAL_REPRESENTATION('',(#9050),#9054);
#9050 = LINE('',#9051,#9052);
#9051 = CARTESIAN_POINT('',(0.,0.));
#9052 = VECTOR('',#9053,1.);
#9053 = DIRECTION('',(0.,1.));
#9054 = ( GEOMETRIC_REPRESENTATION_CONTEXT(2) 
PARAMETRIC_REPRESENTATION_CONTEXT() REPRESENTATION_CONTEXT('2D SPACE',''
  ) );
#9055 = PCURVE('',#7995,#9056);
#9056 = DEFINITIONAL_REPRESENTATION('',(#9057),#9061);
#9057 = LINE('',#9058,#9059);
#9058 = CARTESIAN_POINT('',(2.6,0.));
#9059 = VECTOR('',#9060,1.);
#9060 = DIRECTION('',(0.,-1.));
#9061 = ( GEOMETRIC_REPRESENTATION_CONTEXT(2) 
PARAMETRIC_REPRESENTATION_CONTEXT() REPRESENTATION_CONTEXT('2D SPACE',''
  ) );
#9062 = ORIENTED_EDGE('',*,*,#7952,.T.);
#9063 = ORIENTED_EDGE('',*,*,#9064,.T.);
#9064 = EDGE_CURVE('',#7955,#9065,#9067,.T.);
#9065 = VERTEX_POINT('',#9066);
#9066 = CARTESIAN_POINT('',(-8.1,14.,18.9));
#9067 = SURFACE_CURVE('',#9068,(#9072,#9079),.PCURVE_S1.);
#9068 = LINE('',#9069,#9070);
#9069 = CARTESIAN_POINT('',(-8.1,-30.,18.9));
#9070 = VECTOR('',#9071,1.);
#9071 = DIRECTION('',(0.,1.,0.));
#9072 = PCURVE('',#7969,#9073);
#9073 = DEFINITIONAL_REPRESENTATION('',(#9074),#9078);
#9074 = LINE('',#9075,#9076);
#9075 = CARTESIAN_POINT('',(5.8,0.));
#9076 = VECTOR('',#9077,1.);
#9077 = DIRECTION('',(0.,1.));
#9078 = ( GEOMETRIC_REPRESENTATION_CONTEXT(2) 
PARAMETRIC_REPRESENTATION_CONTEXT() REPRESENTATION_CONTEXT('2D SPACE',''
  ) );
#9079 = PCURVE('',#8045,#9080);
#9080 = DEFINITIONAL_REPRESENTATION('',(#9081),#9085);
#9081 = LINE('',#9082,#9083);
#9082 = CARTESIAN_POINT('',(2.6,0.));
#9083 = VECTOR('',#9084,1.);
#9084 = DIRECTION('',(0.,-1.));
#9085 = ( GEOMETRIC_REPRESENTATION_CONTEXT(2) 
PARAMETRIC_REPRESENTATION_CONTEXT() REPRESENTATION_CONTEXT('2D SPACE',''
  ) );
#9086 = ORIENTED_EDGE('',*,*,#9087,.F.);
#9087 = EDGE_CURVE('',#9041,#9065,#9088,.T.);
#9088 = SURFACE_CURVE('',#9089,(#9093,#9099),.PCURVE_S1.);
#9089 = LINE('',#9090,#9091);
#9090 = CARTESIAN_POINT('',(-15.45,14.,18.9));
#9091 = VECTOR('',#9092,1.);
#9092 = DIRECTION('',(1.,0.,0.));
#9093 = PCURVE('',#7969,#9094);
#9094 = DEFINITIONAL_REPRESENTATION('',(#9095),#9098);
#9095 = B_SPLINE_CURVE_WITH_KNOTS('',1,(#9096,#9097),.UNSPECIFIED.,.F.,
  .F.,(2,2),(1.55,7.35),.PIECEWISE_BEZIER_KNOTS.);
#9096 = CARTESIAN_POINT('',(0.,44.));
#9097 = CARTESIAN_POINT('',(5.8,44.));
#9098 = ( GEOMETRIC_REPRESENTATION_CONTEXT(2) 
PARAMETRIC_REPRESENTATION_CONTEXT() REPRESENTATION_CONTEXT('2D SPACE',''
  ) );
#9099 = PCURVE('',#8794,#9100);
#9100 = DEFINITIONAL_REPRESENTATION('',(#9101),#9104);
#9101 = B_SPLINE_CURVE_WITH_KNOTS('',1,(#9102,#9103),.UNSPECIFIED.,.F.,
  .F.,(2,2),(1.55,7.35),.PIECEWISE_BEZIER_KNOTS.);
#9102 = CARTESIAN_POINT('',(15.9,3.1));
#9103 = CARTESIAN_POINT('',(15.9,8.9));
#9104 = ( GEOMETRIC_REPRESENTATION_CONTEXT(2) 
PARAMETRIC_REPRESENTATION_CONTEXT() REPRESENTATION_CONTEXT('2D SPACE',''
  ) );
#9105 = ADVANCED_FACE('',(#9106),#7995,.T.);
#9106 = FACE_BOUND('',#9107,.T.);
#9107 = EDGE_LOOP('',(#9108,#9109,#9132,#9151));
#9108 = ORIENTED_EDGE('',*,*,#7980,.T.);
#9109 = ORIENTED_EDGE('',*,*,#9110,.T.);
#9110 = EDGE_CURVE('',#7981,#9111,#9113,.T.);
#9111 = VERTEX_POINT('',#9112);
#9112 = CARTESIAN_POINT('',(-13.9,14.,16.3));
#9113 = SURFACE_CURVE('',#9114,(#9118,#9125),.PCURVE_S1.);
#9114 = LINE('',#9115,#9116);
#9115 = CARTESIAN_POINT('',(-13.9,-30.,16.3));
#9116 = VECTOR('',#9117,1.);
#9117 = DIRECTION('',(0.,1.,0.));
#9118 = PCURVE('',#7995,#9119);
#9119 = DEFINITIONAL_REPRESENTATION('',(#9120),#9124);
#9120 = LINE('',#9121,#9122);
#9121 = CARTESIAN_POINT('',(0.,0.));
#9122 = VECTOR('',#9123,1.);
#9123 = DIRECTION('',(0.,-1.));
#9124 = ( GEOMETRIC_REPRESENTATION_CONTEXT(2) 
PARAMETRIC_REPRESENTATION_CONTEXT() REPRESENTATION_CONTEXT('2D SPACE',''
  ) );
#9125 = PCURVE('',#8021,#9126);
#9126 = DEFINITIONAL_REPRESENTATION('',(#9127),#9131);
#9127 = LINE('',#9128,#9129);
#9128 = CARTESIAN_POINT('',(0.,0.));
#9129 = VECTOR('',#9130,1.);
#9130 = DIRECTION('',(0.,1.));
#9131 = ( GEOMETRIC_REPRESENTATION_CONTEXT(2) 
PARAMETRIC_REPRESENTATION_CONTEXT() REPRESENTATION_CONTEXT('2D SPACE',''
  ) );
#9132 = ORIENTED_EDGE('',*,*,#9133,.F.);
#9133 = EDGE_CURVE('',#9041,#9111,#9134,.T.);
#9134 = SURFACE_CURVE('',#9135,(#9139,#9145),.PCURVE_S1.);
#9135 = LINE('',#9136,#9137);
#9136 = CARTESIAN_POINT('',(-13.9,14.,9.65));
#9137 = VECTOR('',#9138,1.);
#9138 = DIRECTION('',(0.,0.,-1.));
#9139 = PCURVE('',#7995,#9140);
#9140 = DEFINITIONAL_REPRESENTATION('',(#9141),#9144);
#9141 = B_SPLINE_CURVE_WITH_KNOTS('',1,(#9142,#9143),.UNSPECIFIED.,.F.,
  .F.,(2,2),(-9.25,-6.65),.PIECEWISE_BEZIER_KNOTS.);
#9142 = CARTESIAN_POINT('',(2.6,-44.));
#9143 = CARTESIAN_POINT('',(0.,-44.));
#9144 = ( GEOMETRIC_REPRESENTATION_CONTEXT(2) 
PARAMETRIC_REPRESENTATION_CONTEXT() REPRESENTATION_CONTEXT('2D SPACE',''
  ) );
#9145 = PCURVE('',#8794,#9146);
#9146 = DEFINITIONAL_REPRESENTATION('',(#9147),#9150);
#9147 = B_SPLINE_CURVE_WITH_KNOTS('',1,(#9148,#9149),.UNSPECIFIED.,.F.,
  .F.,(2,2),(-9.25,-6.65),.PIECEWISE_BEZIER_KNOTS.);
#9148 = CARTESIAN_POINT('',(15.9,3.1));
#9149 = CARTESIAN_POINT('',(13.3,3.1));
#9150 = ( GEOMETRIC_REPRESENTATION_CONTEXT(2) 
PARAMETRIC_REPRESENTATION_CONTEXT() REPRESENTATION_CONTEXT('2D SPACE',''
  ) );
#9151 = ORIENTED_EDGE('',*,*,#9040,.F.);
#9152 = ADVANCED_FACE('',(#9153),#8045,.F.);
#9153 = FACE_BOUND('',#9154,.F.);
#9154 = EDGE_LOOP('',(#9155,#9156,#9179,#9198));
#9155 = ORIENTED_EDGE('',*,*,#8032,.T.);
#9156 = ORIENTED_EDGE('',*,*,#9157,.T.);
#9157 = EDGE_CURVE('',#8007,#9158,#9160,.T.);
#9158 = VERTEX_POINT('',#9159);
#9159 = CARTESIAN_POINT('',(-8.1,14.,16.3));
#9160 = SURFACE_CURVE('',#9161,(#9165,#9172),.PCURVE_S1.);
#9161 = LINE('',#9162,#9163);
#9162 = CARTESIAN_POINT('',(-8.1,-30.,16.3));
#9163 = VECTOR('',#9164,1.);
#9164 = DIRECTION('',(0.,1.,0.));
#9165 = PCURVE('',#8045,#9166);
#9166 = DEFINITIONAL_REPRESENTATION('',(#9167),#9171);
#9167 = LINE('',#9168,#9169);
#9168 = CARTESIAN_POINT('',(0.,0.));
#9169 = VECTOR('',#9170,1.);
#9170 = DIRECTION('',(0.,-1.));
#9171 = ( GEOMETRIC_REPRESENTATION_CONTEXT(2) 
PARAMETRIC_REPRESENTATION_CONTEXT() REPRESENTATION_CONTEXT('2D SPACE',''
  ) );
#9172 = PCURVE('',#8021,#9173);
#9173 = DEFINITIONAL_REPRESENTATION('',(#9174),#9178);
#9174 = LINE('',#9175,#9176);
#9175 = CARTESIAN_POINT('',(5.8,0.));
#9176 = VECTOR('',#9177,1.);
#9177 = DIRECTION('',(0.,1.));
#9178 = ( GEOMETRIC_REPRESENTATION_CONTEXT(2) 
PARAMETRIC_REPRESENTATION_CONTEXT() REPRESENTATION_CONTEXT('2D SPACE',''
  ) );
#9179 = ORIENTED_EDGE('',*,*,#9180,.F.);
#9180 = EDGE_CURVE('',#9065,#9158,#9181,.T.);
#9181 = SURFACE_CURVE('',#9182,(#9186,#9192),.PCURVE_S1.);
#9182 = LINE('',#9183,#9184);
#9183 = CARTESIAN_POINT('',(-8.1,14.,9.65));
#9184 = VECTOR('',#9185,1.);
#9185 = DIRECTION('',(0.,0.,-1.));
#9186 = PCURVE('',#8045,#9187);
#9187 = DEFINITIONAL_REPRESENTATION('',(#9188),#9191);
#9188 = B_SPLINE_CURVE_WITH_KNOTS('',1,(#9189,#9190),.UNSPECIFIED.,.F.,
  .F.,(2,2),(-9.25,-6.65),.PIECEWISE_BEZIER_KNOTS.);
#9189 = CARTESIAN_POINT('',(2.6,-44.));
#9190 = CARTESIAN_POINT('',(0.,-44.));
#9191 = ( GEOMETRIC_REPRESENTATION_CONTEXT(2) 
PARAMETRIC_REPRESENTATION_CONTEXT() REPRESENTATION_CONTEXT('2D SPACE',''
  ) );
#9192 = PCURVE('',#8794,#9193);
#9193 = DEFINITIONAL_REPRESENTATION('',(#9194),#9197);
#9194 = B_SPLINE_CURVE_WITH_KNOTS('',1,(#9195,#9196),.UNSPECIFIED.,.F.,
  .F.,(2,2),(-9.25,-6.65),.PIECEWISE_BEZIER_KNOTS.);
#9195 = CARTESIAN_POINT('',(15.9,8.9));
#9196 = CARTESIAN_POINT('',(13.3,8.9));
#9197 = ( GEOMETRIC_REPRESENTATION_CONTEXT(2) 
PARAMETRIC_REPRESENTATION_CONTEXT() REPRESENTATION_CONTEXT('2D SPACE',''
  ) );
#9198 = ORIENTED_EDGE('',*,*,#9064,.F.);
#9199 = ADVANCED_FACE('',(#9200),#8021,.T.);
#9200 = FACE_BOUND('',#9201,.T.);
#9201 = EDGE_LOOP('',(#9202,#9203,#9204,#9205));
#9202 = ORIENTED_EDGE('',*,*,#9110,.F.);
#9203 = ORIENTED_EDGE('',*,*,#8006,.T.);
#9204 = ORIENTED_EDGE('',*,*,#9157,.T.);
#9205 = ORIENTED_EDGE('',*,*,#9206,.F.);
#9206 = EDGE_CURVE('',#9111,#9158,#9207,.T.);
#9207 = SURFACE_CURVE('',#9208,(#9212,#9218),.PCURVE_S1.);
#9208 = LINE('',#9209,#9210);
#9209 = CARTESIAN_POINT('',(-15.45,14.,16.3));
#9210 = VECTOR('',#9211,1.);
#9211 = DIRECTION('',(1.,0.,0.));
#9212 = PCURVE('',#8021,#9213);
#9213 = DEFINITIONAL_REPRESENTATION('',(#9214),#9217);
#9214 = B_SPLINE_CURVE_WITH_KNOTS('',1,(#9215,#9216),.UNSPECIFIED.,.F.,
  .F.,(2,2),(1.55,7.35),.PIECEWISE_BEZIER_KNOTS.);
#9215 = CARTESIAN_POINT('',(0.,44.));
#9216 = CARTESIAN_POINT('',(5.8,44.));
#9217 = ( GEOMETRIC_REPRESENTATION_CONTEXT(2) 
PARAMETRIC_REPRESENTATION_CONTEXT() REPRESENTATION_CONTEXT('2D SPACE',''
  ) );
#9218 = PCURVE('',#8794,#9219);
#9219 = DEFINITIONAL_REPRESENTATION('',(#9220),#9223);
#9220 = B_SPLINE_CURVE_WITH_KNOTS('',1,(#9221,#9222),.UNSPECIFIED.,.F.,
  .F.,(2,2),(1.55,7.35),.PIECEWISE_BEZIER_KNOTS.);
#9221 = CARTESIAN_POINT('',(13.3,3.1));
#9222 = CARTESIAN_POINT('',(13.3,8.9));
#9223 = ( GEOMETRIC_REPRESENTATION_CONTEXT(2) 
PARAMETRIC_REPRESENTATION_CONTEXT() REPRESENTATION_CONTEXT('2D SPACE',''
  ) );
#9224 = ADVANCED_FACE('',(#9225),#8075,.F.);
#9225 = FACE_BOUND('',#9226,.F.);
#9226 = EDGE_LOOP('',(#9227,#9250,#9251,#9274));
#9227 = ORIENTED_EDGE('',*,*,#9228,.F.);
#9228 = EDGE_CURVE('',#8059,#9229,#9231,.T.);
#9229 = VERTEX_POINT('',#9230);
#9230 = CARTESIAN_POINT('',(8.1,14.,18.9));
#9231 = SURFACE_CURVE('',#9232,(#9236,#9243),.PCURVE_S1.);
#9232 = LINE('',#9233,#9234);
#9233 = CARTESIAN_POINT('',(8.1,-30.,18.9));
#9234 = VECTOR('',#9235,1.);
#9235 = DIRECTION('',(0.,1.,0.));
#9236 = PCURVE('',#8075,#9237);
#9237 = DEFINITIONAL_REPRESENTATION('',(#9238),#9242);
#9238 = LINE('',#9239,#9240);
#9239 = CARTESIAN_POINT('',(0.,0.));
#9240 = VECTOR('',#9241,1.);
#9241 = DIRECTION('',(0.,1.));
#9242 = ( GEOMETRIC_REPRESENTATION_CONTEXT(2) 
PARAMETRIC_REPRESENTATION_CONTEXT() REPRESENTATION_CONTEXT('2D SPACE',''
  ) );
#9243 = PCURVE('',#8101,#9244);
#9244 = DEFINITIONAL_REPRESENTATION('',(#9245),#9249);
#9245 = LINE('',#9246,#9247);
#9246 = CARTESIAN_POINT('',(2.6,0.));
#9247 = VECTOR('',#9248,1.);
#9248 = DIRECTION('',(0.,-1.));
#9249 = ( GEOMETRIC_REPRESENTATION_CONTEXT(2) 
PARAMETRIC_REPRESENTATION_CONTEXT() REPRESENTATION_CONTEXT('2D SPACE',''
  ) );
#9250 = ORIENTED_EDGE('',*,*,#8058,.T.);
#9251 = ORIENTED_EDGE('',*,*,#9252,.T.);
#9252 = EDGE_CURVE('',#8061,#9253,#9255,.T.);
#9253 = VERTEX_POINT('',#9254);
#9254 = CARTESIAN_POINT('',(13.9,14.,18.9));
#9255 = SURFACE_CURVE('',#9256,(#9260,#9267),.PCURVE_S1.);
#9256 = LINE('',#9257,#9258);
#9257 = CARTESIAN_POINT('',(13.9,-30.,18.9));
#9258 = VECTOR('',#9259,1.);
#9259 = DIRECTION('',(0.,1.,0.));
#9260 = PCURVE('',#8075,#9261);
#9261 = DEFINITIONAL_REPRESENTATION('',(#9262),#9266);
#9262 = LINE('',#9263,#9264);
#9263 = CARTESIAN_POINT('',(5.8,0.));
#9264 = VECTOR('',#9265,1.);
#9265 = DIRECTION('',(0.,1.));
#9266 = ( GEOMETRIC_REPRESENTATION_CONTEXT(2) 
PARAMETRIC_REPRESENTATION_CONTEXT() REPRESENTATION_CONTEXT('2D SPACE',''
  ) );
#9267 = PCURVE('',#8151,#9268);
#9268 = DEFINITIONAL_REPRESENTATION('',(#9269),#9273);
#9269 = LINE('',#9270,#9271);
#9270 = CARTESIAN_POINT('',(2.6,0.));
#9271 = VECTOR('',#9272,1.);
#9272 = DIRECTION('',(0.,-1.));
#9273 = ( GEOMETRIC_REPRESENTATION_CONTEXT(2) 
PARAMETRIC_REPRESENTATION_CONTEXT() REPRESENTATION_CONTEXT('2D SPACE',''
  ) );
#9274 = ORIENTED_EDGE('',*,*,#9275,.F.);
#9275 = EDGE_CURVE('',#9229,#9253,#9276,.T.);
#9276 = SURFACE_CURVE('',#9277,(#9281,#9287),.PCURVE_S1.);
#9277 = LINE('',#9278,#9279);
#9278 = CARTESIAN_POINT('',(-4.45,14.,18.9));
#9279 = VECTOR('',#9280,1.);
#9280 = DIRECTION('',(1.,0.,0.));
#9281 = PCURVE('',#8075,#9282);
#9282 = DEFINITIONAL_REPRESENTATION('',(#9283),#9286);
#9283 = B_SPLINE_CURVE_WITH_KNOTS('',1,(#9284,#9285),.UNSPECIFIED.,.F.,
  .F.,(2,2),(12.55,18.35),.PIECEWISE_BEZIER_KNOTS.);
#9284 = CARTESIAN_POINT('',(0.,44.));
#9285 = CARTESIAN_POINT('',(5.8,44.));
#9286 = ( GEOMETRIC_REPRESENTATION_CONTEXT(2) 
PARAMETRIC_REPRESENTATION_CONTEXT() REPRESENTATION_CONTEXT('2D SPACE',''
  ) );
#9287 = PCURVE('',#8794,#9288);
#9288 = DEFINITIONAL_REPRESENTATION('',(#9289),#9292);
#9289 = B_SPLINE_CURVE_WITH_KNOTS('',1,(#9290,#9291),.UNSPECIFIED.,.F.,
  .F.,(2,2),(12.55,18.35),.PIECEWISE_BEZIER_KNOTS.);
#9290 = CARTESIAN_POINT('',(15.9,25.1));
#9291 = CARTESIAN_POINT('',(15.9,30.9));
#9292 = ( GEOMETRIC_REPRESENTATION_CONTEXT(2) 
PARAMETRIC_REPRESENTATION_CONTEXT() REPRESENTATION_CONTEXT('2D SPACE',''
  ) );
#9293 = ADVANCED_FACE('',(#9294),#8151,.F.);
#9294 = FACE_BOUND('',#9295,.F.);
#9295 = EDGE_LOOP('',(#9296,#9297,#9298,#9321));
#9296 = ORIENTED_EDGE('',*,*,#9252,.F.);
#9297 = ORIENTED_EDGE('',*,*,#8138,.T.);
#9298 = ORIENTED_EDGE('',*,*,#9299,.T.);
#9299 = EDGE_CURVE('',#8113,#9300,#9302,.T.);
#9300 = VERTEX_POINT('',#9301);
#9301 = CARTESIAN_POINT('',(13.9,14.,16.3));
#9302 = SURFACE_CURVE('',#9303,(#9307,#9314),.PCURVE_S1.);
#9303 = LINE('',#9304,#9305);
#9304 = CARTESIAN_POINT('',(13.9,-30.,16.3));
#9305 = VECTOR('',#9306,1.);
#9306 = DIRECTION('',(0.,1.,0.));
#9307 = PCURVE('',#8151,#9308);
#9308 = DEFINITIONAL_REPRESENTATION('',(#9309),#9313);
#9309 = LINE('',#9310,#9311);
#9310 = CARTESIAN_POINT('',(0.,0.));
#9311 = VECTOR('',#9312,1.);
#9312 = DIRECTION('',(0.,-1.));
#9313 = ( GEOMETRIC_REPRESENTATION_CONTEXT(2) 
PARAMETRIC_REPRESENTATION_CONTEXT() REPRESENTATION_CONTEXT('2D SPACE',''
  ) );
#9314 = PCURVE('',#8127,#9315);
#9315 = DEFINITIONAL_REPRESENTATION('',(#9316),#9320);
#9316 = LINE('',#9317,#9318);
#9317 = CARTESIAN_POINT('',(5.8,0.));
#9318 = VECTOR('',#9319,1.);
#9319 = DIRECTION('',(0.,1.));
#9320 = ( GEOMETRIC_REPRESENTATION_CONTEXT(2) 
PARAMETRIC_REPRESENTATION_CONTEXT() REPRESENTATION_CONTEXT('2D SPACE',''
  ) );
#9321 = ORIENTED_EDGE('',*,*,#9322,.F.);
#9322 = EDGE_CURVE('',#9253,#9300,#9323,.T.);
#9323 = SURFACE_CURVE('',#9324,(#9328,#9334),.PCURVE_S1.);
#9324 = LINE('',#9325,#9326);
#9325 = CARTESIAN_POINT('',(13.9,14.,9.65));
#9326 = VECTOR('',#9327,1.);
#9327 = DIRECTION('',(0.,0.,-1.));
#9328 = PCURVE('',#8151,#9329);
#9329 = DEFINITIONAL_REPRESENTATION('',(#9330),#9333);
#9330 = B_SPLINE_CURVE_WITH_KNOTS('',1,(#9331,#9332),.UNSPECIFIED.,.F.,
  .F.,(2,2),(-9.25,-6.65),.PIECEWISE_BEZIER_KNOTS.);
#9331 = CARTESIAN_POINT('',(2.6,-44.));
#9332 = CARTESIAN_POINT('',(0.,-44.));
#9333 = ( GEOMETRIC_REPRESENTATION_CONTEXT(2) 
PARAMETRIC_REPRESENTATION_CONTEXT() REPRESENTATION_CONTEXT('2D SPACE',''
  ) );
#9334 = PCURVE('',#8794,#9335);
#9335 = DEFINITIONAL_REPRESENTATION('',(#9336),#9339);
#9336 = B_SPLINE_CURVE_WITH_KNOTS('',1,(#9337,#9338),.UNSPECIFIED.,.F.,
  .F.,(2,2),(-9.25,-6.65),.PIECEWISE_BEZIER_KNOTS.);
#9337 = CARTESIAN_POINT('',(15.9,30.9));
#9338 = CARTESIAN_POINT('',(13.3,30.9));
#9339 = ( GEOMETRIC_REPRESENTATION_CONTEXT(2) 
PARAMETRIC_REPRESENTATION_CONTEXT() REPRESENTATION_CONTEXT('2D SPACE',''
  ) );
#9340 = ADVANCED_FACE('',(#9341),#8127,.T.);
#9341 = FACE_BOUND('',#9342,.T.);
#9342 = EDGE_LOOP('',(#9343,#9366,#9367,#9368));
#9343 = ORIENTED_EDGE('',*,*,#9344,.F.);
#9344 = EDGE_CURVE('',#8087,#9345,#9347,.T.);
#9345 = VERTEX_POINT('',#9346);
#9346 = CARTESIAN_POINT('',(8.1,14.,16.3));
#9347 = SURFACE_CURVE('',#9348,(#9352,#9359),.PCURVE_S1.);
#9348 = LINE('',#9349,#9350);
#9349 = CARTESIAN_POINT('',(8.1,-30.,16.3));
#9350 = VECTOR('',#9351,1.);
#9351 = DIRECTION('',(0.,1.,0.));
#9352 = PCURVE('',#8127,#9353);
#9353 = DEFINITIONAL_REPRESENTATION('',(#9354),#9358);
#9354 = LINE('',#9355,#9356);
#9355 = CARTESIAN_POINT('',(0.,0.));
#9356 = VECTOR('',#9357,1.);
#9357 = DIRECTION('',(0.,1.));
#9358 = ( GEOMETRIC_REPRESENTATION_CONTEXT(2) 
PARAMETRIC_REPRESENTATION_CONTEXT() REPRESENTATION_CONTEXT('2D SPACE',''
  ) );
#9359 = PCURVE('',#8101,#9360);
#9360 = DEFINITIONAL_REPRESENTATION('',(#9361),#9365);
#9361 = LINE('',#9362,#9363);
#9362 = CARTESIAN_POINT('',(0.,0.));
#9363 = VECTOR('',#9364,1.);
#9364 = DIRECTION('',(0.,-1.));
#9365 = ( GEOMETRIC_REPRESENTATION_CONTEXT(2) 
PARAMETRIC_REPRESENTATION_CONTEXT() REPRESENTATION_CONTEXT('2D SPACE',''
  ) );
#9366 = ORIENTED_EDGE('',*,*,#8112,.T.);
#9367 = ORIENTED_EDGE('',*,*,#9299,.T.);
#9368 = ORIENTED_EDGE('',*,*,#9369,.F.);
#9369 = EDGE_CURVE('',#9345,#9300,#9370,.T.);
#9370 = SURFACE_CURVE('',#9371,(#9375,#9381),.PCURVE_S1.);
#9371 = LINE('',#9372,#9373);
#9372 = CARTESIAN_POINT('',(-4.45,14.,16.3));
#9373 = VECTOR('',#9374,1.);
#9374 = DIRECTION('',(1.,0.,0.));
#9375 = PCURVE('',#8127,#9376);
#9376 = DEFINITIONAL_REPRESENTATION('',(#9377),#9380);
#9377 = B_SPLINE_CURVE_WITH_KNOTS('',1,(#9378,#9379),.UNSPECIFIED.,.F.,
  .F.,(2,2),(12.55,18.35),.PIECEWISE_BEZIER_KNOTS.);
#9378 = CARTESIAN_POINT('',(0.,44.));
#9379 = CARTESIAN_POINT('',(5.8,44.));
#9380 = ( GEOMETRIC_REPRESENTATION_CONTEXT(2) 
PARAMETRIC_REPRESENTATION_CONTEXT() REPRESENTATION_CONTEXT('2D SPACE',''
  ) );
#9381 = PCURVE('',#8794,#9382);
#9382 = DEFINITIONAL_REPRESENTATION('',(#9383),#9386);
#9383 = B_SPLINE_CURVE_WITH_KNOTS('',1,(#9384,#9385),.UNSPECIFIED.,.F.,
  .F.,(2,2),(12.55,18.35),.PIECEWISE_BEZIER_KNOTS.);
#9384 = CARTESIAN_POINT('',(13.3,25.1));
#9385 = CARTESIAN_POINT('',(13.3,30.9));
#9386 = ( GEOMETRIC_REPRESENTATION_CONTEXT(2) 
PARAMETRIC_REPRESENTATION_CONTEXT() REPRESENTATION_CONTEXT('2D SPACE',''
  ) );
#9387 = ADVANCED_FACE('',(#9388),#8101,.T.);
#9388 = FACE_BOUND('',#9389,.T.);
#9389 = EDGE_LOOP('',(#9390,#9391,#9392,#9393));
#9390 = ORIENTED_EDGE('',*,*,#9228,.F.);
#9391 = ORIENTED_EDGE('',*,*,#8086,.T.);
#9392 = ORIENTED_EDGE('',*,*,#9344,.T.);
#9393 = ORIENTED_EDGE('',*,*,#9394,.F.);
#9394 = EDGE_CURVE('',#9229,#9345,#9395,.T.);
#9395 = SURFACE_CURVE('',#9396,(#9400,#9406),.PCURVE_S1.);
#9396 = LINE('',#9397,#9398);
#9397 = CARTESIAN_POINT('',(8.1,14.,9.65));
#9398 = VECTOR('',#9399,1.);
#9399 = DIRECTION('',(0.,0.,-1.));
#9400 = PCURVE('',#8101,#9401);
#9401 = DEFINITIONAL_REPRESENTATION('',(#9402),#9405);
#9402 = B_SPLINE_CURVE_WITH_KNOTS('',1,(#9403,#9404),.UNSPECIFIED.,.F.,
  .F.,(2,2),(-9.25,-6.65),.PIECEWISE_BEZIER_KNOTS.);
#9403 = CARTESIAN_POINT('',(2.6,-44.));
#9404 = CARTESIAN_POINT('',(0.,-44.));
#9405 = ( GEOMETRIC_REPRESENTATION_CONTEXT(2) 
PARAMETRIC_REPRESENTATION_CONTEXT() REPRESENTATION_CONTEXT('2D SPACE',''
  ) );
#9406 = PCURVE('',#8794,#9407);
#9407 = DEFINITIONAL_REPRESENTATION('',(#9408),#9411);
#9408 = B_SPLINE_CURVE_WITH_KNOTS('',1,(#9409,#9410),.UNSPECIFIED.,.F.,
  .F.,(2,2),(-9.25,-6.65),.PIECEWISE_BEZIER_KNOTS.);
#9409 = CARTESIAN_POINT('',(15.9,25.1));
#9410 = CARTESIAN_POINT('',(13.3,25.1));
#9411 = ( GEOMETRIC_REPRESENTATION_CONTEXT(2) 
PARAMETRIC_REPRESENTATION_CONTEXT() REPRESENTATION_CONTEXT('2D SPACE',''
  ) );
#9412 = ADVANCED_FACE('',(#9413),#8457,.F.);
#9413 = FACE_BOUND('',#9414,.F.);
#9414 = EDGE_LOOP('',(#9415,#9443,#9444,#9445));
#9415 = ORIENTED_EDGE('',*,*,#9416,.F.);
#9416 = EDGE_CURVE('',#8416,#9417,#9419,.T.);
#9417 = VERTEX_POINT('',#9418);
#9418 = CARTESIAN_POINT('',(1.,-13.5109433407,22.064435456835));
#9419 = SURFACE_CURVE('',#9420,(#9424,#9431),.PCURVE_S1.);
#9420 = LINE('',#9421,#9422);
#9421 = CARTESIAN_POINT('',(-6.,-13.5109433407,22.064435456835));
#9422 = VECTOR('',#9423,1.);
#9423 = DIRECTION('',(1.,0.,0.));
#9424 = PCURVE('',#8457,#9425);
#9425 = DEFINITIONAL_REPRESENTATION('',(#9426),#9430);
#9426 = LINE('',#9427,#9428);
#9427 = CARTESIAN_POINT('',(0.,5.4));
#9428 = VECTOR('',#9429,1.);
#9429 = DIRECTION('',(1.,0.));
#9430 = ( GEOMETRIC_REPRESENTATION_CONTEXT(2) 
PARAMETRIC_REPRESENTATION_CONTEXT() REPRESENTATION_CONTEXT('2D SPACE',''
  ) );
#9431 = PCURVE('',#9432,#9437);
#9432 = PLANE('',#9433);
#9433 = AXIS2_PLACEMENT_3D('',#9434,#9435,#9436);
#9434 = CARTESIAN_POINT('',(-6.,-13.5109433407,22.064435456835));
#9435 = DIRECTION('',(0.,0.707106781187,0.707106781187));
#9436 = DIRECTION('',(0.,-0.707106781187,0.707106781187));
#9437 = DEFINITIONAL_REPRESENTATION('',(#9438),#9442);
#9438 = LINE('',#9439,#9440);
#9439 = CARTESIAN_POINT('',(0.,0.));
#9440 = VECTOR('',#9441,1.);
#9441 = DIRECTION('',(0.,1.));
#9442 = ( GEOMETRIC_REPRESENTATION_CONTEXT(2) 
PARAMETRIC_REPRESENTATION_CONTEXT() REPRESENTATION_CONTEXT('2D SPACE',''
  ) );
#9443 = ORIENTED_EDGE('',*,*,#8443,.F.);
#9444 = ORIENTED_EDGE('',*,*,#8603,.T.);
#9445 = ORIENTED_EDGE('',*,*,#9446,.T.);
#9446 = EDGE_CURVE('',#8576,#9417,#9447,.T.);
#9447 = SURFACE_CURVE('',#9448,(#9452,#9459),.PCURVE_S1.);
#9448 = LINE('',#9449,#9450);
#9449 = CARTESIAN_POINT('',(1.,-17.32931995911,18.246058838428));
#9450 = VECTOR('',#9451,1.);
#9451 = DIRECTION('',(0.,0.707106781187,0.707106781187));
#9452 = PCURVE('',#8457,#9453);
#9453 = DEFINITIONAL_REPRESENTATION('',(#9454),#9458);
#9454 = LINE('',#9455,#9456);
#9455 = CARTESIAN_POINT('',(7.,0.));
#9456 = VECTOR('',#9457,1.);
#9457 = DIRECTION('',(0.,1.));
#9458 = ( GEOMETRIC_REPRESENTATION_CONTEXT(2) 
PARAMETRIC_REPRESENTATION_CONTEXT() REPRESENTATION_CONTEXT('2D SPACE',''
  ) );
#9459 = PCURVE('',#8591,#9460);
#9460 = DEFINITIONAL_REPRESENTATION('',(#9461),#9465);
#9461 = LINE('',#9462,#9463);
#9462 = CARTESIAN_POINT('',(0.,0.));
#9463 = VECTOR('',#9464,1.);
#9464 = DIRECTION('',(0.,-1.));
#9465 = ( GEOMETRIC_REPRESENTATION_CONTEXT(2) 
PARAMETRIC_REPRESENTATION_CONTEXT() REPRESENTATION_CONTEXT('2D SPACE',''
  ) );
#9466 = ADVANCED_FACE('',(#9467),#8431,.T.);
#9467 = FACE_BOUND('',#9468,.T.);
#9468 = EDGE_LOOP('',(#9469,#9470,#9492,#9511,#9512,#9535));
#9469 = ORIENTED_EDGE('',*,*,#8524,.F.);
#9470 = ORIENTED_EDGE('',*,*,#9471,.F.);
#9471 = EDGE_CURVE('',#9472,#8525,#9474,.T.);
#9472 = VERTEX_POINT('',#9473);
#9473 = CARTESIAN_POINT('',(-5.,-16.65756851698,25.211060633116));
#9474 = SURFACE_CURVE('',#9475,(#9479,#9485),.PCURVE_S1.);
#9475 = LINE('',#9476,#9477);
#9476 = CARTESIAN_POINT('',(-5.,-20.47594513539,21.392684014708));
#9477 = VECTOR('',#9478,1.);
#9478 = DIRECTION('',(0.,-0.707106781187,-0.707106781187));
#9479 = PCURVE('',#8431,#9480);
#9480 = DEFINITIONAL_REPRESENTATION('',(#9481),#9484);
#9481 = B_SPLINE_CURVE_WITH_KNOTS('',1,(#9482,#9483),.UNSPECIFIED.,.F.,
  .F.,(2,2),(-5.4,2.512147933894E-15),.PIECEWISE_BEZIER_KNOTS.);
#9482 = CARTESIAN_POINT('',(4.45,-5.4));
#9483 = CARTESIAN_POINT('',(4.45,2.917018846437E-16));
#9484 = ( GEOMETRIC_REPRESENTATION_CONTEXT(2) 
PARAMETRIC_REPRESENTATION_CONTEXT() REPRESENTATION_CONTEXT('2D SPACE',''
  ) );
#9485 = PCURVE('',#8563,#9486);
#9486 = DEFINITIONAL_REPRESENTATION('',(#9487),#9491);
#9487 = LINE('',#9488,#9489);
#9488 = CARTESIAN_POINT('',(1.,0.));
#9489 = VECTOR('',#9490,1.);
#9490 = DIRECTION('',(0.,-1.));
#9491 = ( GEOMETRIC_REPRESENTATION_CONTEXT(2) 
PARAMETRIC_REPRESENTATION_CONTEXT() REPRESENTATION_CONTEXT('2D SPACE',''
  ) );
#9492 = ORIENTED_EDGE('',*,*,#9493,.F.);
#9493 = EDGE_CURVE('',#8416,#9472,#9494,.T.);
#9494 = SURFACE_CURVE('',#9495,(#9499,#9505),.PCURVE_S1.);
#9495 = LINE('',#9496,#9497);
#9496 = CARTESIAN_POINT('',(-5.,-13.5109433407,22.064435456835));
#9497 = VECTOR('',#9498,1.);
#9498 = DIRECTION('',(0.,-0.707106781187,0.707106781187));
#9499 = PCURVE('',#8431,#9500);
#9500 = DEFINITIONAL_REPRESENTATION('',(#9501),#9504);
#9501 = B_SPLINE_CURVE_WITH_KNOTS('',1,(#9502,#9503),.UNSPECIFIED.,.F.,
  .F.,(2,2),(0.,4.45),.PIECEWISE_BEZIER_KNOTS.);
#9502 = CARTESIAN_POINT('',(4.440892098501E-16,-5.4));
#9503 = CARTESIAN_POINT('',(4.45,-5.4));
#9504 = ( GEOMETRIC_REPRESENTATION_CONTEXT(2) 
PARAMETRIC_REPRESENTATION_CONTEXT() REPRESENTATION_CONTEXT('2D SPACE',''
  ) );
#9505 = PCURVE('',#9432,#9506);
#9506 = DEFINITIONAL_REPRESENTATION('',(#9507),#9510);
#9507 = B_SPLINE_CURVE_WITH_KNOTS('',1,(#9508,#9509),.UNSPECIFIED.,.F.,
  .F.,(2,2),(0.,4.45),.PIECEWISE_BEZIER_KNOTS.);
#9508 = CARTESIAN_POINT('',(0.,1.));
#9509 = CARTESIAN_POINT('',(4.45,1.));
#9510 = ( GEOMETRIC_REPRESENTATION_CONTEXT(2) 
PARAMETRIC_REPRESENTATION_CONTEXT() REPRESENTATION_CONTEXT('2D SPACE',''
  ) );
#9511 = ORIENTED_EDGE('',*,*,#8415,.T.);
#9512 = ORIENTED_EDGE('',*,*,#9513,.T.);
#9513 = EDGE_CURVE('',#8394,#9514,#9516,.T.);
#9514 = VERTEX_POINT('',#9515);
#9515 = CARTESIAN_POINT('',(-5.,24.460690809012,67.107137418418));
#9516 = SURFACE_CURVE('',#9517,(#9521,#9528),.PCURVE_S1.);
#9517 = LINE('',#9518,#9519);
#9518 = CARTESIAN_POINT('',(-5.,27.996224714944,63.571603512486));
#9519 = VECTOR('',#9520,1.);
#9520 = DIRECTION('',(0.,-0.707106781187,0.707106781187));
#9521 = PCURVE('',#8431,#9522);
#9522 = DEFINITIONAL_REPRESENTATION('',(#9523),#9527);
#9523 = LINE('',#9524,#9525);
#9524 = CARTESIAN_POINT('',(-7.105427357601E-15,-64.1));
#9525 = VECTOR('',#9526,1.);
#9526 = DIRECTION('',(1.,0.));
#9527 = ( GEOMETRIC_REPRESENTATION_CONTEXT(2) 
PARAMETRIC_REPRESENTATION_CONTEXT() REPRESENTATION_CONTEXT('2D SPACE',''
  ) );
#9528 = PCURVE('',#8828,#9529);
#9529 = DEFINITIONAL_REPRESENTATION('',(#9530),#9534);
#9530 = LINE('',#9531,#9532);
#9531 = CARTESIAN_POINT('',(0.,20.));
#9532 = VECTOR('',#9533,1.);
#9533 = DIRECTION('',(1.,0.));
#9534 = ( GEOMETRIC_REPRESENTATION_CONTEXT(2) 
PARAMETRIC_REPRESENTATION_CONTEXT() REPRESENTATION_CONTEXT('2D SPACE',''
  ) );
#9535 = ORIENTED_EDGE('',*,*,#9536,.F.);
#9536 = EDGE_CURVE('',#8497,#9514,#9537,.T.);
#9537 = SURFACE_CURVE('',#9538,(#9542,#9549),.PCURVE_S1.);
#9538 = LINE('',#9539,#9540);
#9539 = CARTESIAN_POINT('',(-5.,-20.86485386504,21.781592744361));
#9540 = VECTOR('',#9541,1.);
#9541 = DIRECTION('',(0.,0.707106781187,0.707106781187));
#9542 = PCURVE('',#8431,#9543);
#9543 = DEFINITIONAL_REPRESENTATION('',(#9544),#9548);
#9544 = LINE('',#9545,#9546);
#9545 = CARTESIAN_POINT('',(5.,4.440892098501E-16));
#9546 = VECTOR('',#9547,1.);
#9547 = DIRECTION('',(0.,-1.));
#9548 = ( GEOMETRIC_REPRESENTATION_CONTEXT(2) 
PARAMETRIC_REPRESENTATION_CONTEXT() REPRESENTATION_CONTEXT('2D SPACE',''
  ) );
#9549 = PCURVE('',#8512,#9550);
#9550 = DEFINITIONAL_REPRESENTATION('',(#9551),#9555);
#9551 = LINE('',#9552,#9553);
#9552 = CARTESIAN_POINT('',(20.,0.));
#9553 = VECTOR('',#9554,1.);
#9554 = DIRECTION('',(0.,1.));
#9555 = ( GEOMETRIC_REPRESENTATION_CONTEXT(2) 
PARAMETRIC_REPRESENTATION_CONTEXT() REPRESENTATION_CONTEXT('2D SPACE',''
  ) );
#9556 = ADVANCED_FACE('',(#9557),#8239,.T.);
#9557 = FACE_BOUND('',#9558,.T.);
#9558 = EDGE_LOOP('',(#9559,#9582,#9605,#9626,#9627));
#9559 = ORIENTED_EDGE('',*,*,#9560,.F.);
#9560 = EDGE_CURVE('',#9561,#8909,#9563,.T.);
#9561 = VERTEX_POINT('',#9562);
#9562 = CARTESIAN_POINT('',(-4.6,-9.62185604418,18.882454941496));
#9563 = SURFACE_CURVE('',#9564,(#9568,#9575),.PCURVE_S1.);
#9564 = LINE('',#9565,#9566);
#9565 = CARTESIAN_POINT('',(-4.6,-9.62185604418,18.882454941496));
#9566 = VECTOR('',#9567,1.);
#9567 = DIRECTION('',(0.,0.707106781187,0.707106781187));
#9568 = PCURVE('',#8239,#9569);
#9569 = DEFINITIONAL_REPRESENTATION('',(#9570),#9574);
#9570 = LINE('',#9571,#9572);
#9571 = CARTESIAN_POINT('',(0.,0.));
#9572 = VECTOR('',#9573,1.);
#9573 = DIRECTION('',(0.,1.));
#9574 = ( GEOMETRIC_REPRESENTATION_CONTEXT(2) 
PARAMETRIC_REPRESENTATION_CONTEXT() REPRESENTATION_CONTEXT('2D SPACE',''
  ) );
#9575 = PCURVE('',#8382,#9576);
#9576 = DEFINITIONAL_REPRESENTATION('',(#9577),#9581);
#9577 = LINE('',#9578,#9579);
#9578 = CARTESIAN_POINT('',(0.,0.));
#9579 = VECTOR('',#9580,1.);
#9580 = DIRECTION('',(0.,-1.));
#9581 = ( GEOMETRIC_REPRESENTATION_CONTEXT(2) 
PARAMETRIC_REPRESENTATION_CONTEXT() REPRESENTATION_CONTEXT('2D SPACE',''
  ) );
#9582 = ORIENTED_EDGE('',*,*,#9583,.T.);
#9583 = EDGE_CURVE('',#9561,#9584,#9586,.T.);
#9584 = VERTEX_POINT('',#9585);
#9585 = CARTESIAN_POINT('',(1.6,-9.62185604418,18.882454941496));
#9586 = SURFACE_CURVE('',#9587,(#9591,#9598),.PCURVE_S1.);
#9587 = LINE('',#9588,#9589);
#9588 = CARTESIAN_POINT('',(-4.6,-9.62185604418,18.882454941496));
#9589 = VECTOR('',#9590,1.);
#9590 = DIRECTION('',(1.,0.,0.));
#9591 = PCURVE('',#8239,#9592);
#9592 = DEFINITIONAL_REPRESENTATION('',(#9593),#9597);
#9593 = LINE('',#9594,#9595);
#9594 = CARTESIAN_POINT('',(0.,0.));
#9595 = VECTOR('',#9596,1.);
#9596 = DIRECTION('',(1.,0.));
#9597 = ( GEOMETRIC_REPRESENTATION_CONTEXT(2) 
PARAMETRIC_REPRESENTATION_CONTEXT() REPRESENTATION_CONTEXT('2D SPACE',''
  ) );
#9598 = PCURVE('',#8336,#9599);
#9599 = DEFINITIONAL_REPRESENTATION('',(#9600),#9604);
#9600 = LINE('',#9601,#9602);
#9601 = CARTESIAN_POINT('',(0.,0.));
#9602 = VECTOR('',#9603,1.);
#9603 = DIRECTION('',(0.,1.));
#9604 = ( GEOMETRIC_REPRESENTATION_CONTEXT(2) 
PARAMETRIC_REPRESENTATION_CONTEXT() REPRESENTATION_CONTEXT('2D SPACE',''
  ) );
#9605 = ORIENTED_EDGE('',*,*,#9606,.T.);
#9606 = EDGE_CURVE('',#9584,#8216,#9607,.T.);
#9607 = SURFACE_CURVE('',#9608,(#9612,#9619),.PCURVE_S1.);
#9608 = LINE('',#9609,#9610);
#9609 = CARTESIAN_POINT('',(1.6,-9.62185604418,18.882454941496));
#9610 = VECTOR('',#9611,1.);
#9611 = DIRECTION('',(0.,0.707106781187,0.707106781187));
#9612 = PCURVE('',#8239,#9613);
#9613 = DEFINITIONAL_REPRESENTATION('',(#9614),#9618);
#9614 = LINE('',#9615,#9616);
#9615 = CARTESIAN_POINT('',(6.2,0.));
#9616 = VECTOR('',#9617,1.);
#9617 = DIRECTION('',(0.,1.));
#9618 = ( GEOMETRIC_REPRESENTATION_CONTEXT(2) 
PARAMETRIC_REPRESENTATION_CONTEXT() REPRESENTATION_CONTEXT('2D SPACE',''
  ) );
#9619 = PCURVE('',#8269,#9620);
#9620 = DEFINITIONAL_REPRESENTATION('',(#9621),#9625);
#9621 = LINE('',#9622,#9623);
#9622 = CARTESIAN_POINT('',(0.,0.));
#9623 = VECTOR('',#9624,1.);
#9624 = DIRECTION('',(0.,-1.));
#9625 = ( GEOMETRIC_REPRESENTATION_CONTEXT(2) 
PARAMETRIC_REPRESENTATION_CONTEXT() REPRESENTATION_CONTEXT('2D SPACE',''
  ) );
#9626 = ORIENTED_EDGE('',*,*,#8215,.T.);
#9627 = ORIENTED_EDGE('',*,*,#8940,.F.);
#9628 = ADVANCED_FACE('',(#9629),#8269,.F.);
#9629 = FACE_BOUND('',#9630,.F.);
#9630 = EDGE_LOOP('',(#9631,#9652,#9653));
#9631 = ORIENTED_EDGE('',*,*,#9632,.F.);
#9632 = EDGE_CURVE('',#9584,#8256,#9633,.T.);
#9633 = SURFACE_CURVE('',#9634,(#9638,#9645),.PCURVE_S1.);
#9634 = LINE('',#9635,#9636);
#9635 = CARTESIAN_POINT('',(1.6,-9.62185604418,18.882454941496));
#9636 = VECTOR('',#9637,1.);
#9637 = DIRECTION('',(0.,-0.707106781187,0.707106781187));
#9638 = PCURVE('',#8269,#9639);
#9639 = DEFINITIONAL_REPRESENTATION('',(#9640),#9644);
#9640 = LINE('',#9641,#9642);
#9641 = CARTESIAN_POINT('',(0.,0.));
#9642 = VECTOR('',#9643,1.);
#9643 = DIRECTION('',(1.,0.));
#9644 = ( GEOMETRIC_REPRESENTATION_CONTEXT(2) 
PARAMETRIC_REPRESENTATION_CONTEXT() REPRESENTATION_CONTEXT('2D SPACE',''
  ) );
#9645 = PCURVE('',#8336,#9646);
#9646 = DEFINITIONAL_REPRESENTATION('',(#9647),#9651);
#9647 = LINE('',#9648,#9649);
#9648 = CARTESIAN_POINT('',(0.,6.2));
#9649 = VECTOR('',#9650,1.);
#9650 = DIRECTION('',(1.,0.));
#9651 = ( GEOMETRIC_REPRESENTATION_CONTEXT(2) 
PARAMETRIC_REPRESENTATION_CONTEXT() REPRESENTATION_CONTEXT('2D SPACE',''
  ) );
#9652 = ORIENTED_EDGE('',*,*,#9606,.T.);
#9653 = ORIENTED_EDGE('',*,*,#8255,.T.);
#9654 = ADVANCED_FACE('',(#9655),#8382,.T.);
#9655 = FACE_BOUND('',#9656,.T.);
#9656 = EDGE_LOOP('',(#9657,#9678,#9679,#9680));
#9657 = ORIENTED_EDGE('',*,*,#9658,.F.);
#9658 = EDGE_CURVE('',#9561,#8281,#9659,.T.);
#9659 = SURFACE_CURVE('',#9660,(#9664,#9671),.PCURVE_S1.);
#9660 = LINE('',#9661,#9662);
#9661 = CARTESIAN_POINT('',(-4.6,-9.62185604418,18.882454941496));
#9662 = VECTOR('',#9663,1.);
#9663 = DIRECTION('',(0.,-0.707106781187,0.707106781187));
#9664 = PCURVE('',#8382,#9665);
#9665 = DEFINITIONAL_REPRESENTATION('',(#9666),#9670);
#9666 = LINE('',#9667,#9668);
#9667 = CARTESIAN_POINT('',(0.,0.));
#9668 = VECTOR('',#9669,1.);
#9669 = DIRECTION('',(1.,0.));
#9670 = ( GEOMETRIC_REPRESENTATION_CONTEXT(2) 
PARAMETRIC_REPRESENTATION_CONTEXT() REPRESENTATION_CONTEXT('2D SPACE',''
  ) );
#9671 = PCURVE('',#8336,#9672);
#9672 = DEFINITIONAL_REPRESENTATION('',(#9673),#9677);
#9673 = LINE('',#9674,#9675);
#9674 = CARTESIAN_POINT('',(0.,0.));
#9675 = VECTOR('',#9676,1.);
#9676 = DIRECTION('',(1.,0.));
#9677 = ( GEOMETRIC_REPRESENTATION_CONTEXT(2) 
PARAMETRIC_REPRESENTATION_CONTEXT() REPRESENTATION_CONTEXT('2D SPACE',''
  ) );
#9678 = ORIENTED_EDGE('',*,*,#9560,.T.);
#9679 = ORIENTED_EDGE('',*,*,#8908,.T.);
#9680 = ORIENTED_EDGE('',*,*,#8368,.T.);
#9681 = ADVANCED_FACE('',(#9682),#8336,.T.);
#9682 = FACE_BOUND('',#9683,.T.);
#9683 = EDGE_LOOP('',(#9684,#9685,#9686,#9687));
#9684 = ORIENTED_EDGE('',*,*,#9632,.F.);
#9685 = ORIENTED_EDGE('',*,*,#9583,.F.);
#9686 = ORIENTED_EDGE('',*,*,#9658,.T.);
#9687 = ORIENTED_EDGE('',*,*,#8280,.F.);
#9688 = ADVANCED_FACE('',(#9689,#9715),#8512,.T.);
#9689 = FACE_BOUND('',#9690,.T.);
#9690 = EDGE_LOOP('',(#9691,#9692,#9693,#9694));
#9691 = ORIENTED_EDGE('',*,*,#8840,.F.);
#9692 = ORIENTED_EDGE('',*,*,#8496,.T.);
#9693 = ORIENTED_EDGE('',*,*,#9536,.T.);
#9694 = ORIENTED_EDGE('',*,*,#9695,.F.);
#9695 = EDGE_CURVE('',#8813,#9514,#9696,.T.);
#9696 = SURFACE_CURVE('',#9697,(#9701,#9708),.PCURVE_S1.);
#9697 = LINE('',#9698,#9699);
#9698 = CARTESIAN_POINT('',(-25.,24.460690809012,67.107137418418));
#9699 = VECTOR('',#9700,1.);
#9700 = DIRECTION('',(1.,0.,0.));
#9701 = PCURVE('',#8512,#9702);
#9702 = DEFINITIONAL_REPRESENTATION('',(#9703),#9707);
#9703 = LINE('',#9704,#9705);
#9704 = CARTESIAN_POINT('',(0.,64.1));
#9705 = VECTOR('',#9706,1.);
#9706 = DIRECTION('',(1.,0.));
#9707 = ( GEOMETRIC_REPRESENTATION_CONTEXT(2) 
PARAMETRIC_REPRESENTATION_CONTEXT() REPRESENTATION_CONTEXT('2D SPACE',''
  ) );
#9708 = PCURVE('',#8828,#9709);
#9709 = DEFINITIONAL_REPRESENTATION('',(#9710),#9714);
#9710 = LINE('',#9711,#9712);
#9711 = CARTESIAN_POINT('',(5.,0.));
#9712 = VECTOR('',#9713,1.);
#9713 = DIRECTION('',(0.,1.));
#9714 = ( GEOMETRIC_REPRESENTATION_CONTEXT(2) 
PARAMETRIC_REPRESENTATION_CONTEXT() REPRESENTATION_CONTEXT('2D SPACE',''
  ) );
#9715 = FACE_BOUND('',#9716,.T.);
#9716 = EDGE_LOOP('',(#9717,#9747,#9775,#9803));
#9717 = ORIENTED_EDGE('',*,*,#9718,.F.);
#9718 = EDGE_CURVE('',#9719,#9721,#9723,.T.);
#9719 = VERTEX_POINT('',#9720);
#9720 = CARTESIAN_POINT('',(-20.7,21.42013164991,64.066578259316));
#9721 = VERTEX_POINT('',#9722);
#9722 = CARTESIAN_POINT('',(-20.7,-19.16779759019,23.478649019208));
#9723 = SURFACE_CURVE('',#9724,(#9728,#9735),.PCURVE_S1.);
#9724 = LINE('',#9725,#9726);
#9725 = CARTESIAN_POINT('',(-20.7,21.42013164991,64.066578259316));
#9726 = VECTOR('',#9727,1.);
#9727 = DIRECTION('',(0.,-0.707106781187,-0.707106781187));
#9728 = PCURVE('',#8512,#9729);
#9729 = DEFINITIONAL_REPRESENTATION('',(#9730),#9734);
#9730 = LINE('',#9731,#9732);
#9731 = CARTESIAN_POINT('',(4.3,59.8));
#9732 = VECTOR('',#9733,1.);
#9733 = DIRECTION('',(0.,-1.));
#9734 = ( GEOMETRIC_REPRESENTATION_CONTEXT(2) 
PARAMETRIC_REPRESENTATION_CONTEXT() REPRESENTATION_CONTEXT('2D SPACE',''
  ) );
#9735 = PCURVE('',#9736,#9741);
#9736 = PLANE('',#9737);
#9737 = AXIS2_PLACEMENT_3D('',#9738,#9739,#9740);
#9738 = CARTESIAN_POINT('',(-23.7,17.778531726799,67.708178182427));
#9739 = DIRECTION('',(0.864083013296,-0.355921723229,0.355921723229));
#9740 = DIRECTION('',(0.503349328134,0.61099895821,-0.61099895821));
#9741 = DEFINITIONAL_REPRESENTATION('',(#9742),#9746);
#9742 = LINE('',#9743,#9744);
#9743 = CARTESIAN_POINT('',(5.960075502877,3.10862446895E-15));
#9744 = VECTOR('',#9745,1.);
#9745 = DIRECTION('',(5.551115123126E-17,-1.));
#9746 = ( GEOMETRIC_REPRESENTATION_CONTEXT(2) 
PARAMETRIC_REPRESENTATION_CONTEXT() REPRESENTATION_CONTEXT('2D SPACE',''
  ) );
#9747 = ORIENTED_EDGE('',*,*,#9748,.T.);
#9748 = EDGE_CURVE('',#9719,#9749,#9751,.T.);
#9749 = VERTEX_POINT('',#9750);
#9750 = CARTESIAN_POINT('',(-9.3,21.42013164991,64.066578259316));
#9751 = SURFACE_CURVE('',#9752,(#9756,#9763),.PCURVE_S1.);
#9752 = LINE('',#9753,#9754);
#9753 = CARTESIAN_POINT('',(-20.7,21.42013164991,64.066578259316));
#9754 = VECTOR('',#9755,1.);
#9755 = DIRECTION('',(1.,0.,0.));
#9756 = PCURVE('',#8512,#9757);
#9757 = DEFINITIONAL_REPRESENTATION('',(#9758),#9762);
#9758 = LINE('',#9759,#9760);
#9759 = CARTESIAN_POINT('',(4.3,59.8));
#9760 = VECTOR('',#9761,1.);
#9761 = DIRECTION('',(1.,0.));
#9762 = ( GEOMETRIC_REPRESENTATION_CONTEXT(2) 
PARAMETRIC_REPRESENTATION_CONTEXT() REPRESENTATION_CONTEXT('2D SPACE',''
  ) );
#9763 = PCURVE('',#9764,#9769);
#9764 = PLANE('',#9765);
#9765 = AXIS2_PLACEMENT_3D('',#9766,#9767,#9768);
#9766 = CARTESIAN_POINT('',(-15.,19.331041922735,66.155667986491));
#9767 = DIRECTION('',(-0.,-0.707106781187,-0.707106781187));
#9768 = DIRECTION('',(0.,0.707106781187,-0.707106781187));
#9769 = DEFINITIONAL_REPRESENTATION('',(#9770),#9774);
#9770 = LINE('',#9771,#9772);
#9771 = CARTESIAN_POINT('',(2.954419025185,-5.7));
#9772 = VECTOR('',#9773,1.);
#9773 = DIRECTION('',(0.,1.));
#9774 = ( GEOMETRIC_REPRESENTATION_CONTEXT(2) 
PARAMETRIC_REPRESENTATION_CONTEXT() REPRESENTATION_CONTEXT('2D SPACE',''
  ) );
#9775 = ORIENTED_EDGE('',*,*,#9776,.T.);
#9776 = EDGE_CURVE('',#9749,#9777,#9779,.T.);
#9777 = VERTEX_POINT('',#9778);
#9778 = CARTESIAN_POINT('',(-9.3,-19.16779759019,23.478649019208));
#9779 = SURFACE_CURVE('',#9780,(#9784,#9791),.PCURVE_S1.);
#9780 = LINE('',#9781,#9782);
#9781 = CARTESIAN_POINT('',(-9.3,21.42013164991,64.066578259316));
#9782 = VECTOR('',#9783,1.);
#9783 = DIRECTION('',(0.,-0.707106781187,-0.707106781187));
#9784 = PCURVE('',#8512,#9785);
#9785 = DEFINITIONAL_REPRESENTATION('',(#9786),#9790);
#9786 = LINE('',#9787,#9788);
#9787 = CARTESIAN_POINT('',(15.7,59.8));
#9788 = VECTOR('',#9789,1.);
#9789 = DIRECTION('',(0.,-1.));
#9790 = ( GEOMETRIC_REPRESENTATION_CONTEXT(2) 
PARAMETRIC_REPRESENTATION_CONTEXT() REPRESENTATION_CONTEXT('2D SPACE',''
  ) );
#9791 = PCURVE('',#9792,#9797);
#9792 = PLANE('',#9793);
#9793 = AXIS2_PLACEMENT_3D('',#9794,#9795,#9796);
#9794 = CARTESIAN_POINT('',(-9.3,21.42013164991,64.066578259316));
#9795 = DIRECTION('',(-0.864083013296,-0.355921723229,0.355921723229));
#9796 = DIRECTION('',(0.503349328134,-0.61099895821,0.61099895821));
#9797 = DEFINITIONAL_REPRESENTATION('',(#9798),#9802);
#9798 = LINE('',#9799,#9800);
#9799 = CARTESIAN_POINT('',(0.,0.));
#9800 = VECTOR('',#9801,1.);
#9801 = DIRECTION('',(0.,-1.));
#9802 = ( GEOMETRIC_REPRESENTATION_CONTEXT(2) 
PARAMETRIC_REPRESENTATION_CONTEXT() REPRESENTATION_CONTEXT('2D SPACE',''
  ) );
#9803 = ORIENTED_EDGE('',*,*,#9804,.F.);
#9804 = EDGE_CURVE('',#9721,#9777,#9805,.T.);
#9805 = SURFACE_CURVE('',#9806,(#9810,#9817),.PCURVE_S1.);
#9806 = LINE('',#9807,#9808);
#9807 = CARTESIAN_POINT('',(-20.7,-19.16779759019,23.478649019208));
#9808 = VECTOR('',#9809,1.);
#9809 = DIRECTION('',(1.,0.,0.));
#9810 = PCURVE('',#8512,#9811);
#9811 = DEFINITIONAL_REPRESENTATION('',(#9812),#9816);
#9812 = LINE('',#9813,#9814);
#9813 = CARTESIAN_POINT('',(4.3,2.4));
#9814 = VECTOR('',#9815,1.);
#9815 = DIRECTION('',(1.,0.));
#9816 = ( GEOMETRIC_REPRESENTATION_CONTEXT(2) 
PARAMETRIC_REPRESENTATION_CONTEXT() REPRESENTATION_CONTEXT('2D SPACE',''
  ) );
#9817 = PCURVE('',#9818,#9823);
#9818 = PLANE('',#9819);
#9819 = AXIS2_PLACEMENT_3D('',#9820,#9821,#9822);
#9820 = CARTESIAN_POINT('',(-15.,-21.25688731737,25.567738746384));
#9821 = DIRECTION('',(-0.,-0.707106781187,-0.707106781187));
#9822 = DIRECTION('',(0.,0.707106781187,-0.707106781187));
#9823 = DEFINITIONAL_REPRESENTATION('',(#9824),#9828);
#9824 = LINE('',#9825,#9826);
#9825 = CARTESIAN_POINT('',(2.954419025185,-5.7));
#9826 = VECTOR('',#9827,1.);
#9827 = DIRECTION('',(0.,1.));
#9828 = ( GEOMETRIC_REPRESENTATION_CONTEXT(2) 
PARAMETRIC_REPRESENTATION_CONTEXT() REPRESENTATION_CONTEXT('2D SPACE',''
  ) );
#9829 = ADVANCED_FACE('',(#9830),#8563,.T.);
#9830 = FACE_BOUND('',#9831,.T.);
#9831 = EDGE_LOOP('',(#9832,#9855,#9856,#9857,#9880,#9908));
#9832 = ORIENTED_EDGE('',*,*,#9833,.F.);
#9833 = EDGE_CURVE('',#9472,#9834,#9836,.T.);
#9834 = VERTEX_POINT('',#9835);
#9835 = CARTESIAN_POINT('',(-4.,-16.65756851698,25.211060633116));
#9836 = SURFACE_CURVE('',#9837,(#9841,#9848),.PCURVE_S1.);
#9837 = LINE('',#9838,#9839);
#9838 = CARTESIAN_POINT('',(-6.,-16.65756851698,25.211060633116));
#9839 = VECTOR('',#9840,1.);
#9840 = DIRECTION('',(1.,0.,0.));
#9841 = PCURVE('',#8563,#9842);
#9842 = DEFINITIONAL_REPRESENTATION('',(#9843),#9847);
#9843 = LINE('',#9844,#9845);
#9844 = CARTESIAN_POINT('',(0.,5.4));
#9845 = VECTOR('',#9846,1.);
#9846 = DIRECTION('',(1.,0.));
#9847 = ( GEOMETRIC_REPRESENTATION_CONTEXT(2) 
PARAMETRIC_REPRESENTATION_CONTEXT() REPRESENTATION_CONTEXT('2D SPACE',''
  ) );
#9848 = PCURVE('',#9432,#9849);
#9849 = DEFINITIONAL_REPRESENTATION('',(#9850),#9854);
#9850 = LINE('',#9851,#9852);
#9851 = CARTESIAN_POINT('',(4.45,0.));
#9852 = VECTOR('',#9853,1.);
#9853 = DIRECTION('',(0.,1.));
#9854 = ( GEOMETRIC_REPRESENTATION_CONTEXT(2) 
PARAMETRIC_REPRESENTATION_CONTEXT() REPRESENTATION_CONTEXT('2D SPACE',''
  ) );
#9855 = ORIENTED_EDGE('',*,*,#9471,.T.);
#9856 = ORIENTED_EDGE('',*,*,#8547,.F.);
#9857 = ORIENTED_EDGE('',*,*,#9858,.T.);
#9858 = EDGE_CURVE('',#8548,#9859,#9861,.T.);
#9859 = VERTEX_POINT('',#9860);
#9860 = CARTESIAN_POINT('',(1.,29.728636328851,71.597265478953));
#9861 = SURFACE_CURVE('',#9862,(#9866,#9873),.PCURVE_S1.);
#9862 = LINE('',#9863,#9864);
#9863 = CARTESIAN_POINT('',(1.,-20.47594513539,21.392684014708));
#9864 = VECTOR('',#9865,1.);
#9865 = DIRECTION('',(0.,0.707106781187,0.707106781187));
#9866 = PCURVE('',#8563,#9867);
#9867 = DEFINITIONAL_REPRESENTATION('',(#9868),#9872);
#9868 = LINE('',#9869,#9870);
#9869 = CARTESIAN_POINT('',(7.,0.));
#9870 = VECTOR('',#9871,1.);
#9871 = DIRECTION('',(0.,1.));
#9872 = ( GEOMETRIC_REPRESENTATION_CONTEXT(2) 
PARAMETRIC_REPRESENTATION_CONTEXT() REPRESENTATION_CONTEXT('2D SPACE',''
  ) );
#9873 = PCURVE('',#8591,#9874);
#9874 = DEFINITIONAL_REPRESENTATION('',(#9875),#9879);
#9875 = LINE('',#9876,#9877);
#9876 = CARTESIAN_POINT('',(4.45,0.));
#9877 = VECTOR('',#9878,1.);
#9878 = DIRECTION('',(0.,-1.));
#9879 = ( GEOMETRIC_REPRESENTATION_CONTEXT(2) 
PARAMETRIC_REPRESENTATION_CONTEXT() REPRESENTATION_CONTEXT('2D SPACE',''
  ) );
#9880 = ORIENTED_EDGE('',*,*,#9881,.F.);
#9881 = EDGE_CURVE('',#9882,#9859,#9884,.T.);
#9882 = VERTEX_POINT('',#9883);
#9883 = CARTESIAN_POINT('',(-4.,29.728636328851,71.597265478953));
#9884 = SURFACE_CURVE('',#9885,(#9889,#9896),.PCURVE_S1.);
#9885 = LINE('',#9886,#9887);
#9886 = CARTESIAN_POINT('',(-4.,29.728636328851,71.597265478953));
#9887 = VECTOR('',#9888,1.);
#9888 = DIRECTION('',(1.,0.,0.));
#9889 = PCURVE('',#8563,#9890);
#9890 = DEFINITIONAL_REPRESENTATION('',(#9891),#9895);
#9891 = LINE('',#9892,#9893);
#9892 = CARTESIAN_POINT('',(2.,71.));
#9893 = VECTOR('',#9894,1.);
#9894 = DIRECTION('',(1.,0.));
#9895 = ( GEOMETRIC_REPRESENTATION_CONTEXT(2) 
PARAMETRIC_REPRESENTATION_CONTEXT() REPRESENTATION_CONTEXT('2D SPACE',''
  ) );
#9896 = PCURVE('',#9897,#9902);
#9897 = PLANE('',#9898);
#9898 = AXIS2_PLACEMENT_3D('',#9899,#9900,#9901);
#9899 = CARTESIAN_POINT('',(-4.,29.728636328851,71.597265478953));
#9900 = DIRECTION('',(0.,-0.707106781187,-0.707106781187));
#9901 = DIRECTION('',(0.,-0.707106781187,0.707106781187));
#9902 = DEFINITIONAL_REPRESENTATION('',(#9903),#9907);
#9903 = LINE('',#9904,#9905);
#9904 = CARTESIAN_POINT('',(0.,0.));
#9905 = VECTOR('',#9906,1.);
#9906 = DIRECTION('',(0.,-1.));
#9907 = ( GEOMETRIC_REPRESENTATION_CONTEXT(2) 
PARAMETRIC_REPRESENTATION_CONTEXT() REPRESENTATION_CONTEXT('2D SPACE',''
  ) );
#9908 = ORIENTED_EDGE('',*,*,#9909,.F.);
#9909 = EDGE_CURVE('',#9834,#9882,#9910,.T.);
#9910 = SURFACE_CURVE('',#9911,(#9915,#9922),.PCURVE_S1.);
#9911 = LINE('',#9912,#9913);
#9912 = CARTESIAN_POINT('',(-4.,-20.47594513539,21.392684014708));
#9913 = VECTOR('',#9914,1.);
#9914 = DIRECTION('',(0.,0.707106781187,0.707106781187));
#9915 = PCURVE('',#8563,#9916);
#9916 = DEFINITIONAL_REPRESENTATION('',(#9917),#9921);
#9917 = LINE('',#9918,#9919);
#9918 = CARTESIAN_POINT('',(2.,0.));
#9919 = VECTOR('',#9920,1.);
#9920 = DIRECTION('',(0.,1.));
#9921 = ( GEOMETRIC_REPRESENTATION_CONTEXT(2) 
PARAMETRIC_REPRESENTATION_CONTEXT() REPRESENTATION_CONTEXT('2D SPACE',''
  ) );
#9922 = PCURVE('',#9923,#9928);
#9923 = PLANE('',#9924);
#9924 = AXIS2_PLACEMENT_3D('',#9925,#9926,#9927);
#9925 = CARTESIAN_POINT('',(-4.,-18.77888886054,19.69562773986));
#9926 = DIRECTION('',(1.,0.,0.));
#9927 = DIRECTION('',(0.,-0.707106781187,0.707106781187));
#9928 = DEFINITIONAL_REPRESENTATION('',(#9929),#9933);
#9929 = LINE('',#9930,#9931);
#9930 = CARTESIAN_POINT('',(2.4,2.22044604925E-16));
#9931 = VECTOR('',#9932,1.);
#9932 = DIRECTION('',(0.,-1.));
#9933 = ( GEOMETRIC_REPRESENTATION_CONTEXT(2) 
PARAMETRIC_REPRESENTATION_CONTEXT() REPRESENTATION_CONTEXT('2D SPACE',''
  ) );
#9934 = ADVANCED_FACE('',(#9935),#8591,.T.);
#9935 = FACE_BOUND('',#9936,.T.);
#9936 = EDGE_LOOP('',(#9937,#9938,#9939,#9962,#9990,#10018,#10046,#10074
    ,#10102,#10123));
#9937 = ORIENTED_EDGE('',*,*,#8575,.F.);
#9938 = ORIENTED_EDGE('',*,*,#9446,.T.);
#9939 = ORIENTED_EDGE('',*,*,#9940,.T.);
#9940 = EDGE_CURVE('',#9417,#9941,#9943,.T.);
#9941 = VERTEX_POINT('',#9942);
#9942 = CARTESIAN_POINT('',(1.,-14.96051224213,23.514004358268));
#9943 = SURFACE_CURVE('',#9944,(#9948,#9955),.PCURVE_S1.);
#9944 = LINE('',#9945,#9946);
#9945 = CARTESIAN_POINT('',(1.,-13.5109433407,22.064435456835));
#9946 = VECTOR('',#9947,1.);
#9947 = DIRECTION('',(0.,-0.707106781187,0.707106781187));
#9948 = PCURVE('',#8591,#9949);
#9949 = DEFINITIONAL_REPRESENTATION('',(#9950),#9954);
#9950 = LINE('',#9951,#9952);
#9951 = CARTESIAN_POINT('',(4.440892098501E-16,-5.4));
#9952 = VECTOR('',#9953,1.);
#9953 = DIRECTION('',(1.,0.));
#9954 = ( GEOMETRIC_REPRESENTATION_CONTEXT(2) 
PARAMETRIC_REPRESENTATION_CONTEXT() REPRESENTATION_CONTEXT('2D SPACE',''
  ) );
#9955 = PCURVE('',#9432,#9956);
#9956 = DEFINITIONAL_REPRESENTATION('',(#9957),#9961);
#9957 = LINE('',#9958,#9959);
#9958 = CARTESIAN_POINT('',(0.,7.));
#9959 = VECTOR('',#9960,1.);
#9960 = DIRECTION('',(1.,0.));
#9961 = ( GEOMETRIC_REPRESENTATION_CONTEXT(2) 
PARAMETRIC_REPRESENTATION_CONTEXT() REPRESENTATION_CONTEXT('2D SPACE',''
  ) );
#9962 = ORIENTED_EDGE('',*,*,#9963,.T.);
#9963 = EDGE_CURVE('',#9941,#9964,#9966,.T.);
#9964 = VERTEX_POINT('',#9965);
#9965 = CARTESIAN_POINT('',(1.,37.860364312497,76.334880912903));
#9966 = SURFACE_CURVE('',#9967,(#9971,#9978),.PCURVE_S1.);
#9967 = LINE('',#9968,#9969);
#9968 = CARTESIAN_POINT('',(1.,-18.77888886054,19.69562773986));
#9969 = VECTOR('',#9970,1.);
#9970 = DIRECTION('',(0.,0.707106781187,0.707106781187));
#9971 = PCURVE('',#8591,#9972);
#9972 = DEFINITIONAL_REPRESENTATION('',(#9973),#9977);
#9973 = LINE('',#9974,#9975);
#9974 = CARTESIAN_POINT('',(2.05,2.22044604925E-16));
#9975 = VECTOR('',#9976,1.);
#9976 = DIRECTION('',(0.,-1.));
#9977 = ( GEOMETRIC_REPRESENTATION_CONTEXT(2) 
PARAMETRIC_REPRESENTATION_CONTEXT() REPRESENTATION_CONTEXT('2D SPACE',''
  ) );
#9978 = PCURVE('',#9979,#9984);
#9979 = PLANE('',#9980);
#9980 = AXIS2_PLACEMENT_3D('',#9981,#9982,#9983);
#9981 = CARTESIAN_POINT('',(-4.,-18.77888886054,19.69562773986));
#9982 = DIRECTION('',(0.,-0.707106781187,0.707106781187));
#9983 = DIRECTION('',(1.,0.,0.));
#9984 = DEFINITIONAL_REPRESENTATION('',(#9985),#9989);
#9985 = LINE('',#9986,#9987);
#9986 = CARTESIAN_POINT('',(5.,0.));
#9987 = VECTOR('',#9988,1.);
#9988 = DIRECTION('',(0.,1.));
#9989 = ( GEOMETRIC_REPRESENTATION_CONTEXT(2) 
PARAMETRIC_REPRESENTATION_CONTEXT() REPRESENTATION_CONTEXT('2D SPACE',''
  ) );
#9990 = ORIENTED_EDGE('',*,*,#9991,.T.);
#9991 = EDGE_CURVE('',#9964,#9992,#9994,.T.);
#9992 = VERTEX_POINT('',#9993);
#9993 = CARTESIAN_POINT('',(1.,36.163308037649,78.031937187751));
#9994 = SURFACE_CURVE('',#9995,(#9999,#10006),.PCURVE_S1.);
#9995 = LINE('',#9996,#9997);
#9996 = CARTESIAN_POINT('',(1.,37.860364312497,76.334880912903));
#9997 = VECTOR('',#9998,1.);
#9998 = DIRECTION('',(0.,-0.707106781187,0.707106781187));
#9999 = PCURVE('',#8591,#10000);
#10000 = DEFINITIONAL_REPRESENTATION('',(#10001),#10005);
#10001 = LINE('',#10002,#10003);
#10002 = CARTESIAN_POINT('',(2.05,-80.1));
#10003 = VECTOR('',#10004,1.);
#10004 = DIRECTION('',(1.,0.));
#10005 = ( GEOMETRIC_REPRESENTATION_CONTEXT(2) 
PARAMETRIC_REPRESENTATION_CONTEXT() REPRESENTATION_CONTEXT('2D SPACE',''
  ) );
#10006 = PCURVE('',#10007,#10012);
#10007 = PLANE('',#10008);
#10008 = AXIS2_PLACEMENT_3D('',#10009,#10010,#10011);
#10009 = CARTESIAN_POINT('',(-4.,37.860364312497,76.334880912903));
#10010 = DIRECTION('',(0.,0.707106781187,0.707106781187));
#10011 = DIRECTION('',(0.,-0.707106781187,0.707106781187));
#10012 = DEFINITIONAL_REPRESENTATION('',(#10013),#10017);
#10013 = LINE('',#10014,#10015);
#10014 = CARTESIAN_POINT('',(0.,5.));
#10015 = VECTOR('',#10016,1.);
#10016 = DIRECTION('',(1.,0.));
#10017 = ( GEOMETRIC_REPRESENTATION_CONTEXT(2) 
PARAMETRIC_REPRESENTATION_CONTEXT() REPRESENTATION_CONTEXT('2D SPACE',''
  ) );
#10018 = ORIENTED_EDGE('',*,*,#10019,.F.);
#10019 = EDGE_CURVE('',#10020,#9992,#10022,.T.);
#10020 = VERTEX_POINT('',#10021);
#10021 = CARTESIAN_POINT('',(1.,32.274220741123,74.142849891225));
#10022 = SURFACE_CURVE('',#10023,(#10027,#10034),.PCURVE_S1.);
#10023 = LINE('',#10024,#10025);
#10024 = CARTESIAN_POINT('',(1.,-20.47594513539,21.392684014708));
#10025 = VECTOR('',#10026,1.);
#10026 = DIRECTION('',(0.,0.707106781187,0.707106781187));
#10027 = PCURVE('',#8591,#10028);
#10028 = DEFINITIONAL_REPRESENTATION('',(#10029),#10033);
#10029 = LINE('',#10030,#10031);
#10030 = CARTESIAN_POINT('',(4.45,0.));
#10031 = VECTOR('',#10032,1.);
#10032 = DIRECTION('',(0.,-1.));
#10033 = ( GEOMETRIC_REPRESENTATION_CONTEXT(2) 
PARAMETRIC_REPRESENTATION_CONTEXT() REPRESENTATION_CONTEXT('2D SPACE',''
  ) );
#10034 = PCURVE('',#10035,#10040);
#10035 = PLANE('',#10036);
#10036 = AXIS2_PLACEMENT_3D('',#10037,#10038,#10039);
#10037 = CARTESIAN_POINT('',(-6.,-20.47594513539,21.392684014708));
#10038 = DIRECTION('',(0.,-0.707106781187,0.707106781187));
#10039 = DIRECTION('',(1.,0.,0.));
#10040 = DEFINITIONAL_REPRESENTATION('',(#10041),#10045);
#10041 = LINE('',#10042,#10043);
#10042 = CARTESIAN_POINT('',(7.,0.));
#10043 = VECTOR('',#10044,1.);
#10044 = DIRECTION('',(0.,1.));
#10045 = ( GEOMETRIC_REPRESENTATION_CONTEXT(2) 
PARAMETRIC_REPRESENTATION_CONTEXT() REPRESENTATION_CONTEXT('2D SPACE',''
  ) );
#10046 = ORIENTED_EDGE('',*,*,#10047,.F.);
#10047 = EDGE_CURVE('',#10048,#10020,#10050,.T.);
#10048 = VERTEX_POINT('',#10049);
#10049 = CARTESIAN_POINT('',(1.,27.536605307173,74.779245994292));
#10050 = SURFACE_CURVE('',#10051,(#10055,#10062),.PCURVE_S1.);
#10051 = LINE('',#10052,#10053);
#10052 = CARTESIAN_POINT('',(1.,27.536605307173,74.779245994292));
#10053 = VECTOR('',#10054,1.);
#10054 = DIRECTION('',(0.,0.991098234869,-0.133132598714));
#10055 = PCURVE('',#8591,#10056);
#10056 = DEFINITIONAL_REPRESENTATION('',(#10057),#10061);
#10057 = LINE('',#10058,#10059);
#10058 = CARTESIAN_POINT('',(8.25,-71.7));
#10059 = VECTOR('',#10060,1.);
#10060 = DIRECTION('',(-0.794951246045,-0.60667331935));
#10061 = ( GEOMETRIC_REPRESENTATION_CONTEXT(2) 
PARAMETRIC_REPRESENTATION_CONTEXT() REPRESENTATION_CONTEXT('2D SPACE',''
  ) );
#10062 = PCURVE('',#10063,#10068);
#10063 = PLANE('',#10064);
#10064 = AXIS2_PLACEMENT_3D('',#10065,#10066,#10067);
#10065 = CARTESIAN_POINT('',(-4.,27.536605307173,74.779245994292));
#10066 = DIRECTION('',(0.,0.133132598714,0.991098234869));
#10067 = DIRECTION('',(0.,0.991098234869,-0.133132598714));
#10068 = DEFINITIONAL_REPRESENTATION('',(#10069),#10073);
#10069 = LINE('',#10070,#10071);
#10070 = CARTESIAN_POINT('',(0.,-5.));
#10071 = VECTOR('',#10072,1.);
#10072 = DIRECTION('',(1.,0.));
#10073 = ( GEOMETRIC_REPRESENTATION_CONTEXT(2) 
PARAMETRIC_REPRESENTATION_CONTEXT() REPRESENTATION_CONTEXT('2D SPACE',''
  ) );
#10074 = ORIENTED_EDGE('',*,*,#10075,.F.);
#10075 = EDGE_CURVE('',#10076,#10048,#10078,.T.);
#10076 = VERTEX_POINT('',#10077);
#10077 = CARTESIAN_POINT('',(1.,27.041630560343,74.284271247462));
#10078 = SURFACE_CURVE('',#10079,(#10083,#10090),.PCURVE_S1.);
#10079 = LINE('',#10080,#10081);
#10080 = CARTESIAN_POINT('',(1.,27.041630560343,74.284271247462));
#10081 = VECTOR('',#10082,1.);
#10082 = DIRECTION('',(0.,0.707106781187,0.707106781187));
#10083 = PCURVE('',#8591,#10084);
#10084 = DEFINITIONAL_REPRESENTATION('',(#10085),#10089);
#10085 = LINE('',#10086,#10087);
#10086 = CARTESIAN_POINT('',(8.25,-71.));
#10087 = VECTOR('',#10088,1.);
#10088 = DIRECTION('',(0.,-1.));
#10089 = ( GEOMETRIC_REPRESENTATION_CONTEXT(2) 
PARAMETRIC_REPRESENTATION_CONTEXT() REPRESENTATION_CONTEXT('2D SPACE',''
  ) );
#10090 = PCURVE('',#10091,#10096);
#10091 = PLANE('',#10092);
#10092 = AXIS2_PLACEMENT_3D('',#10093,#10094,#10095);
#10093 = CARTESIAN_POINT('',(-4.,27.041630560343,74.284271247462));
#10094 = DIRECTION('',(0.,-0.707106781187,0.707106781187));
#10095 = DIRECTION('',(0.,0.707106781187,0.707106781187));
#10096 = DEFINITIONAL_REPRESENTATION('',(#10097),#10101);
#10097 = LINE('',#10098,#10099);
#10098 = CARTESIAN_POINT('',(0.,-5.));
#10099 = VECTOR('',#10100,1.);
#10100 = DIRECTION('',(1.,0.));
#10101 = ( GEOMETRIC_REPRESENTATION_CONTEXT(2) 
PARAMETRIC_REPRESENTATION_CONTEXT() REPRESENTATION_CONTEXT('2D SPACE',''
  ) );
#10102 = ORIENTED_EDGE('',*,*,#10103,.F.);
#10103 = EDGE_CURVE('',#9859,#10076,#10104,.T.);
#10104 = SURFACE_CURVE('',#10105,(#10109,#10116),.PCURVE_S1.);
#10105 = LINE('',#10106,#10107);
#10106 = CARTESIAN_POINT('',(1.,29.728636328851,71.597265478953));
#10107 = VECTOR('',#10108,1.);
#10108 = DIRECTION('',(0.,-0.707106781187,0.707106781187));
#10109 = PCURVE('',#8591,#10110);
#10110 = DEFINITIONAL_REPRESENTATION('',(#10111),#10115);
#10111 = LINE('',#10112,#10113);
#10112 = CARTESIAN_POINT('',(4.45,-71.));
#10113 = VECTOR('',#10114,1.);
#10114 = DIRECTION('',(1.,0.));
#10115 = ( GEOMETRIC_REPRESENTATION_CONTEXT(2) 
PARAMETRIC_REPRESENTATION_CONTEXT() REPRESENTATION_CONTEXT('2D SPACE',''
  ) );
#10116 = PCURVE('',#9897,#10117);
#10117 = DEFINITIONAL_REPRESENTATION('',(#10118),#10122);
#10118 = LINE('',#10119,#10120);
#10119 = CARTESIAN_POINT('',(0.,-5.));
#10120 = VECTOR('',#10121,1.);
#10121 = DIRECTION('',(1.,0.));
#10122 = ( GEOMETRIC_REPRESENTATION_CONTEXT(2) 
PARAMETRIC_REPRESENTATION_CONTEXT() REPRESENTATION_CONTEXT('2D SPACE',''
  ) );
#10123 = ORIENTED_EDGE('',*,*,#9858,.F.);
#10124 = ADVANCED_FACE('',(#10125,#10131,#10137),#8794,.T.);
#10125 = FACE_BOUND('',#10126,.T.);
#10126 = EDGE_LOOP('',(#10127,#10128,#10129,#10130));
#10127 = ORIENTED_EDGE('',*,*,#8990,.F.);
#10128 = ORIENTED_EDGE('',*,*,#9018,.T.);
#10129 = ORIENTED_EDGE('',*,*,#8780,.T.);
#10130 = ORIENTED_EDGE('',*,*,#8865,.F.);
#10131 = FACE_BOUND('',#10132,.T.);
#10132 = EDGE_LOOP('',(#10133,#10134,#10135,#10136));
#10133 = ORIENTED_EDGE('',*,*,#9087,.F.);
#10134 = ORIENTED_EDGE('',*,*,#9133,.T.);
#10135 = ORIENTED_EDGE('',*,*,#9206,.T.);
#10136 = ORIENTED_EDGE('',*,*,#9180,.F.);
#10137 = FACE_BOUND('',#10138,.T.);
#10138 = EDGE_LOOP('',(#10139,#10140,#10141,#10142));
#10139 = ORIENTED_EDGE('',*,*,#9275,.F.);
#10140 = ORIENTED_EDGE('',*,*,#9394,.T.);
#10141 = ORIENTED_EDGE('',*,*,#9369,.T.);
#10142 = ORIENTED_EDGE('',*,*,#9322,.F.);
#10143 = ADVANCED_FACE('',(#10144),#8828,.T.);
#10144 = FACE_BOUND('',#10145,.T.);
#10145 = EDGE_LOOP('',(#10146,#10147,#10148,#10149));
#10146 = ORIENTED_EDGE('',*,*,#8887,.T.);
#10147 = ORIENTED_EDGE('',*,*,#8812,.T.);
#10148 = ORIENTED_EDGE('',*,*,#9695,.T.);
#10149 = ORIENTED_EDGE('',*,*,#9513,.F.);
#10150 = ADVANCED_FACE('',(#10151),#9432,.T.);
#10151 = FACE_BOUND('',#10152,.T.);
#10152 = EDGE_LOOP('',(#10153,#10154,#10155,#10156,#10178,#10197));
#10153 = ORIENTED_EDGE('',*,*,#9416,.F.);
#10154 = ORIENTED_EDGE('',*,*,#9493,.T.);
#10155 = ORIENTED_EDGE('',*,*,#9833,.T.);
#10156 = ORIENTED_EDGE('',*,*,#10157,.F.);
#10157 = EDGE_CURVE('',#10158,#9834,#10160,.T.);
#10158 = VERTEX_POINT('',#10159);
#10159 = CARTESIAN_POINT('',(-4.,-14.96051224213,23.514004358268));
#10160 = SURFACE_CURVE('',#10161,(#10165,#10171),.PCURVE_S1.);
#10161 = LINE('',#10162,#10163);
#10162 = CARTESIAN_POINT('',(-4.,-14.23572779142,22.789219907552));
#10163 = VECTOR('',#10164,1.);
#10164 = DIRECTION('',(0.,-0.707106781187,0.707106781187));
#10165 = PCURVE('',#9432,#10166);
#10166 = DEFINITIONAL_REPRESENTATION('',(#10167),#10170);
#10167 = B_SPLINE_CURVE_WITH_KNOTS('',1,(#10168,#10169),.UNSPECIFIED.,
  .F.,.F.,(2,2),(1.025,3.425),.PIECEWISE_BEZIER_KNOTS.);
#10168 = CARTESIAN_POINT('',(2.05,2.));
#10169 = CARTESIAN_POINT('',(4.45,2.));
#10170 = ( GEOMETRIC_REPRESENTATION_CONTEXT(2) 
PARAMETRIC_REPRESENTATION_CONTEXT() REPRESENTATION_CONTEXT('2D SPACE',''
  ) );
#10171 = PCURVE('',#9923,#10172);
#10172 = DEFINITIONAL_REPRESENTATION('',(#10173),#10177);
#10173 = LINE('',#10174,#10175);
#10174 = CARTESIAN_POINT('',(-1.025,-5.4));
#10175 = VECTOR('',#10176,1.);
#10176 = DIRECTION('',(1.,0.));
#10177 = ( GEOMETRIC_REPRESENTATION_CONTEXT(2) 
PARAMETRIC_REPRESENTATION_CONTEXT() REPRESENTATION_CONTEXT('2D SPACE',''
  ) );
#10178 = ORIENTED_EDGE('',*,*,#10179,.F.);
#10179 = EDGE_CURVE('',#9941,#10158,#10180,.T.);
#10180 = SURFACE_CURVE('',#10181,(#10185,#10191),.PCURVE_S1.);
#10181 = LINE('',#10182,#10183);
#10182 = CARTESIAN_POINT('',(-5.,-14.96051224213,23.514004358268));
#10183 = VECTOR('',#10184,1.);
#10184 = DIRECTION('',(-1.,0.,0.));
#10185 = PCURVE('',#9432,#10186);
#10186 = DEFINITIONAL_REPRESENTATION('',(#10187),#10190);
#10187 = B_SPLINE_CURVE_WITH_KNOTS('',1,(#10188,#10189),.UNSPECIFIED.,
  .F.,.F.,(2,2),(-6.,-1.),.PIECEWISE_BEZIER_KNOTS.);
#10188 = CARTESIAN_POINT('',(2.05,7.));
#10189 = CARTESIAN_POINT('',(2.05,2.));
#10190 = ( GEOMETRIC_REPRESENTATION_CONTEXT(2) 
PARAMETRIC_REPRESENTATION_CONTEXT() REPRESENTATION_CONTEXT('2D SPACE',''
  ) );
#10191 = PCURVE('',#9979,#10192);
#10192 = DEFINITIONAL_REPRESENTATION('',(#10193),#10196);
#10193 = B_SPLINE_CURVE_WITH_KNOTS('',1,(#10194,#10195),.UNSPECIFIED.,
  .F.,.F.,(2,2),(-6.,-1.),.PIECEWISE_BEZIER_KNOTS.);
#10194 = CARTESIAN_POINT('',(5.,5.4));
#10195 = CARTESIAN_POINT('',(0.,5.4));
#10196 = ( GEOMETRIC_REPRESENTATION_CONTEXT(2) 
PARAMETRIC_REPRESENTATION_CONTEXT() REPRESENTATION_CONTEXT('2D SPACE',''
  ) );
#10197 = ORIENTED_EDGE('',*,*,#9940,.F.);
#10198 = ADVANCED_FACE('',(#10199,#10274),#9736,.F.);
#10199 = FACE_BOUND('',#10200,.F.);
#10200 = EDGE_LOOP('',(#10201,#10231,#10252,#10253));
#10201 = ORIENTED_EDGE('',*,*,#10202,.T.);
#10202 = EDGE_CURVE('',#10203,#10205,#10207,.T.);
#10203 = VERTEX_POINT('',#10204);
#10204 = CARTESIAN_POINT('',(-23.7,17.778531726799,67.708178182427));
#10205 = VERTEX_POINT('',#10206);
#10206 = CARTESIAN_POINT('',(-23.7,-22.8093975133,27.120248942319));
#10207 = SURFACE_CURVE('',#10208,(#10212,#10219),.PCURVE_S1.);
#10208 = LINE('',#10209,#10210);
#10209 = CARTESIAN_POINT('',(-23.7,17.778531726799,67.708178182427));
#10210 = VECTOR('',#10211,1.);
#10211 = DIRECTION('',(0.,-0.707106781187,-0.707106781187));
#10212 = PCURVE('',#9736,#10213);
#10213 = DEFINITIONAL_REPRESENTATION('',(#10214),#10218);
#10214 = LINE('',#10215,#10216);
#10215 = CARTESIAN_POINT('',(0.,0.));
#10216 = VECTOR('',#10217,1.);
#10217 = DIRECTION('',(5.551115123126E-17,-1.));
#10218 = ( GEOMETRIC_REPRESENTATION_CONTEXT(2) 
PARAMETRIC_REPRESENTATION_CONTEXT() REPRESENTATION_CONTEXT('2D SPACE',''
  ) );
#10219 = PCURVE('',#10220,#10225);
#10220 = PLANE('',#10221);
#10221 = AXIS2_PLACEMENT_3D('',#10222,#10223,#10224);
#10222 = CARTESIAN_POINT('',(-6.3,17.778531726799,67.708178182427));
#10223 = DIRECTION('',(-0.,0.707106781187,-0.707106781187));
#10224 = DIRECTION('',(-1.,0.,0.));
#10225 = DEFINITIONAL_REPRESENTATION('',(#10226),#10230);
#10226 = LINE('',#10227,#10228);
#10227 = CARTESIAN_POINT('',(17.4,0.));
#10228 = VECTOR('',#10229,1.);
#10229 = DIRECTION('',(-0.,-1.));
#10230 = ( GEOMETRIC_REPRESENTATION_CONTEXT(2) 
PARAMETRIC_REPRESENTATION_CONTEXT() REPRESENTATION_CONTEXT('2D SPACE',''
  ) );
#10231 = ORIENTED_EDGE('',*,*,#10232,.T.);
#10232 = EDGE_CURVE('',#10205,#9721,#10233,.T.);
#10233 = SURFACE_CURVE('',#10234,(#10238,#10245),.PCURVE_S1.);
#10234 = LINE('',#10235,#10236);
#10235 = CARTESIAN_POINT('',(-23.7,-22.8093975133,27.120248942319));
#10236 = VECTOR('',#10237,1.);
#10237 = DIRECTION('',(0.503349328134,0.61099895821,-0.61099895821));
#10238 = PCURVE('',#9736,#10239);
#10239 = DEFINITIONAL_REPRESENTATION('',(#10240),#10244);
#10240 = LINE('',#10241,#10242);
#10241 = CARTESIAN_POINT('',(-7.105427357601E-15,-57.4));
#10242 = VECTOR('',#10243,1.);
#10243 = DIRECTION('',(1.,-5.551115123126E-17));
#10244 = ( GEOMETRIC_REPRESENTATION_CONTEXT(2) 
PARAMETRIC_REPRESENTATION_CONTEXT() REPRESENTATION_CONTEXT('2D SPACE',''
  ) );
#10245 = PCURVE('',#9818,#10246);
#10246 = DEFINITIONAL_REPRESENTATION('',(#10247),#10251);
#10247 = LINE('',#10248,#10249);
#10248 = CARTESIAN_POINT('',(-2.195580974815,-8.7));
#10249 = VECTOR('',#10250,1.);
#10250 = DIRECTION('',(0.864083013296,0.503349328134));
#10251 = ( GEOMETRIC_REPRESENTATION_CONTEXT(2) 
PARAMETRIC_REPRESENTATION_CONTEXT() REPRESENTATION_CONTEXT('2D SPACE',''
  ) );
#10252 = ORIENTED_EDGE('',*,*,#9718,.F.);
#10253 = ORIENTED_EDGE('',*,*,#10254,.F.);
#10254 = EDGE_CURVE('',#10203,#9719,#10255,.T.);
#10255 = SURFACE_CURVE('',#10256,(#10260,#10267),.PCURVE_S1.);
#10256 = LINE('',#10257,#10258);
#10257 = CARTESIAN_POINT('',(-23.7,17.778531726799,67.708178182427));
#10258 = VECTOR('',#10259,1.);
#10259 = DIRECTION('',(0.503349328134,0.61099895821,-0.61099895821));
#10260 = PCURVE('',#9736,#10261);
#10261 = DEFINITIONAL_REPRESENTATION('',(#10262),#10266);
#10262 = LINE('',#10263,#10264);
#10263 = CARTESIAN_POINT('',(0.,0.));
#10264 = VECTOR('',#10265,1.);
#10265 = DIRECTION('',(1.,-5.551115123126E-17));
#10266 = ( GEOMETRIC_REPRESENTATION_CONTEXT(2) 
PARAMETRIC_REPRESENTATION_CONTEXT() REPRESENTATION_CONTEXT('2D SPACE',''
  ) );
#10267 = PCURVE('',#9764,#10268);
#10268 = DEFINITIONAL_REPRESENTATION('',(#10269),#10273);
#10269 = LINE('',#10270,#10271);
#10270 = CARTESIAN_POINT('',(-2.195580974815,-8.7));
#10271 = VECTOR('',#10272,1.);
#10272 = DIRECTION('',(0.864083013296,0.503349328134));
#10273 = ( GEOMETRIC_REPRESENTATION_CONTEXT(2) 
PARAMETRIC_REPRESENTATION_CONTEXT() REPRESENTATION_CONTEXT('2D SPACE',''
  ) );
#10274 = FACE_BOUND('',#10275,.F.);
#10275 = EDGE_LOOP('',(#10276));
#10276 = ORIENTED_EDGE('',*,*,#10277,.F.);
#10277 = EDGE_CURVE('',#10278,#10278,#10280,.T.);
#10278 = VERTEX_POINT('',#10279);
#10279 = CARTESIAN_POINT('',(-22.36019417475,-6.121677477306,
    40.555277784864));
#10280 = SURFACE_CURVE('',#10281,(#10286,#10293),.PCURVE_S1.);
#10281 = ELLIPSE('',#10282,1.967403564057,1.7);
#10282 = AXIS2_PLACEMENT_3D('',#10283,#10284,#10285);
#10283 = CARTESIAN_POINT('',(-22.36019417475,-7.323759005324,
    39.353196256846));
#10284 = DIRECTION('',(0.864083013296,-0.355921723229,0.355921723229));
#10285 = DIRECTION('',(-0.503349328134,-0.61099895821,0.61099895821));
#10286 = PCURVE('',#9736,#10287);
#10287 = DEFINITIONAL_REPRESENTATION('',(#10288),#10292);
#10288 = ELLIPSE('',#10289,1.967403564057,1.7);
#10289 = AXIS2_PLACEMENT_2D('',#10290,#10291);
#10290 = CARTESIAN_POINT('',(2.661781292547,-37.8));
#10291 = DIRECTION('',(-1.,0.));
#10292 = ( GEOMETRIC_REPRESENTATION_CONTEXT(2) 
PARAMETRIC_REPRESENTATION_CONTEXT() REPRESENTATION_CONTEXT('2D SPACE',''
  ) );
#10293 = PCURVE('',#10294,#10299);
#10294 = CYLINDRICAL_SURFACE('',#10295,1.7);
#10295 = AXIS2_PLACEMENT_3D('',#10296,#10297,#10298);
#10296 = CARTESIAN_POINT('',(-27.,-7.323759005324,39.353196256846));
#10297 = DIRECTION('',(-1.,0.,-0.));
#10298 = DIRECTION('',(0.,0.707106781187,0.707106781187));
#10299 = DEFINITIONAL_REPRESENTATION('',(#10300),#10331);
#10300 = B_SPLINE_CURVE_WITH_KNOTS('',8,(#10301,#10302,#10303,#10304,
    #10305,#10306,#10307,#10308,#10309,#10310,#10311,#10312,#10313,
    #10314,#10315,#10316,#10317,#10318,#10319,#10320,#10321,#10322,
    #10323,#10324,#10325,#10326,#10327,#10328,#10329,#10330),
  .UNSPECIFIED.,.F.,.F.,(9,7,7,7,9),(4.712388980385,6.28318530718,
    7.461282552276,9.22842841992,10.995574287564),.UNSPECIFIED.);
#10301 = CARTESIAN_POINT('',(0.,-4.639805825243));
#10302 = CARTESIAN_POINT('',(-0.196349540849,-4.445362590615));
#10303 = CARTESIAN_POINT('',(-0.392699081699,-4.250920032748));
#10304 = CARTESIAN_POINT('',(-0.589048622548,-4.067896746146));
#10305 = CARTESIAN_POINT('',(-0.785398163398,-3.907728389803));
#10306 = CARTESIAN_POINT('',(-0.981747704247,-3.780410456869));
#10307 = CARTESIAN_POINT('',(-1.178097245096,-3.693148285968));
#10308 = CARTESIAN_POINT('',(-1.374446785946,-3.649514563107));
#10309 = CARTESIAN_POINT('',(-1.718058482432,-3.649514563107));
#10310 = CARTESIAN_POINT('',(-1.865320638069,-3.674058191199));
#10311 = CARTESIAN_POINT('',(-2.012582793706,-3.723144842767));
#10312 = CARTESIAN_POINT('',(-2.159844949343,-3.795640846849));
#10313 = CARTESIAN_POINT('',(-2.30710710498,-3.889272174806));
#10314 = CARTESIAN_POINT('',(-2.454369260617,-4.000767068095));
#10315 = CARTESIAN_POINT('',(-2.601631416254,-4.126106172477));
#10316 = CARTESIAN_POINT('',(-2.969786805347,-4.462935156304));
#10317 = CARTESIAN_POINT('',(-3.190680038802,-4.686164391091));
#10318 = CARTESIAN_POINT('',(-3.411573272258,-4.915505909804));
#10319 = CARTESIAN_POINT('',(-3.632466505714,-5.133715336648));
#10320 = CARTESIAN_POINT('',(-3.85335973917,-5.323734692113));
#10321 = CARTESIAN_POINT('',(-4.074252972624,-5.47155418449));
#10322 = CARTESIAN_POINT('',(-4.29514620608,-5.568393176043));
#10323 = CARTESIAN_POINT('',(-4.736932672991,-5.653744660872));
#10324 = CARTESIAN_POINT('',(-4.957825906443,-5.642258427205));
#10325 = CARTESIAN_POINT('',(-5.178719139923,-5.573438098621));
#10326 = CARTESIAN_POINT('',(-5.399612373341,-5.449744685313));
#10327 = CARTESIAN_POINT('',(-5.620505606839,-5.279786482886));
#10328 = CARTESIAN_POINT('',(-5.841398840265,-5.07730322423));
#10329 = CARTESIAN_POINT('',(-6.062292073724,-4.858554464199));
#10330 = CARTESIAN_POINT('',(-6.28318530718,-4.639805825243));
#10331 = ( GEOMETRIC_REPRESENTATION_CONTEXT(2) 
PARAMETRIC_REPRESENTATION_CONTEXT() REPRESENTATION_CONTEXT('2D SPACE',''
  ) );
#10332 = ADVANCED_FACE('',(#10333),#9818,.T.);
#10333 = FACE_BOUND('',#10334,.T.);
#10334 = EDGE_LOOP('',(#10335,#10336,#10359,#10380));
#10335 = ORIENTED_EDGE('',*,*,#9804,.T.);
#10336 = ORIENTED_EDGE('',*,*,#10337,.T.);
#10337 = EDGE_CURVE('',#9777,#10338,#10340,.T.);
#10338 = VERTEX_POINT('',#10339);
#10339 = CARTESIAN_POINT('',(-6.3,-22.8093975133,27.120248942319));
#10340 = SURFACE_CURVE('',#10341,(#10345,#10352),.PCURVE_S1.);
#10341 = LINE('',#10342,#10343);
#10342 = CARTESIAN_POINT('',(-9.3,-19.16779759019,23.478649019208));
#10343 = VECTOR('',#10344,1.);
#10344 = DIRECTION('',(0.503349328134,-0.61099895821,0.61099895821));
#10345 = PCURVE('',#9818,#10346);
#10346 = DEFINITIONAL_REPRESENTATION('',(#10347),#10351);
#10347 = LINE('',#10348,#10349);
#10348 = CARTESIAN_POINT('',(2.954419025185,5.7));
#10349 = VECTOR('',#10350,1.);
#10350 = DIRECTION('',(-0.864083013296,0.503349328134));
#10351 = ( GEOMETRIC_REPRESENTATION_CONTEXT(2) 
PARAMETRIC_REPRESENTATION_CONTEXT() REPRESENTATION_CONTEXT('2D SPACE',''
  ) );
#10352 = PCURVE('',#9792,#10353);
#10353 = DEFINITIONAL_REPRESENTATION('',(#10354),#10358);
#10354 = LINE('',#10355,#10356);
#10355 = CARTESIAN_POINT('',(7.105427357601E-15,-57.4));
#10356 = VECTOR('',#10357,1.);
#10357 = DIRECTION('',(1.,0.));
#10358 = ( GEOMETRIC_REPRESENTATION_CONTEXT(2) 
PARAMETRIC_REPRESENTATION_CONTEXT() REPRESENTATION_CONTEXT('2D SPACE',''
  ) );
#10359 = ORIENTED_EDGE('',*,*,#10360,.T.);
#10360 = EDGE_CURVE('',#10338,#10205,#10361,.T.);
#10361 = SURFACE_CURVE('',#10362,(#10366,#10373),.PCURVE_S1.);
#10362 = LINE('',#10363,#10364);
#10363 = CARTESIAN_POINT('',(-6.3,-22.8093975133,27.120248942319));
#10364 = VECTOR('',#10365,1.);
#10365 = DIRECTION('',(-1.,0.,0.));
#10366 = PCURVE('',#9818,#10367);
#10367 = DEFINITIONAL_REPRESENTATION('',(#10368),#10372);
#10368 = LINE('',#10369,#10370);
#10369 = CARTESIAN_POINT('',(-2.195580974815,8.7));
#10370 = VECTOR('',#10371,1.);
#10371 = DIRECTION('',(0.,-1.));
#10372 = ( GEOMETRIC_REPRESENTATION_CONTEXT(2) 
PARAMETRIC_REPRESENTATION_CONTEXT() REPRESENTATION_CONTEXT('2D SPACE',''
  ) );
#10373 = PCURVE('',#10220,#10374);
#10374 = DEFINITIONAL_REPRESENTATION('',(#10375),#10379);
#10375 = LINE('',#10376,#10377);
#10376 = CARTESIAN_POINT('',(-0.,-57.4));
#10377 = VECTOR('',#10378,1.);
#10378 = DIRECTION('',(1.,0.));
#10379 = ( GEOMETRIC_REPRESENTATION_CONTEXT(2) 
PARAMETRIC_REPRESENTATION_CONTEXT() REPRESENTATION_CONTEXT('2D SPACE',''
  ) );
#10380 = ORIENTED_EDGE('',*,*,#10232,.T.);
#10381 = ADVANCED_FACE('',(#10382,#10430),#9792,.F.);
#10382 = FACE_BOUND('',#10383,.F.);
#10383 = EDGE_LOOP('',(#10384,#10385,#10386,#10409));
#10384 = ORIENTED_EDGE('',*,*,#9776,.T.);
#10385 = ORIENTED_EDGE('',*,*,#10337,.T.);
#10386 = ORIENTED_EDGE('',*,*,#10387,.F.);
#10387 = EDGE_CURVE('',#10388,#10338,#10390,.T.);
#10388 = VERTEX_POINT('',#10389);
#10389 = CARTESIAN_POINT('',(-6.3,17.778531726799,67.708178182427));
#10390 = SURFACE_CURVE('',#10391,(#10395,#10402),.PCURVE_S1.);
#10391 = LINE('',#10392,#10393);
#10392 = CARTESIAN_POINT('',(-6.3,17.778531726799,67.708178182427));
#10393 = VECTOR('',#10394,1.);
#10394 = DIRECTION('',(0.,-0.707106781187,-0.707106781187));
#10395 = PCURVE('',#9792,#10396);
#10396 = DEFINITIONAL_REPRESENTATION('',(#10397),#10401);
#10397 = LINE('',#10398,#10399);
#10398 = CARTESIAN_POINT('',(5.960075502877,-3.10862446895E-15));
#10399 = VECTOR('',#10400,1.);
#10400 = DIRECTION('',(0.,-1.));
#10401 = ( GEOMETRIC_REPRESENTATION_CONTEXT(2) 
PARAMETRIC_REPRESENTATION_CONTEXT() REPRESENTATION_CONTEXT('2D SPACE',''
  ) );
#10402 = PCURVE('',#10220,#10403);
#10403 = DEFINITIONAL_REPRESENTATION('',(#10404),#10408);
#10404 = LINE('',#10405,#10406);
#10405 = CARTESIAN_POINT('',(0.,0.));
#10406 = VECTOR('',#10407,1.);
#10407 = DIRECTION('',(-0.,-1.));
#10408 = ( GEOMETRIC_REPRESENTATION_CONTEXT(2) 
PARAMETRIC_REPRESENTATION_CONTEXT() REPRESENTATION_CONTEXT('2D SPACE',''
  ) );
#10409 = ORIENTED_EDGE('',*,*,#10410,.F.);
#10410 = EDGE_CURVE('',#9749,#10388,#10411,.T.);
#10411 = SURFACE_CURVE('',#10412,(#10416,#10423),.PCURVE_S1.);
#10412 = LINE('',#10413,#10414);
#10413 = CARTESIAN_POINT('',(-9.3,21.42013164991,64.066578259316));
#10414 = VECTOR('',#10415,1.);
#10415 = DIRECTION('',(0.503349328134,-0.61099895821,0.61099895821));
#10416 = PCURVE('',#9792,#10417);
#10417 = DEFINITIONAL_REPRESENTATION('',(#10418),#10422);
#10418 = LINE('',#10419,#10420);
#10419 = CARTESIAN_POINT('',(0.,0.));
#10420 = VECTOR('',#10421,1.);
#10421 = DIRECTION('',(1.,0.));
#10422 = ( GEOMETRIC_REPRESENTATION_CONTEXT(2) 
PARAMETRIC_REPRESENTATION_CONTEXT() REPRESENTATION_CONTEXT('2D SPACE',''
  ) );
#10423 = PCURVE('',#9764,#10424);
#10424 = DEFINITIONAL_REPRESENTATION('',(#10425),#10429);
#10425 = LINE('',#10426,#10427);
#10426 = CARTESIAN_POINT('',(2.954419025185,5.7));
#10427 = VECTOR('',#10428,1.);
#10428 = DIRECTION('',(-0.864083013296,0.503349328134));
#10429 = ( GEOMETRIC_REPRESENTATION_CONTEXT(2) 
PARAMETRIC_REPRESENTATION_CONTEXT() REPRESENTATION_CONTEXT('2D SPACE',''
  ) );
#10430 = FACE_BOUND('',#10431,.F.);
#10431 = EDGE_LOOP('',(#10432));
#10432 = ORIENTED_EDGE('',*,*,#10433,.F.);
#10433 = EDGE_CURVE('',#10434,#10434,#10436,.T.);
#10434 = VERTEX_POINT('',#10435);
#10435 = CARTESIAN_POINT('',(-7.639805825243,-6.121677477306,
    40.555277784864));
#10436 = SURFACE_CURVE('',#10437,(#10442,#10449),.PCURVE_S1.);
#10437 = ELLIPSE('',#10438,1.967403564057,1.7);
#10438 = AXIS2_PLACEMENT_3D('',#10439,#10440,#10441);
#10439 = CARTESIAN_POINT('',(-7.639805825243,-7.323759005324,
    39.353196256846));
#10440 = DIRECTION('',(-0.864083013296,-0.355921723229,0.355921723229));
#10441 = DIRECTION('',(-0.503349328134,0.61099895821,-0.61099895821));
#10442 = PCURVE('',#9792,#10443);
#10443 = DEFINITIONAL_REPRESENTATION('',(#10444),#10448);
#10444 = ELLIPSE('',#10445,1.967403564057,1.7);
#10445 = AXIS2_PLACEMENT_2D('',#10446,#10447);
#10446 = CARTESIAN_POINT('',(3.29829421033,-37.8));
#10447 = DIRECTION('',(-1.,-5.551115123126E-17));
#10448 = ( GEOMETRIC_REPRESENTATION_CONTEXT(2) 
PARAMETRIC_REPRESENTATION_CONTEXT() REPRESENTATION_CONTEXT('2D SPACE',''
  ) );
#10449 = PCURVE('',#10294,#10450);
#10450 = DEFINITIONAL_REPRESENTATION('',(#10451),#10482);
#10451 = B_SPLINE_CURVE_WITH_KNOTS('',8,(#10452,#10453,#10454,#10455,
    #10456,#10457,#10458,#10459,#10460,#10461,#10462,#10463,#10464,
    #10465,#10466,#10467,#10468,#10469,#10470,#10471,#10472,#10473,
    #10474,#10475,#10476,#10477,#10478,#10479,#10480,#10481),
  .UNSPECIFIED.,.F.,.F.,(9,7,7,7,9),(4.712388980385,6.28318530718,
    7.461282552276,9.22842841992,10.995574287564),.UNSPECIFIED.);
#10452 = CARTESIAN_POINT('',(-6.28318530718,-19.36019417475));
#10453 = CARTESIAN_POINT('',(-6.08683576633,-19.16575094013));
#10454 = CARTESIAN_POINT('',(-5.890486225481,-18.97130838226));
#10455 = CARTESIAN_POINT('',(-5.694136684632,-18.78828509565));
#10456 = CARTESIAN_POINT('',(-5.497787143782,-18.62811673931));
#10457 = CARTESIAN_POINT('',(-5.301437602933,-18.50079880638));
#10458 = CARTESIAN_POINT('',(-5.105088062083,-18.41353663548));
#10459 = CARTESIAN_POINT('',(-4.908738521234,-18.36990291262));
#10460 = CARTESIAN_POINT('',(-4.565126824748,-18.36990291262));
#10461 = CARTESIAN_POINT('',(-4.41786466911,-18.39444654071));
#10462 = CARTESIAN_POINT('',(-4.270602513473,-18.44353319227));
#10463 = CARTESIAN_POINT('',(-4.123340357836,-18.51602919636));
#10464 = CARTESIAN_POINT('',(-3.976078202199,-18.60966052432));
#10465 = CARTESIAN_POINT('',(-3.828816046563,-18.7211554176));
#10466 = CARTESIAN_POINT('',(-3.681553890926,-18.84649452199));
#10467 = CARTESIAN_POINT('',(-3.313398501833,-19.18332350581));
#10468 = CARTESIAN_POINT('',(-3.092505268378,-19.4065527406));
#10469 = CARTESIAN_POINT('',(-2.871612034921,-19.63589425933));
#10470 = CARTESIAN_POINT('',(-2.650718801466,-19.85410368616));
#10471 = CARTESIAN_POINT('',(-2.429825568011,-20.04412304162));
#10472 = CARTESIAN_POINT('',(-2.208932334555,-20.191942534));
#10473 = CARTESIAN_POINT('',(-1.9880391011,-20.28878152555));
#10474 = CARTESIAN_POINT('',(-1.546252634189,-20.37413301038));
#10475 = CARTESIAN_POINT('',(-1.325359400726,-20.3626467767));
#10476 = CARTESIAN_POINT('',(-1.104466167296,-20.29382644822));
#10477 = CARTESIAN_POINT('',(-0.883572933791,-20.17013303462));
#10478 = CARTESIAN_POINT('',(-0.66267970038,-20.00017483244));
#10479 = CARTESIAN_POINT('',(-0.441786466909,-19.79769157372));
#10480 = CARTESIAN_POINT('',(-0.220893233456,-19.57894281371));
#10481 = CARTESIAN_POINT('',(-4.440892098501E-15,-19.36019417475));
#10482 = ( GEOMETRIC_REPRESENTATION_CONTEXT(2) 
PARAMETRIC_REPRESENTATION_CONTEXT() REPRESENTATION_CONTEXT('2D SPACE',''
  ) );
#10483 = ADVANCED_FACE('',(#10484),#9764,.F.);
#10484 = FACE_BOUND('',#10485,.F.);
#10485 = EDGE_LOOP('',(#10486,#10487,#10488,#10509));
#10486 = ORIENTED_EDGE('',*,*,#9748,.T.);
#10487 = ORIENTED_EDGE('',*,*,#10410,.T.);
#10488 = ORIENTED_EDGE('',*,*,#10489,.T.);
#10489 = EDGE_CURVE('',#10388,#10203,#10490,.T.);
#10490 = SURFACE_CURVE('',#10491,(#10495,#10502),.PCURVE_S1.);
#10491 = LINE('',#10492,#10493);
#10492 = CARTESIAN_POINT('',(-6.3,17.778531726799,67.708178182427));
#10493 = VECTOR('',#10494,1.);
#10494 = DIRECTION('',(-1.,0.,0.));
#10495 = PCURVE('',#9764,#10496);
#10496 = DEFINITIONAL_REPRESENTATION('',(#10497),#10501);
#10497 = LINE('',#10498,#10499);
#10498 = CARTESIAN_POINT('',(-2.195580974815,8.7));
#10499 = VECTOR('',#10500,1.);
#10500 = DIRECTION('',(0.,-1.));
#10501 = ( GEOMETRIC_REPRESENTATION_CONTEXT(2) 
PARAMETRIC_REPRESENTATION_CONTEXT() REPRESENTATION_CONTEXT('2D SPACE',''
  ) );
#10502 = PCURVE('',#10220,#10503);
#10503 = DEFINITIONAL_REPRESENTATION('',(#10504),#10508);
#10504 = LINE('',#10505,#10506);
#10505 = CARTESIAN_POINT('',(0.,0.));
#10506 = VECTOR('',#10507,1.);
#10507 = DIRECTION('',(1.,0.));
#10508 = ( GEOMETRIC_REPRESENTATION_CONTEXT(2) 
PARAMETRIC_REPRESENTATION_CONTEXT() REPRESENTATION_CONTEXT('2D SPACE',''
  ) );
#10509 = ORIENTED_EDGE('',*,*,#10254,.T.);
#10510 = ADVANCED_FACE('',(#10511),#9923,.F.);
#10511 = FACE_BOUND('',#10512,.F.);
#10512 = EDGE_LOOP('',(#10513,#10514,#10515,#10538,#10561,#10584,#10607,
    #10630));
#10513 = ORIENTED_EDGE('',*,*,#9909,.F.);
#10514 = ORIENTED_EDGE('',*,*,#10157,.F.);
#10515 = ORIENTED_EDGE('',*,*,#10516,.T.);
#10516 = EDGE_CURVE('',#10158,#10517,#10519,.T.);
#10517 = VERTEX_POINT('',#10518);
#10518 = CARTESIAN_POINT('',(-4.,37.860364312497,76.334880912903));
#10519 = SURFACE_CURVE('',#10520,(#10524,#10531),.PCURVE_S1.);
#10520 = LINE('',#10521,#10522);
#10521 = CARTESIAN_POINT('',(-4.,-18.77888886054,19.69562773986));
#10522 = VECTOR('',#10523,1.);
#10523 = DIRECTION('',(0.,0.707106781187,0.707106781187));
#10524 = PCURVE('',#9923,#10525);
#10525 = DEFINITIONAL_REPRESENTATION('',(#10526),#10530);
#10526 = LINE('',#10527,#10528);
#10527 = CARTESIAN_POINT('',(0.,0.));
#10528 = VECTOR('',#10529,1.);
#10529 = DIRECTION('',(0.,-1.));
#10530 = ( GEOMETRIC_REPRESENTATION_CONTEXT(2) 
PARAMETRIC_REPRESENTATION_CONTEXT() REPRESENTATION_CONTEXT('2D SPACE',''
  ) );
#10531 = PCURVE('',#9979,#10532);
#10532 = DEFINITIONAL_REPRESENTATION('',(#10533),#10537);
#10533 = LINE('',#10534,#10535);
#10534 = CARTESIAN_POINT('',(0.,0.));
#10535 = VECTOR('',#10536,1.);
#10536 = DIRECTION('',(0.,1.));
#10537 = ( GEOMETRIC_REPRESENTATION_CONTEXT(2) 
PARAMETRIC_REPRESENTATION_CONTEXT() REPRESENTATION_CONTEXT('2D SPACE',''
  ) );
#10538 = ORIENTED_EDGE('',*,*,#10539,.T.);
#10539 = EDGE_CURVE('',#10517,#10540,#10542,.T.);
#10540 = VERTEX_POINT('',#10541);
#10541 = CARTESIAN_POINT('',(-4.,36.163308037649,78.031937187751));
#10542 = SURFACE_CURVE('',#10543,(#10547,#10554),.PCURVE_S1.);
#10543 = LINE('',#10544,#10545);
#10544 = CARTESIAN_POINT('',(-4.,37.860364312497,76.334880912903));
#10545 = VECTOR('',#10546,1.);
#10546 = DIRECTION('',(0.,-0.707106781187,0.707106781187));
#10547 = PCURVE('',#9923,#10548);
#10548 = DEFINITIONAL_REPRESENTATION('',(#10549),#10553);
#10549 = LINE('',#10550,#10551);
#10550 = CARTESIAN_POINT('',(7.105427357601E-15,-80.1));
#10551 = VECTOR('',#10552,1.);
#10552 = DIRECTION('',(1.,0.));
#10553 = ( GEOMETRIC_REPRESENTATION_CONTEXT(2) 
PARAMETRIC_REPRESENTATION_CONTEXT() REPRESENTATION_CONTEXT('2D SPACE',''
  ) );
#10554 = PCURVE('',#10007,#10555);
#10555 = DEFINITIONAL_REPRESENTATION('',(#10556),#10560);
#10556 = LINE('',#10557,#10558);
#10557 = CARTESIAN_POINT('',(0.,0.));
#10558 = VECTOR('',#10559,1.);
#10559 = DIRECTION('',(1.,0.));
#10560 = ( GEOMETRIC_REPRESENTATION_CONTEXT(2) 
PARAMETRIC_REPRESENTATION_CONTEXT() REPRESENTATION_CONTEXT('2D SPACE',''
  ) );
#10561 = ORIENTED_EDGE('',*,*,#10562,.F.);
#10562 = EDGE_CURVE('',#10563,#10540,#10565,.T.);
#10563 = VERTEX_POINT('',#10564);
#10564 = CARTESIAN_POINT('',(-4.,32.274220741123,74.142849891225));
#10565 = SURFACE_CURVE('',#10566,(#10570,#10577),.PCURVE_S1.);
#10566 = LINE('',#10567,#10568);
#10567 = CARTESIAN_POINT('',(-4.,-20.47594513539,21.392684014708));
#10568 = VECTOR('',#10569,1.);
#10569 = DIRECTION('',(0.,0.707106781187,0.707106781187));
#10570 = PCURVE('',#9923,#10571);
#10571 = DEFINITIONAL_REPRESENTATION('',(#10572),#10576);
#10572 = LINE('',#10573,#10574);
#10573 = CARTESIAN_POINT('',(2.4,2.22044604925E-16));
#10574 = VECTOR('',#10575,1.);
#10575 = DIRECTION('',(0.,-1.));
#10576 = ( GEOMETRIC_REPRESENTATION_CONTEXT(2) 
PARAMETRIC_REPRESENTATION_CONTEXT() REPRESENTATION_CONTEXT('2D SPACE',''
  ) );
#10577 = PCURVE('',#10035,#10578);
#10578 = DEFINITIONAL_REPRESENTATION('',(#10579),#10583);
#10579 = LINE('',#10580,#10581);
#10580 = CARTESIAN_POINT('',(2.,0.));
#10581 = VECTOR('',#10582,1.);
#10582 = DIRECTION('',(0.,1.));
#10583 = ( GEOMETRIC_REPRESENTATION_CONTEXT(2) 
PARAMETRIC_REPRESENTATION_CONTEXT() REPRESENTATION_CONTEXT('2D SPACE',''
  ) );
#10584 = ORIENTED_EDGE('',*,*,#10585,.F.);
#10585 = EDGE_CURVE('',#10586,#10563,#10588,.T.);
#10586 = VERTEX_POINT('',#10587);
#10587 = CARTESIAN_POINT('',(-4.,27.536605307173,74.779245994292));
#10588 = SURFACE_CURVE('',#10589,(#10593,#10600),.PCURVE_S1.);
#10589 = LINE('',#10590,#10591);
#10590 = CARTESIAN_POINT('',(-4.,27.536605307173,74.779245994292));
#10591 = VECTOR('',#10592,1.);
#10592 = DIRECTION('',(0.,0.991098234869,-0.133132598714));
#10593 = PCURVE('',#9923,#10594);
#10594 = DEFINITIONAL_REPRESENTATION('',(#10595),#10599);
#10595 = LINE('',#10596,#10597);
#10596 = CARTESIAN_POINT('',(6.2,-71.7));
#10597 = VECTOR('',#10598,1.);
#10598 = DIRECTION('',(-0.794951246045,-0.60667331935));
#10599 = ( GEOMETRIC_REPRESENTATION_CONTEXT(2) 
PARAMETRIC_REPRESENTATION_CONTEXT() REPRESENTATION_CONTEXT('2D SPACE',''
  ) );
#10600 = PCURVE('',#10063,#10601);
#10601 = DEFINITIONAL_REPRESENTATION('',(#10602),#10606);
#10602 = LINE('',#10603,#10604);
#10603 = CARTESIAN_POINT('',(0.,0.));
#10604 = VECTOR('',#10605,1.);
#10605 = DIRECTION('',(1.,0.));
#10606 = ( GEOMETRIC_REPRESENTATION_CONTEXT(2) 
PARAMETRIC_REPRESENTATION_CONTEXT() REPRESENTATION_CONTEXT('2D SPACE',''
  ) );
#10607 = ORIENTED_EDGE('',*,*,#10608,.F.);
#10608 = EDGE_CURVE('',#10609,#10586,#10611,.T.);
#10609 = VERTEX_POINT('',#10610);
#10610 = CARTESIAN_POINT('',(-4.,27.041630560343,74.284271247462));
#10611 = SURFACE_CURVE('',#10612,(#10616,#10623),.PCURVE_S1.);
#10612 = LINE('',#10613,#10614);
#10613 = CARTESIAN_POINT('',(-4.,27.041630560343,74.284271247462));
#10614 = VECTOR('',#10615,1.);
#10615 = DIRECTION('',(0.,0.707106781187,0.707106781187));
#10616 = PCURVE('',#9923,#10617);
#10617 = DEFINITIONAL_REPRESENTATION('',(#10618),#10622);
#10618 = LINE('',#10619,#10620);
#10619 = CARTESIAN_POINT('',(6.2,-71.));
#10620 = VECTOR('',#10621,1.);
#10621 = DIRECTION('',(0.,-1.));
#10622 = ( GEOMETRIC_REPRESENTATION_CONTEXT(2) 
PARAMETRIC_REPRESENTATION_CONTEXT() REPRESENTATION_CONTEXT('2D SPACE',''
  ) );
#10623 = PCURVE('',#10091,#10624);
#10624 = DEFINITIONAL_REPRESENTATION('',(#10625),#10629);
#10625 = LINE('',#10626,#10627);
#10626 = CARTESIAN_POINT('',(0.,0.));
#10627 = VECTOR('',#10628,1.);
#10628 = DIRECTION('',(1.,0.));
#10629 = ( GEOMETRIC_REPRESENTATION_CONTEXT(2) 
PARAMETRIC_REPRESENTATION_CONTEXT() REPRESENTATION_CONTEXT('2D SPACE',''
  ) );
#10630 = ORIENTED_EDGE('',*,*,#10631,.F.);
#10631 = EDGE_CURVE('',#9882,#10609,#10632,.T.);
#10632 = SURFACE_CURVE('',#10633,(#10637,#10644),.PCURVE_S1.);
#10633 = LINE('',#10634,#10635);
#10634 = CARTESIAN_POINT('',(-4.,29.728636328851,71.597265478953));
#10635 = VECTOR('',#10636,1.);
#10636 = DIRECTION('',(0.,-0.707106781187,0.707106781187));
#10637 = PCURVE('',#9923,#10638);
#10638 = DEFINITIONAL_REPRESENTATION('',(#10639),#10643);
#10639 = LINE('',#10640,#10641);
#10640 = CARTESIAN_POINT('',(2.4,-71.));
#10641 = VECTOR('',#10642,1.);
#10642 = DIRECTION('',(1.,0.));
#10643 = ( GEOMETRIC_REPRESENTATION_CONTEXT(2) 
PARAMETRIC_REPRESENTATION_CONTEXT() REPRESENTATION_CONTEXT('2D SPACE',''
  ) );
#10644 = PCURVE('',#9897,#10645);
#10645 = DEFINITIONAL_REPRESENTATION('',(#10646),#10650);
#10646 = LINE('',#10647,#10648);
#10647 = CARTESIAN_POINT('',(0.,0.));
#10648 = VECTOR('',#10649,1.);
#10649 = DIRECTION('',(1.,0.));
#10650 = ( GEOMETRIC_REPRESENTATION_CONTEXT(2) 
PARAMETRIC_REPRESENTATION_CONTEXT() REPRESENTATION_CONTEXT('2D SPACE',''
  ) );
#10651 = ADVANCED_FACE('',(#10652),#9897,.T.);
#10652 = FACE_BOUND('',#10653,.T.);
#10653 = EDGE_LOOP('',(#10654,#10655,#10656,#10677));
#10654 = ORIENTED_EDGE('',*,*,#9881,.T.);
#10655 = ORIENTED_EDGE('',*,*,#10103,.T.);
#10656 = ORIENTED_EDGE('',*,*,#10657,.F.);
#10657 = EDGE_CURVE('',#10609,#10076,#10658,.T.);
#10658 = SURFACE_CURVE('',#10659,(#10663,#10670),.PCURVE_S1.);
#10659 = LINE('',#10660,#10661);
#10660 = CARTESIAN_POINT('',(-4.,27.041630560343,74.284271247462));
#10661 = VECTOR('',#10662,1.);
#10662 = DIRECTION('',(1.,0.,0.));
#10663 = PCURVE('',#9897,#10664);
#10664 = DEFINITIONAL_REPRESENTATION('',(#10665),#10669);
#10665 = LINE('',#10666,#10667);
#10666 = CARTESIAN_POINT('',(3.8,0.));
#10667 = VECTOR('',#10668,1.);
#10668 = DIRECTION('',(0.,-1.));
#10669 = ( GEOMETRIC_REPRESENTATION_CONTEXT(2) 
PARAMETRIC_REPRESENTATION_CONTEXT() REPRESENTATION_CONTEXT('2D SPACE',''
  ) );
#10670 = PCURVE('',#10091,#10671);
#10671 = DEFINITIONAL_REPRESENTATION('',(#10672),#10676);
#10672 = LINE('',#10673,#10674);
#10673 = CARTESIAN_POINT('',(0.,0.));
#10674 = VECTOR('',#10675,1.);
#10675 = DIRECTION('',(0.,-1.));
#10676 = ( GEOMETRIC_REPRESENTATION_CONTEXT(2) 
PARAMETRIC_REPRESENTATION_CONTEXT() REPRESENTATION_CONTEXT('2D SPACE',''
  ) );
#10677 = ORIENTED_EDGE('',*,*,#10631,.F.);
#10678 = ADVANCED_FACE('',(#10679),#9979,.F.);
#10679 = FACE_BOUND('',#10680,.F.);
#10680 = EDGE_LOOP('',(#10681,#10682,#10683,#10684));
#10681 = ORIENTED_EDGE('',*,*,#10516,.F.);
#10682 = ORIENTED_EDGE('',*,*,#10179,.F.);
#10683 = ORIENTED_EDGE('',*,*,#9963,.T.);
#10684 = ORIENTED_EDGE('',*,*,#10685,.F.);
#10685 = EDGE_CURVE('',#10517,#9964,#10686,.T.);
#10686 = SURFACE_CURVE('',#10687,(#10691,#10698),.PCURVE_S1.);
#10687 = LINE('',#10688,#10689);
#10688 = CARTESIAN_POINT('',(-4.,37.860364312497,76.334880912903));
#10689 = VECTOR('',#10690,1.);
#10690 = DIRECTION('',(1.,0.,0.));
#10691 = PCURVE('',#9979,#10692);
#10692 = DEFINITIONAL_REPRESENTATION('',(#10693),#10697);
#10693 = LINE('',#10694,#10695);
#10694 = CARTESIAN_POINT('',(0.,80.1));
#10695 = VECTOR('',#10696,1.);
#10696 = DIRECTION('',(1.,0.));
#10697 = ( GEOMETRIC_REPRESENTATION_CONTEXT(2) 
PARAMETRIC_REPRESENTATION_CONTEXT() REPRESENTATION_CONTEXT('2D SPACE',''
  ) );
#10698 = PCURVE('',#10007,#10699);
#10699 = DEFINITIONAL_REPRESENTATION('',(#10700),#10704);
#10700 = LINE('',#10701,#10702);
#10701 = CARTESIAN_POINT('',(0.,0.));
#10702 = VECTOR('',#10703,1.);
#10703 = DIRECTION('',(0.,1.));
#10704 = ( GEOMETRIC_REPRESENTATION_CONTEXT(2) 
PARAMETRIC_REPRESENTATION_CONTEXT() REPRESENTATION_CONTEXT('2D SPACE',''
  ) );
#10705 = ADVANCED_FACE('',(#10706),#10007,.T.);
#10706 = FACE_BOUND('',#10707,.T.);
#10707 = EDGE_LOOP('',(#10708,#10709,#10710,#10731));
#10708 = ORIENTED_EDGE('',*,*,#10685,.F.);
#10709 = ORIENTED_EDGE('',*,*,#10539,.T.);
#10710 = ORIENTED_EDGE('',*,*,#10711,.T.);
#10711 = EDGE_CURVE('',#10540,#9992,#10712,.T.);
#10712 = SURFACE_CURVE('',#10713,(#10717,#10724),.PCURVE_S1.);
#10713 = LINE('',#10714,#10715);
#10714 = CARTESIAN_POINT('',(-4.,36.163308037649,78.031937187751));
#10715 = VECTOR('',#10716,1.);
#10716 = DIRECTION('',(1.,0.,0.));
#10717 = PCURVE('',#10007,#10718);
#10718 = DEFINITIONAL_REPRESENTATION('',(#10719),#10723);
#10719 = LINE('',#10720,#10721);
#10720 = CARTESIAN_POINT('',(2.4,0.));
#10721 = VECTOR('',#10722,1.);
#10722 = DIRECTION('',(0.,1.));
#10723 = ( GEOMETRIC_REPRESENTATION_CONTEXT(2) 
PARAMETRIC_REPRESENTATION_CONTEXT() REPRESENTATION_CONTEXT('2D SPACE',''
  ) );
#10724 = PCURVE('',#10035,#10725);
#10725 = DEFINITIONAL_REPRESENTATION('',(#10726),#10730);
#10726 = LINE('',#10727,#10728);
#10727 = CARTESIAN_POINT('',(2.,80.1));
#10728 = VECTOR('',#10729,1.);
#10729 = DIRECTION('',(1.,0.));
#10730 = ( GEOMETRIC_REPRESENTATION_CONTEXT(2) 
PARAMETRIC_REPRESENTATION_CONTEXT() REPRESENTATION_CONTEXT('2D SPACE',''
  ) );
#10731 = ORIENTED_EDGE('',*,*,#9991,.F.);
#10732 = ADVANCED_FACE('',(#10733),#10035,.T.);
#10733 = FACE_BOUND('',#10734,.T.);
#10734 = EDGE_LOOP('',(#10735,#10736,#10757,#10758));
#10735 = ORIENTED_EDGE('',*,*,#10562,.F.);
#10736 = ORIENTED_EDGE('',*,*,#10737,.T.);
#10737 = EDGE_CURVE('',#10563,#10020,#10738,.T.);
#10738 = SURFACE_CURVE('',#10739,(#10743,#10750),.PCURVE_S1.);
#10739 = LINE('',#10740,#10741);
#10740 = CARTESIAN_POINT('',(-4.,32.274220741123,74.142849891225));
#10741 = VECTOR('',#10742,1.);
#10742 = DIRECTION('',(1.,0.,0.));
#10743 = PCURVE('',#10035,#10744);
#10744 = DEFINITIONAL_REPRESENTATION('',(#10745),#10749);
#10745 = LINE('',#10746,#10747);
#10746 = CARTESIAN_POINT('',(2.,74.6));
#10747 = VECTOR('',#10748,1.);
#10748 = DIRECTION('',(1.,0.));
#10749 = ( GEOMETRIC_REPRESENTATION_CONTEXT(2) 
PARAMETRIC_REPRESENTATION_CONTEXT() REPRESENTATION_CONTEXT('2D SPACE',''
  ) );
#10750 = PCURVE('',#10063,#10751);
#10751 = DEFINITIONAL_REPRESENTATION('',(#10752),#10756);
#10752 = LINE('',#10753,#10754);
#10753 = CARTESIAN_POINT('',(4.780167361087,0.));
#10754 = VECTOR('',#10755,1.);
#10755 = DIRECTION('',(0.,-1.));
#10756 = ( GEOMETRIC_REPRESENTATION_CONTEXT(2) 
PARAMETRIC_REPRESENTATION_CONTEXT() REPRESENTATION_CONTEXT('2D SPACE',''
  ) );
#10757 = ORIENTED_EDGE('',*,*,#10019,.T.);
#10758 = ORIENTED_EDGE('',*,*,#10711,.F.);
#10759 = ADVANCED_FACE('',(#10760),#10063,.T.);
#10760 = FACE_BOUND('',#10761,.T.);
#10761 = EDGE_LOOP('',(#10762,#10783,#10784,#10785));
#10762 = ORIENTED_EDGE('',*,*,#10763,.T.);
#10763 = EDGE_CURVE('',#10586,#10048,#10764,.T.);
#10764 = SURFACE_CURVE('',#10765,(#10769,#10776),.PCURVE_S1.);
#10765 = LINE('',#10766,#10767);
#10766 = CARTESIAN_POINT('',(-4.,27.536605307173,74.779245994292));
#10767 = VECTOR('',#10768,1.);
#10768 = DIRECTION('',(1.,0.,0.));
#10769 = PCURVE('',#10063,#10770);
#10770 = DEFINITIONAL_REPRESENTATION('',(#10771),#10775);
#10771 = LINE('',#10772,#10773);
#10772 = CARTESIAN_POINT('',(0.,0.));
#10773 = VECTOR('',#10774,1.);
#10774 = DIRECTION('',(0.,-1.));
#10775 = ( GEOMETRIC_REPRESENTATION_CONTEXT(2) 
PARAMETRIC_REPRESENTATION_CONTEXT() REPRESENTATION_CONTEXT('2D SPACE',''
  ) );
#10776 = PCURVE('',#10091,#10777);
#10777 = DEFINITIONAL_REPRESENTATION('',(#10778),#10782);
#10778 = LINE('',#10779,#10780);
#10779 = CARTESIAN_POINT('',(0.7,0.));
#10780 = VECTOR('',#10781,1.);
#10781 = DIRECTION('',(0.,-1.));
#10782 = ( GEOMETRIC_REPRESENTATION_CONTEXT(2) 
PARAMETRIC_REPRESENTATION_CONTEXT() REPRESENTATION_CONTEXT('2D SPACE',''
  ) );
#10783 = ORIENTED_EDGE('',*,*,#10047,.T.);
#10784 = ORIENTED_EDGE('',*,*,#10737,.F.);
#10785 = ORIENTED_EDGE('',*,*,#10585,.F.);
#10786 = ADVANCED_FACE('',(#10787),#10091,.T.);
#10787 = FACE_BOUND('',#10788,.T.);
#10788 = EDGE_LOOP('',(#10789,#10790,#10791,#10792));
#10789 = ORIENTED_EDGE('',*,*,#10657,.T.);
#10790 = ORIENTED_EDGE('',*,*,#10075,.T.);
#10791 = ORIENTED_EDGE('',*,*,#10763,.F.);
#10792 = ORIENTED_EDGE('',*,*,#10608,.F.);
#10793 = ADVANCED_FACE('',(#10794),#10220,.F.);
#10794 = FACE_BOUND('',#10795,.F.);
#10795 = EDGE_LOOP('',(#10796,#10797,#10798,#10799));
#10796 = ORIENTED_EDGE('',*,*,#10387,.T.);
#10797 = ORIENTED_EDGE('',*,*,#10360,.T.);
#10798 = ORIENTED_EDGE('',*,*,#10202,.F.);
#10799 = ORIENTED_EDGE('',*,*,#10489,.F.);
#10800 = ADVANCED_FACE('',(#10801),#10294,.F.);
#10801 = FACE_BOUND('',#10802,.T.);
#10802 = EDGE_LOOP('',(#10803,#10804,#10825,#10826));
#10803 = ORIENTED_EDGE('',*,*,#10277,.F.);
#10804 = ORIENTED_EDGE('',*,*,#10805,.T.);
#10805 = EDGE_CURVE('',#10278,#10434,#10806,.T.);
#10806 = SEAM_CURVE('',#10807,(#10811,#10818),.PCURVE_S1.);
#10807 = LINE('',#10808,#10809);
#10808 = CARTESIAN_POINT('',(-27.,-6.121677477306,40.555277784864));
#10809 = VECTOR('',#10810,1.);
#10810 = DIRECTION('',(1.,0.,0.));
#10811 = PCURVE('',#10294,#10812);
#10812 = DEFINITIONAL_REPRESENTATION('',(#10813),#10817);
#10813 = LINE('',#10814,#10815);
#10814 = CARTESIAN_POINT('',(-6.28318530718,0.));
#10815 = VECTOR('',#10816,1.);
#10816 = DIRECTION('',(-0.,-1.));
#10817 = ( GEOMETRIC_REPRESENTATION_CONTEXT(2) 
PARAMETRIC_REPRESENTATION_CONTEXT() REPRESENTATION_CONTEXT('2D SPACE',''
  ) );
#10818 = PCURVE('',#10294,#10819);
#10819 = DEFINITIONAL_REPRESENTATION('',(#10820),#10824);
#10820 = LINE('',#10821,#10822);
#10821 = CARTESIAN_POINT('',(-0.,0.));
#10822 = VECTOR('',#10823,1.);
#10823 = DIRECTION('',(-0.,-1.));
#10824 = ( GEOMETRIC_REPRESENTATION_CONTEXT(2) 
PARAMETRIC_REPRESENTATION_CONTEXT() REPRESENTATION_CONTEXT('2D SPACE',''
  ) );
#10825 = ORIENTED_EDGE('',*,*,#10433,.F.);
#10826 = ORIENTED_EDGE('',*,*,#10805,.F.);
#10827 = ( GEOMETRIC_REPRESENTATION_CONTEXT(3) 
GLOBAL_UNCERTAINTY_ASSIGNED_CONTEXT((#10831)) 
GLOBAL_UNIT_ASSIGNED_CONTEXT((#10828,#10829,#10830)) 
REPRESENTATION_CONTEXT('Context #1',
  '3D Context with UNIT and UNCERTAINTY') );
#10828 = ( LENGTH_UNIT() NAMED_UNIT(*) SI_UNIT(.MILLI.,.METRE.) );
#10829 = ( NAMED_UNIT(*) PLANE_ANGLE_UNIT() SI_UNIT($,.RADIAN.) );
#10830 = ( NAMED_UNIT(*) SI_UNIT($,.STERADIAN.) SOLID_ANGLE_UNIT() );
#10831 = UNCERTAINTY_MEASURE_WITH_UNIT(LENGTH_MEASURE(1.E-06),#10828,
  'distance_accuracy_value','confusion accuracy');
#10832 = CONTEXT_DEPENDENT_SHAPE_REPRESENTATION(#10833,#10835);
#10833 = ( REPRESENTATION_RELATIONSHIP('','',#7466,#10) 
REPRESENTATION_RELATIONSHIP_WITH_TRANSFORMATION(#10834) 
SHAPE_REPRESENTATION_RELATIONSHIP() );
#10834 = ITEM_DEFINED_TRANSFORMATION('','',#11,#23);
#10835 = PRODUCT_DEFINITION_SHAPE('Placement','Placement of an item',
  #10836);
#10836 = NEXT_ASSEMBLY_USAGE_OCCURRENCE('3','base','',#5,#7461,$);
#10837 = PRODUCT_RELATED_PRODUCT_CATEGORY('part',$,(#7463));
#10838 = MECHANICAL_DESIGN_GEOMETRIC_PRESENTATION_REPRESENTATION('',(
    #10839),#4517);
#10839 = STYLED_ITEM('color',(#10840),#41);
#10840 = PRESENTATION_STYLE_ASSIGNMENT((#10841));
#10841 = SURFACE_STYLE_USAGE(.BOTH.,#10842);
#10842 = SURFACE_SIDE_STYLE('',(#10843));
#10843 = SURFACE_STYLE_FILL_AREA(#10844);
#10844 = FILL_AREA_STYLE('',(#10845));
#10845 = FILL_AREA_STYLE_COLOUR('',#10846);
#10846 = COLOUR_RGB('',0.369999997777,0.389999993588,0.430000007837);
#10847 = MECHANICAL_DESIGN_GEOMETRIC_PRESENTATION_REPRESENTATION('',(
    #10848),#7448);
#10848 = STYLED_ITEM('color',(#10849),#4536);
#10849 = PRESENTATION_STYLE_ASSIGNMENT((#10850));
#10850 = SURFACE_STYLE_USAGE(.BOTH.,#10851);
#10851 = SURFACE_SIDE_STYLE('',(#10852));
#10852 = SURFACE_STYLE_FILL_AREA(#10853);
#10853 = FILL_AREA_STYLE('',(#10854));
#10854 = FILL_AREA_STYLE_COLOUR('',#10855);
#10855 = COLOUR_RGB('',0.920000012397,0.47000000295,0.120000001395);
#10856 = MECHANICAL_DESIGN_GEOMETRIC_PRESENTATION_REPRESENTATION('',(
    #10857),#10827);
#10857 = STYLED_ITEM('color',(#10858),#7467);
#10858 = PRESENTATION_STYLE_ASSIGNMENT((#10859));
#10859 = SURFACE_STYLE_USAGE(.BOTH.,#10860);
#10860 = SURFACE_SIDE_STYLE('',(#10861));
#10861 = SURFACE_STYLE_FILL_AREA(#10862);
#10862 = FILL_AREA_STYLE('',(#10863));
#10863 = FILL_AREA_STYLE_COLOUR('',#10864);
#10864 = COLOUR_RGB('',0.599999994755,0.620000000292,0.659999992303);
ENDSEC;
END-ISO-10303-21;
